problem,run,condition_mode,target_FE,actual_FE,gen,bmem_count,boundary_count,bmem_ref_coverage,finite_gap_count,inf_gap_count,median_gap,max_gap,train_count,query_count,condition_dim,train_param_ratio,gan_sample_reuse,train_pair_dec_dist50,train_pair_dec_dist90,train_tau_iqr,missing_ref_query_count,large_gap_query_count,raw_generated_count,feasible_generated_count,generated_per_train,boundary_dist50,boundary_dist90,query_width90,segment_width90,segment_width90_ratio,side_rate,pair_margin50,ref_cover,query_obj_dist50,query_obj_dist90,missing_ref_query_obj_dist90,large_gap_query_obj_dist90,feasible_rate,boundary_sample_current_count,boundary_sample_prev_pair_count,boundary_sample_merged_count,boundary_sample_finite_count,boundary_feasible_count,boundary_infeasible_count,boundary_main_feasible_count,boundary_ref_with_main_feasible_count,boundary_ref_with_neighbor_infeasible_count,boundary_ref_pairable_count,boundary_pair_distance_count,boundary_pair_dominated_skip_count,boundary_pair_appended_count,boundary_candidate_raw_count,boundary_candidate_finite_count,boundary_candidate_pareto_count,boundary_candidate_gap_count,boundary_candidate_dedup_count,boundary_candidate_final_count,dataset_bmem_input_count,dataset_valid_train_count,dataset_invalid_train_count,dataset_query_count,variant
DASCMOP1_BC,1,ref_y_tau,10000,10002,45,30,1,0.1,30,0,0.00161656149452902,0.00349785514998604,30,20,5,0.00154966682163335,100,0.858176538783199,1.27736876566998,0,0,20,20,6,0.666666666666667,0.0506100410803174,0.0576575312583013,0,0.0617904078034679,NaN,0.65,0.0688393059679842,0.6,0.0550573507927269,0.0618682082506728,NaN,0.0618682082506728,0.3,400,33,466,466,160,306,62,14,100,14,5718,0,42,42,42,42,30,30,30,30,30,0,20,B_ref_y_tau
DASCMOP1_BC,1,ref_y_tau,30000,30217,137,57,1,0.19,57,0,0.00768203701758388,0.0144524880525523,57,20,5,0.00294436696110336,56.140350877193,0.474304408335693,0.767080210134265,0,20,0,20,1,0.350877192982456,0.129909287904547,0.196052734997514,0,0.196052734997514,NaN,0.3,-0.0324980633328248,0.105263157894737,0.132575323962809,0.19875608876825,0.19875608876825,NaN,0.05,400,66,532,532,191,341,92,20,100,20,4102,0,60,60,60,60,57,57,57,57,57,0,20,B_ref_y_tau
DASCMOP1_BC,1,ref_y_tau,50000,50017,227,81,1,0.27,81,0,0.00185119142482641,0.00517405015392744,81,20,5,0.00418410041841004,39.5061728395062,0.449433572472564,0.717316379475851,0,20,0,20,0,0.246913580246914,0.0034624204150668,0.0112544742934634,0,0.0112544742934634,NaN,1,0.0314330659236154,0,0.00825469234105824,0.0115987738454412,0.0115987738454412,NaN,0,400,87,574,574,216,358,188,29,100,29,9644,0,87,87,87,87,81,81,81,81,81,0,20,B_ref_y_tau
DASCMOP1_BC,1,ref_y_tau,70000,70037,318,87,1,0.29,87,0,0.00194252603431514,0.00711985653612371,87,20,5,0.00449403378273671,36.7816091954023,0.39615557458678,0.735586163292142,0,20,0,20,0,0.229885057471264,0.0114954677320504,0.018601426127786,0,0.018601426127786,NaN,0.6,0.00608451343488287,0,0.0170728238205714,0.0232406609626399,0.0232406609626399,NaN,0,400,84,568,568,226,342,184,29,100,29,9261,0,87,87,87,87,87,87,87,87,87,0,20,B_ref_y_tau
DASCMOP1_BC,1,ref_y_tau,100000,100177,455,87,1,0.29,87,0,0.00108307172430136,0.00497543867237414,87,20,5,0.00449403378273671,36.7816091954023,0.504782867757291,0.747816245279309,0,20,0,20,9,0.229885057471264,0.0269820948190856,0.042321321752404,0,0.042321321752404,NaN,0.4,-0.0418525681011039,0.0689655172413793,0.031058781349952,0.0462501320013564,0.0462501320013564,NaN,0.45,400,78,556,556,216,340,178,31,100,31,8531,0,93,93,93,93,87,87,87,87,87,0,20,B_ref_y_tau
DASCMOP2_BC,1,ref_y_tau,10000,10208,46,36,1,0.12,36,0,0.00359292363990622,0.00816848982929371,36,20,5,0.00185960018596002,88.8888888888889,0.599951435427141,0.917101803467803,0,1,19,20,0,0.555555555555556,0.182799900559725,0.190648258121372,0,0.195176202542262,NaN,0.55,0.00682743960960019,0,0.186007448628319,0.195176202542262,0.172959660010206,0.195280388410153,0,400,33,466,466,179,287,64,15,100,15,4835,0,45,45,45,45,36,36,36,36,36,0,20,B_ref_y_tau
DASCMOP2_BC,1,ref_y_tau,30000,30008,136,87,1,0.29,87,0,0.00658594246924834,0.0218641431623798,87,20,5,0.00449403378273671,36.7816091954023,0.634090182290256,1.03290944454699,0,16,4,20,15,0.229885057471264,0.0161861829251575,0.0425263630469169,0,0.0425441296605667,NaN,0.55,0.0107914684877895,0.344827586206897,0.0172418133883856,0.0439060670325169,0.0476931084403118,0.0390853431278323,0.75,400,90,580,580,241,339,193,30,100,30,11094,0,90,90,90,90,87,87,87,87,87,0,20,B_ref_y_tau
DASCMOP2_BC,1,ref_y_tau,50000,50028,227,123,1,0.41,123,0,0.00296355745717301,0.00855484717216947,123,20,5,0.00635363396869673,26.0162601626016,0.770460205656843,0.982796956875506,0,5,15,20,7,0.16260162601626,0.0874294456512767,0.263992794170767,0,0.272338123887808,NaN,0.6,0.0278513939967548,0.121951219512195,0.0898082604455248,0.272484352819579,0.0277755242586871,0.286026721696297,0.35,400,123,646,646,257,389,224,46,100,46,12167,0,138,138,138,138,123,123,123,123,123,0,20,B_ref_y_tau
DASCMOP2_BC,1,ref_y_tau,70000,70048,318,129,1,0.43,129,0,0.00148001182433115,0.00581247557084182,129,20,5,0.0066635673330234,24.8062015503876,0.743809647251435,0.996667705812302,0,7,13,20,7,0.155038759689922,0.0238861395960281,0.042805083805607,0,0.0442116012050535,NaN,0.8,0.137071773067035,0.186046511627907,0.0252509562822502,0.0453472955085159,0.0437595286704486,0.0463784895465688,0.35,400,129,658,658,269,389,230,48,100,48,11265,0,144,144,144,144,129,129,129,129,129,0,20,B_ref_y_tau
DASCMOP2_BC,1,ref_y_tau,100000,100188,455,141,1,0.47,141,0,0.00177368887114587,0.00701325673717437,141,20,5,0.00728343406167674,22.6950354609929,0.714336845455787,1.00067046673158,0,4,16,20,11,0.141843971631206,0.0677229369021376,0.0898298705715366,0,0.0915549160445549,NaN,0.45,-0.000306226996282966,0.404255319148936,0.0716970506295411,0.0917009327421995,0.0735366119170452,0.0920834365571135,0.55,400,143,686,686,279,407,243,49,100,49,12311,0,147,147,147,147,141,141,141,141,141,0,20,B_ref_y_tau
DASCMOP4_BC,1,ref_y_tau,10000,10102,48,16,1,0.06,16,0,0.0016077195385065,0.00513295990474955,16,20,5,0.000826488971537786,100,0.100821957772524,0.106555038882149,0,20,0,20,0,1.25,1.55939752294055,2.03451972912481,0,2.03451972912481,NaN,0.6,0.00788786202102114,0,1.55979271081211,2.03587147216795,2.03587147216795,NaN,0,400,15,430,430,130,300,27,9,85,8,2201,0,24,24,24,24,16,16,16,16,16,0,20,B_ref_y_tau
DASCMOP4_BC,1,ref_y_tau,30000,30122,139,72,1,0.24,72,0,0.000283159679635671,0.00136375577481879,72,20,5,0.00371920037192004,44.4444444444444,0.00327898481391134,0.0984851722389959,0,20,0,20,0,0.277777777777778,1.35340563603093,1.73572534528926,0,1.73572534528926,NaN,0.65,0.00162393269848567,0,1.36415048339404,1.75568081942229,1.75568081942229,NaN,0,400,75,550,550,194,356,179,28,100,28,9478,0,84,84,84,84,72,72,72,72,72,0,20,B_ref_y_tau
DASCMOP4_BC,1,ref_y_tau,50000,50142,230,51,1,0.17,51,0,0.000141018621035884,0.000476605090408048,51,20,5,0.00263443359677669,62.7450980392157,0.00152065379455162,0.134931745600055,0,11,9,20,0,0.392156862745098,1.49961886261152,1.70811394021182,0,1.71029554312872,NaN,0.95,0.00280056385373346,0,1.50165293422357,1.71146175297187,1.72604916530307,1.62251359920117,0,400,54,508,508,169,339,157,23,100,23,6212,4,69,69,69,69,51,51,51,51,51,0,20,B_ref_y_tau
DASCMOP4_BC,1,ref_y_tau,70000,70162,321,51,1,0.17,51,0,9.32589762787337e-05,0.000476403268121706,51,20,5,0.00263443359677669,62.7450980392157,0.00107379772574967,0.0941792028401324,0,20,0,20,0,0.392156862745098,1.02302495421299,1.94338987264552,0,1.94338987264552,NaN,0.85,0.000614908526290009,0,1.02599858189547,1.94501478483259,1.94501478483259,NaN,0,400,60,520,520,175,345,161,21,100,21,7488,0,63,63,63,63,51,51,51,51,51,0,20,B_ref_y_tau
DASCMOP4_BC,1,ref_y_tau,100000,100082,457,51,1,0.17,51,0,7.40733593706948e-05,0.000350331550082822,51,20,5,0.00263443359677669,62.7450980392157,0.00150548858827066,0.0979248745630311,0,20,0,20,0,0.392156862745098,0.502719827743838,0.776105948935107,0,0.776105948935107,NaN,0.2,-0.0011198110160064,0,0.504833661732603,0.778594399510685,0.778594399510685,NaN,0,400,42,484,484,147,337,142,22,100,22,5676,0,66,66,66,66,51,51,51,51,51,0,20,B_ref_y_tau
DASCMOP5_BC,1,ref_y_tau,10000,10000,49,0,0,NaN,0,0,NaN,NaN,0,0,5,0,NaN,NaN,NaN,NaN,0,0,0,0,NaN,NaN,NaN,NaN,NaN,NaN,NaN,NaN,NaN,NaN,NaN,NaN,NaN,NaN,400,0,400,400,0,400,0,0,80,0,0,0,0,0,0,0,0,0,0,0,0,0,0,B_ref_y_tau
DASCMOP5_BC,1,ref_y_tau,30000,30000,149,0,0,NaN,0,0,NaN,NaN,0,0,5,0,NaN,NaN,NaN,NaN,0,0,0,0,NaN,NaN,NaN,NaN,NaN,NaN,NaN,NaN,NaN,NaN,NaN,NaN,NaN,NaN,400,0,400,400,0,400,0,0,100,0,0,0,0,0,0,0,0,0,0,0,0,0,0,B_ref_y_tau
DASCMOP5_BC,1,ref_y_tau,50000,50000,249,0,0,NaN,0,0,NaN,NaN,0,0,5,0,NaN,NaN,NaN,NaN,0,0,0,0,NaN,NaN,NaN,NaN,NaN,NaN,NaN,NaN,NaN,NaN,NaN,NaN,NaN,NaN,400,0,400,400,0,400,0,0,99,0,0,0,0,0,0,0,0,0,0,0,0,0,0,B_ref_y_tau
DASCMOP5_BC,1,ref_y_tau,70000,70179,346,81,1,0.27,81,0,0.00127791219681317,0.00276539054811341,81,20,5,0.00418410041841004,39.5061728395062,0.0159167993941484,0.142861551455857,0,20,0,20,0,0.246913580246914,1.7720761831251,2.1081469196697,0,2.11170401803509,NaN,0.95,0.00168272708016255,0,1.77822107257619,2.11296531248407,2.11296531248407,NaN,0,400,76,552,552,275,277,217,32,100,32,4192,34,83,83,83,83,81,81,81,81,81,0,20,B_ref_y_tau
DASCMOP5_BC,1,ref_y_tau,100000,100099,482,66,1,0.22,66,0,0.00109941749696568,0.00329667855196056,66,20,5,0.00340926700759337,48.4848484848485,0.0213082429318717,0.101851050307925,0,20,0,20,0,0.303030303030303,0.968110290504435,1.40748027109645,0,1.409014845676,NaN,0.95,0.00508896643444633,0,0.972192789618207,1.41182852424824,1.41182852424824,NaN,0,400,63,526,526,226,300,214,22,99,22,4908,7,66,66,66,66,66,66,66,66,66,0,20,B_ref_y_tau
LIRCMOP5_BC,1,ref_y_tau,10000,10100,48,105,1,0.35,105,0,0.0044746084460215,0.0104959656455092,105,20,5,0.00542383387571672,30.4761904761905,0.287466301715863,0.442405222991251,0,20,0,20,20,0.19047619047619,0.0113111931794639,0.0182636479402872,0,0.0235649589455264,NaN,0.7,0.0158094888181088,0.342857142857143,0.0144198383237396,0.0246478652060115,0.0246478652060115,NaN,1,400,106,612,612,454,158,200,51,87,42,3147,0,120,120,120,120,105,105,105,105,105,0,20,B_ref_y_tau
LIRCMOP5_BC,1,ref_y_tau,30000,30120,139,186,1,0.62,186,0,0.00173789096922716,0.00544409970374841,186,20,5,0.00960793429412676,17.2043010752688,0.274663193695161,0.388031274881458,0,20,0,20,14,0.10752688172043,0.0228754112209044,0.0381641337636223,0,0.0434963735663528,NaN,0.85,0.014887990051759,0.145161290322581,0.0268865035657911,0.047045914535082,0.047045914535082,NaN,0.7,400,171,742,742,426,316,322,68,100,68,9781,2,204,204,204,204,186,186,186,186,186,0,20,B_ref_y_tau
LIRCMOP5_BC,1,ref_y_tau,50000,50140,230,64,1,0.22,64,0,0.00143217351322573,0.00697598419012572,64,20,5,0.00330595588615114,50,0.330348721010688,0.456857428153102,0,12,8,20,20,0.3125,0.0440661178613762,0.0757531730785013,0,0.0757531730785013,NaN,0.85,0.0690188917925274,0.681818181818182,0.0532913815232132,0.0851536160587889,0.0915212997920038,0.058412345327257,1,400,42,484,484,360,124,199,56,35,22,4942,0,66,66,66,66,64,64,64,64,64,0,20,B_ref_y_tau
LIRCMOP5_BC,1,ref_y_tau,70000,70160,321,156,1,0.52,156,0,0.00421777334050022,0.0115278459211983,156,20,5,0.00805826747249341,20.5128205128205,0.455831663541119,0.792736321666739,0,20,0,20,6,0.128205128205128,0.00999207121401285,0.0384798281009682,0,0.0393472392337526,NaN,0.75,0.0116413460952025,0.153846153846154,0.0126423205931877,0.0406710620382753,0.0406710620382753,NaN,0.3,400,159,718,718,360,358,259,54,100,54,10761,1,159,159,159,159,156,156,156,156,156,0,20,B_ref_y_tau
LIRCMOP5_BC,1,ref_y_tau,100000,100080,457,121,1,0.41,121,0,0.00911044921568888,0.028531860823949,121,20,5,0.00625032284725451,26.4462809917355,0.131336252253169,0.230599215444982,0,20,0,20,10,0.165289256198347,0.000807220045361186,0.0098997219807623,0,0.0225814602576414,NaN,0.3,-0.0358011110167946,0.0487804878048781,0.00122106854657039,0.0237200793270999,0.0237200793270999,NaN,0.5,400,105,610,610,368,242,275,64,100,64,6412,1461,155,155,155,152,121,121,121,121,121,0,20,B_ref_y_tau
LIRCMOP6_BC,1,ref_y_tau,10000,10174,49,51,1,0.17,51,0,0.00551607412384635,0.0113170448176334,51,20,5,0.00263443359677669,62.7450980392157,0.304313980150335,0.428536201670367,0,11,9,20,20,0.392156862745098,0.0255765268361222,0.0288006482527703,0,0.0398627628766134,NaN,0.7,0.0190211557837163,0.823529411764706,0.0329945239059269,0.0410193850827208,0.0404156363877422,0.0414675033749288,1,400,52,504,504,440,64,196,52,36,19,1184,0,57,57,57,57,51,51,51,51,51,0,20,B_ref_y_tau
LIRCMOP6_BC,1,ref_y_tau,30000,30194,140,117,1,0.39,117,0,0.00153729474807394,0.0033092815533744,117,20,5,0.00604370060437006,27.3504273504273,0.384672595686276,0.56035941754281,0,13,7,20,7,0.170940170940171,0.0077797430813061,0.0144992763355669,0,0.0145919755794776,NaN,0.7,0.0234018737315368,0.230769230769231,0.00940469697217322,0.014679201342932,0.0157207265426992,0.0140478246129334,0.35,400,129,658,658,450,208,286,61,61,47,7394,9,138,138,138,138,117,117,117,117,117,0,20,B_ref_y_tau
LIRCMOP6_BC,1,ref_y_tau,50000,50214,231,218,1,0.73,218,0,0.00145568849524666,0.00459067049816627,218,20,5,0.0112609122372023,14.6788990825688,0.443049799589252,0.723312650163864,0,20,0,20,3,0.0917431192660551,0.0055047416577172,0.01301951108013,0,0.021245977067939,NaN,0.65,0.0154443705317665,0.0821917808219178,0.0105401252640754,0.0218274706880878,0.0218274706880878,NaN,0.15,400,195,790,790,452,338,346,80,100,80,10438,2,240,240,240,240,218,218,218,218,218,0,20,B_ref_y_tau
LIRCMOP6_BC,1,ref_y_tau,70000,70014,321,60,1,0.2,60,0,0.00402354675899284,0.00969649720639512,60,20,5,0.0030993336432667,53.3333333333333,0.205114692502076,0.686518904217292,0,20,0,20,3,0.333333333333333,0.00884209049265724,0.0105578753417628,0,0.0208541495216125,NaN,0.7,0.00731729957752184,0.2,0.0113238450279945,0.0212403464181312,0.0212403464181312,NaN,0.15,400,63,526,526,333,193,188,27,100,27,6603,3,81,81,81,81,60,60,60,60,60,0,20,B_ref_y_tau
LIRCMOP6_BC,1,ref_y_tau,100000,100154,458,81,1,0.27,81,0,0.0262669254161372,0.0442383950642036,81,20,5,0.00418410041841004,39.5061728395062,0.175212724961903,0.24028320516677,0,20,0,20,2,0.246913580246914,0.00918508340169976,0.0129271963155379,0,0.0274531627991826,NaN,0.5,-0.000554892838162055,0.0740740740740741,0.0156191306082942,0.0276422668224562,0.0276422668224562,NaN,0.1,400,89,578,578,354,224,256,41,90,40,7813,2666,81,81,81,81,81,81,81,81,81,0,20,B_ref_y_tau
LIRCMOP7_BC,1,ref_y_tau,10000,10110,47,163,1,0.55,163,0,0.00540545648243708,0.0151446125262367,163,20,5,0.0084198563975412,19.6319018404908,0.284342684368699,0.430590529695356,0,20,0,20,14,0.122699386503067,0.020212165425064,0.0437496288645673,0,0.0566615677965153,NaN,0.65,0.0140236434805409,0.181818181818182,0.0467332531462657,0.0648768381441742,0.0648768381441742,NaN,0.7,400,138,676,676,362,314,254,61,100,61,7588,1,183,183,183,183,163,163,163,163,163,0,20,B_ref_y_tau
LIRCMOP7_BC,1,ref_y_tau,30000,30130,138,63,1,0.21,63,0,0.000744118737855426,0.00350757570804622,63,20,5,0.00325430032543003,50.7936507936508,0.287863420896574,0.395595657436018,0,20,0,20,2,0.317460317460317,0.0046719084638175,0.00732048182257815,0,0.0229695285302278,NaN,0.45,-0.00304450941486456,0.0952380952380952,0.0225720549015553,0.029197328211201,0.029197328211201,NaN,0.1,400,76,552,552,371,181,192,46,60,24,8405,0,72,72,72,72,63,63,63,63,63,0,20,B_ref_y_tau
LIRCMOP7_BC,1,ref_y_tau,50000,50150,229,90,1,0.3,90,0,0.00195892334843191,0.00552242560653657,90,20,5,0.00464900046490005,35.5555555555556,0.322749471844233,0.480578090130963,0,20,0,20,11,0.222222222222222,0.0101923618022229,0.0160450364183451,0,0.0160450364183451,NaN,0.3,-0.0646762202418829,0.133333333333333,0.0155566556334651,0.0183142378957817,0.0183142378957817,NaN,0.55,400,87,574,574,354,220,210,47,66,33,6730,14,96,96,96,96,90,90,90,90,90,0,20,B_ref_y_tau
LIRCMOP7_BC,1,ref_y_tau,70000,70170,320,219,1,0.73,219,0,0.00221178077647477,0.00778633581560755,219,20,5,0.0113125677979234,14.6118721461187,0.402613646150404,0.838650202832547,0,20,0,20,1,0.091324200913242,0.021154017071667,0.0444349724320249,0,0.0461153614593441,NaN,0.85,0.0357589640670143,0.0273972602739726,0.0226181482782822,0.0468585561142242,0.0468585561142242,NaN,0.05,400,217,834,834,363,471,326,78,100,78,14043,12,234,234,234,234,219,219,219,219,219,0,20,B_ref_y_tau
LIRCMOP7_BC,1,ref_y_tau,100000,100090,456,267,1,0.89,267,0,0.00208185127738629,0.00662712060092316,267,20,5,0.0137920347125368,11.9850187265918,0.514011829545858,1.62548021355393,0,10,10,20,0,0.0749063670411985,0.0150061779907544,0.0334562023313957,0,0.0511391612968764,NaN,0.45,-0.00457622656591047,0,0.015686455156825,0.0514844821972343,0.0400799814198082,0.0514844821972343,0,400,264,928,928,392,536,363,90,100,90,17471,4,270,270,270,270,267,267,267,267,267,0,20,B_ref_y_tau
LIRCMOP8_BC,1,ref_y_tau,10000,10166,48,48,1,0.16,48,0,0.00549626745230433,0.0179553480343874,48,20,5,0.00247946691461336,66.6666666666667,0.324390480830447,0.49246595544699,0,20,0,20,20,0.416666666666667,0.0146944366849875,0.030406321656856,0,0.0311192173947666,NaN,1,0.0729873798125933,0.25,0.0188769056320214,0.0346453571586932,0.0346453571586932,NaN,1,400,30,460,460,404,56,133,39,58,20,894,5,54,54,54,54,48,48,48,48,48,0,20,B_ref_y_tau
LIRCMOP8_BC,1,ref_y_tau,30000,30186,139,51,1,0.17,51,0,0.00253365335108942,0.00751428457977159,51,20,5,0.00263443359677669,62.7450980392157,0.196383002131879,0.328158362052578,0,20,0,20,0,0.392156862745098,0.00802777467109134,0.0155336253149959,0,0.0169687684881496,NaN,0.6,0.0164898466428923,0,0.0110131038374037,0.0216407772135345,0.0216407772135345,NaN,0,400,49,498,498,359,139,179,33,85,21,1885,77,57,57,57,57,51,51,51,51,51,0,20,B_ref_y_tau
LIRCMOP8_BC,1,ref_y_tau,50000,50206,230,172,1,0.58,172,0,0.00177722920006233,0.0063088367326701,172,20,5,0.0088847564440312,18.6046511627907,0.235724324072285,0.418541011388489,0,20,0,20,0,0.116279069767442,0.00788724657784045,0.0118249026342275,0,0.0169788432394366,NaN,0.75,0.0184043080469745,0,0.00827484083185782,0.0172248879600147,0.0172248879600147,NaN,0,400,150,700,700,385,315,290,64,100,64,9796,8,190,190,190,190,172,172,172,172,172,0,20,B_ref_y_tau
LIRCMOP8_BC,1,ref_y_tau,70000,70006,320,153,1,0.51,153,0,0.00130818527946186,0.00490728583511513,153,20,5,0.00790330079033008,20.9150326797386,0.318806338216848,0.543514218104193,0,20,0,20,0,0.130718954248366,0.00684629285816382,0.00853810326111201,0,0.00943872049979445,NaN,0.75,0.0245622285992779,0,0.00800864886557754,0.00952366421500168,0.00952366421500168,NaN,0,400,151,702,702,353,349,284,60,100,60,11527,0,178,178,178,178,153,153,153,153,153,0,20,B_ref_y_tau
LIRCMOP8_BC,1,ref_y_tau,100000,100146,457,118,1,0.4,118,0,0.000590463096854527,0.0029747208955383,118,20,5,0.00609535616509117,27.1186440677966,0.346486135904941,0.60010878888413,0,20,0,20,5,0.169491525423729,0.00912885914770661,0.0336175990839468,0,0.0362625291496381,NaN,0.5,0.00514681508939771,0.175,0.0102483818757341,0.0365754006893836,0.0365754006893836,NaN,0.25,400,120,640,640,295,345,251,56,100,56,10242,1,168,168,168,168,118,118,118,118,118,0,20,B_ref_y_tau
LIRCMOP9_BC,1,ref_y_tau,10000,10213,47,30,1,0.1,30,0,0.000947966397488912,0.00390314835089547,30,20,5,0.00154966682163335,100,0.197375171599413,0.639904153956047,0,20,0,20,20,0.666666666666667,0.000102720864734935,0.000130443732617408,0,0.00147389312715116,NaN,0.45,-0.0110332135053057,0.4,0.0102796379256325,0.0263800145960135,0.0263800145960135,NaN,1,400,36,472,472,225,247,126,11,84,11,6948,121,30,30,30,30,30,30,30,30,30,0,20,B_ref_y_tau
LIRCMOP9_BC,1,ref_y_tau,30000,30013,137,70,1,0.24,70,0,0.00456311472866671,0.0139464301902277,70,20,5,0.00361588925047781,45.7142857142857,0.0794311689101247,0.128077444133714,0,20,0,20,11,0.285714285714286,2.67467772816413e-05,0.000193618693825719,0,0.000194125727800775,NaN,1,0.0527965410339645,0.333333333333333,0.000523066436983883,0.00268011453834143,0.00268011453834143,NaN,0.55,400,60,520,520,339,181,227,32,94,32,4068,671,70,70,70,70,70,70,70,70,70,0,20,B_ref_y_tau
LIRCMOP9_BC,1,ref_y_tau,50000,50033,228,48,1,0.16,48,0,0.00284630582139965,0.00613597158053861,48,20,5,0.00247946691461336,66.6666666666667,0.0864050683905125,0.185233266019239,0,20,0,20,8,0.416666666666667,0.00434656899171285,0.0541302120890377,0,0.0543689990090589,NaN,0.85,0.00762069778094193,0.25,0.00713970019648845,0.0675624988821606,0.0675624988821606,NaN,0.4,400,75,550,550,319,231,227,16,94,16,11442,56,48,48,48,48,48,48,48,48,48,0,20,B_ref_y_tau
LIRCMOP9_BC,1,ref_y_tau,70000,70053,319,66,1,0.22,66,0,0.00224067185565634,0.00971711963743598,66,20,5,0.00340926700759337,48.4848484848485,0.076711635403001,0.133762289542169,0,20,0,20,11,0.303030303030303,0.000379706445116399,0.219619320438914,0,0.235658706624768,NaN,0.45,-0.000745257178970643,0.272727272727273,0.0024222184752233,0.23644529563297,0.23644529563297,NaN,0.55,400,57,514,514,279,235,199,24,100,24,3892,92,72,72,72,72,66,66,66,66,66,0,20,B_ref_y_tau
LIRCMOP9_BC,1,ref_y_tau,100000,100193,456,84,1,0.28,84,0,0.00229772811803069,0.00653171214169733,84,20,5,0.00433906710057338,38.0952380952381,0.0819973325991056,0.137646365243829,0,20,0,20,3,0.238095238095238,0.000289431073784185,0.00108843989483108,0,0.0013726617375011,NaN,1,0.00522650488649012,0.0714285714285714,0.000422904522818013,0.00264716735073946,0.00264716735073946,NaN,0.15,400,81,562,562,289,273,212,28,100,28,5076,63,84,84,84,84,84,84,84,84,84,0,20,B_ref_y_tau
LIRCMOP10_BC,1,ref_y_tau,10000,10170,47,42,1,0.14,42,0,0.00389883371651763,0.00793362743382479,42,20,5,0.00216953355028669,76.1904761904762,0.353948134735411,1.15380185425938,0,20,0,20,0,0.476190476190476,0.00202954850670468,0.00228446211663052,0,0.00228446211663052,NaN,0,-0.155758285007235,0,0.00510494035072964,0.0109019039307922,0.0109019039307922,NaN,0,400,48,496,496,373,123,184,19,55,15,5660,14,45,45,45,45,42,42,42,42,42,0,20,B_ref_y_tau
LIRCMOP10_BC,1,ref_y_tau,30000,30190,138,72,1,0.24,72,0,0.00754410970752409,0.0185176780417713,72,20,5,0.00371920037192004,44.4444444444444,0.0891170216659636,0.31527492958381,0,20,0,20,18,0.277777777777778,1.3019427866921e-06,0.0001057160538605,0,0.00142711626689736,NaN,0.9,0.0202646842948044,0.166666666666667,0.00248923313566138,0.0036051208471701,0.0036051208471701,NaN,0.9,400,78,556,556,355,201,242,32,100,32,6387,320,72,72,72,72,72,72,72,72,72,0,20,B_ref_y_tau
LIRCMOP10_BC,1,ref_y_tau,50000,50210,229,105,1,0.35,105,0,0.00749043581994775,0.017649272649577,105,20,5,0.00542383387571672,30.4761904761905,0.0828201113811365,0.28606602322197,0,20,0,20,18,0.19047619047619,9.08401084943073e-06,0.000423125867526446,0,0.00123846011335901,NaN,0.95,0.0126323551360993,0.171428571428571,0.00154051323263577,0.00292599125296883,0.00292599125296883,NaN,0.9,400,105,610,610,365,245,291,38,97,35,8222,473,105,105,105,105,105,105,105,105,105,0,20,B_ref_y_tau
LIRCMOP10_BC,1,ref_y_tau,70000,70010,319,110,1,0.37,110,0,0.00570779119266018,0.0241592933526512,110,20,5,0.00568211167932228,29.0909090909091,0.074093340392512,0.112890201121917,0,20,0,20,2,0.181818181818182,5.42517941547869e-05,7.8478809936516e-05,0,9.77450350148925e-05,NaN,0.25,-0.00420086143412019,0.0540540540540541,0.000389786668839379,0.00104314883181771,0.00104314883181771,NaN,0.1,400,87,574,574,327,247,252,47,93,40,4742,219,110,110,110,110,110,110,110,110,110,0,20,B_ref_y_tau
LIRCMOP10_BC,1,ref_y_tau,100000,100150,456,144,1,0.48,144,0,0.00515289503230918,0.0183128986486611,144,20,5,0.00743840074384007,22.2222222222222,0.0848227396781635,0.189770930475939,0,20,0,20,9,0.138888888888889,3.71530147280056e-05,0.00063699640691888,0,0.000908442718674894,NaN,1,0.0179383839046754,0.0833333333333333,0.00158582333005394,0.00184372394194165,0.00184372394194165,NaN,0.45,400,136,672,672,379,293,303,51,100,51,7622,226,147,147,147,147,144,144,144,144,144,0,20,B_ref_y_tau
DASCMOP1_BC,1,ref_y,10000,10218,46,33,1,0.11,33,0,0.0018919077267293,0.00539950891913136,33,20,4,0.0017159794082471,96.969696969697,0.860971354586335,1.24517825796556,0,0,20,20,14,0.606060606060606,0.0466851409048521,0.0495417532676917,0,0.0501138492793288,NaN,0.75,0.0581082357973666,1,0.0471011209061409,0.0501395801649755,NaN,0.0501395801649755,0.7,400,33,466,466,172,294,68,12,100,12,5696,0,36,36,36,36,33,33,33,33,33,0,20,C_ref_y
DASCMOP1_BC,1,ref_y,30000,30163,137,66,1,0.22,66,0,0.00608937346070939,0.014540271478341,66,20,4,0.0034319588164942,48.4848484848485,0.493746859005262,0.771107567778156,0,20,0,20,6,0.303030303030303,0.0253228908478367,0.0607799521152903,0,0.0619574184233895,NaN,0.95,0.0628188677237336,0.181818181818182,0.0266066299092811,0.0633828998951822,0.0633828998951822,NaN,0.3,400,66,532,532,210,322,102,23,93,23,5291,1,69,69,69,69,66,66,66,66,66,0,20,C_ref_y
DASCMOP1_BC,1,ref_y,50000,50183,228,84,1,0.28,84,0,0.00309994558317913,0.00941487329477325,84,20,4,0.00436794758462898,38.0952380952381,0.510240097883366,0.665263829404598,0,20,0,20,4,0.238095238095238,0.0276000776413698,0.0491032035914354,0,0.0491032035914354,NaN,0.2,-0.0326639149790786,0.0714285714285714,0.0323370003835988,0.0529655241059477,0.0529655241059477,NaN,0.2,400,78,556,556,226,330,178,28,100,28,9182,0,84,84,84,84,84,84,84,84,84,0,20,C_ref_y
DASCMOP1_BC,1,ref_y,70000,70203,319,78,1,0.26,78,0,0.000950389212896286,0.00360476927920898,78,20,4,0.00405595132858406,41.025641025641,0.528373281088098,0.689697623192811,0,20,0,20,0,0.256410256410256,0.0104687930136483,0.0152392737303272,0,0.0152392737303272,NaN,1,0.0862784431564741,0,0.014588705587617,0.0207210862491774,0.0207210862491774,NaN,0,400,78,556,556,212,344,179,29,100,29,9353,0,87,87,87,87,78,78,78,78,78,0,20,C_ref_y
DASCMOP1_BC,1,ref_y,100000,100123,455,91,1,0.31,91,0,0.00142805349786679,0.00583736383993518,91,20,4,0.0047319432166814,35.1648351648352,0.500479371112301,0.750638849605784,0,20,0,20,1,0.21978021978022,0.0929511481369313,0.148732269509657,0,0.148732269509657,NaN,0.7,0.0501961433949003,0.0645161290322581,0.0952491767126866,0.150976680685456,0.150976680685456,NaN,0.05,400,84,568,568,226,342,184,31,100,31,8697,0,93,93,93,93,91,91,91,91,91,0,20,C_ref_y
DASCMOP2_BC,1,ref_y,10000,10211,46,42,1,0.14,42,0,0.00127459675905599,0.00288952702746977,42,20,4,0.00218397379231449,76.1904761904762,0.689875779837625,0.893996424003149,0,0,20,20,0,0.476190476190476,0.127226064431281,0.152628067009537,0,0.153159145565112,NaN,0.95,0.111646240988051,0,0.130733144974566,0.153315488004312,NaN,0.153315488004312,0,400,42,484,484,184,300,64,15,100,15,5728,0,45,45,45,45,42,42,42,42,42,0,20,C_ref_y
DASCMOP2_BC,1,ref_y,30000,30011,136,108,1,0.36,108,0,0.00728566344118536,0.0244131316380372,108,20,4,0.00561593260880869,29.6296296296296,0.768590204654934,0.958463859135638,0,10,10,20,1,0.185185185185185,0.0733292884456989,0.0825099754660059,0,0.0880922998174472,NaN,0.55,0.0234285735780966,0.0555555555555556,0.0775434813248094,0.0896834687188351,0.0888250244544432,0.0901167883953661,0.05,400,105,610,610,253,357,207,36,100,36,11571,0,108,108,108,108,108,108,108,108,108,0,20,C_ref_y
DASCMOP2_BC,1,ref_y,50000,50031,227,141,1,0.47,141,0,0.00268774680051525,0.0103475773200869,141,20,4,0.0073319120170558,22.6950354609929,0.774061542306101,1.0829300076676,0,2,18,20,2,0.141843971631206,0.0283603367227895,0.0325141804524848,0,0.0414474883611008,NaN,0.8,0.0968085659922295,0.0851063829787234,0.0313918716773857,0.0441443668886505,0.0469278060481397,0.0401839785670549,0.1,400,129,658,658,268,390,226,47,100,47,10924,0,141,141,141,141,141,141,141,141,141,0,20,C_ref_y
DASCMOP2_BC,1,ref_y,70000,70051,318,138,1,0.46,138,0,0.00134433568157107,0.0049613395899492,138,20,4,0.00717591388903333,23.1884057971014,0.739567002284417,1.0829300076676,0,5,15,20,6,0.144927536231884,0.0211807029731673,0.0272872921905798,0,0.0282253204486417,NaN,0.75,0.0775109692805186,0.152173913043478,0.023288719350805,0.0290165274955289,0.0289635862936304,0.0290694686974273,0.3,400,138,676,676,279,397,238,48,100,48,11836,0,144,144,144,144,138,138,138,138,138,0,20,C_ref_y
DASCMOP2_BC,1,ref_y,100000,100191,455,117,1,0.39,117,0,0.000778360722093635,0.00386783106827283,117,20,4,0.00608392699287609,27.3504273504273,0.739567002284417,1.07525251423917,0,11,9,20,2,0.170940170940171,0.0177961198500702,0.039211327730166,0,0.0425816333609702,NaN,0.75,0.0692925031163024,0.0512820512820513,0.018179487698177,0.0450243926825795,0.0448996703988732,0.0450708720826944,0.1,400,117,634,634,256,378,217,48,100,48,9886,0,144,144,144,144,117,117,117,117,117,0,20,C_ref_y
DASCMOP4_BC,1,ref_y,10000,10071,48,25,1,0.09,25,0,0.00668898403681458,0.0225546862929082,25,20,4,0.0012999844001872,100,0.10925157574805,0.140218703752396,0,20,0,20,0,0.8,2.33102907327377,2.37597415696277,0,2.37824703662965,NaN,0.45,-0.00092628527725809,0,2.33338398738381,2.37888019726038,2.37888019726038,NaN,0,400,27,454,454,201,253,49,10,100,10,915,48,26,26,26,26,25,25,25,25,25,0,20,C_ref_y
DASCMOP4_BC,1,ref_y,30000,30091,139,64,1,0.22,64,0,0.000403428059820939,0.00103130745510737,64,20,4,0.00332796006447923,50,0.00108745409245829,0.0185617316723072,0,20,0,20,0,0.3125,1.2409141739573,1.48520667824865,0,1.49080075765419,NaN,0.5,-0.000239004999523063,0,1.24532304771324,1.49336270061203,1.49336270061203,NaN,0,400,68,536,536,184,352,174,24,100,24,7606,0,72,72,72,72,64,64,64,64,64,0,20,C_ref_y
DASCMOP4_BC,1,ref_y,50000,50111,230,51,1,0.17,51,0,0.000110810600139499,0.000274030397481643,51,20,4,0.00265196817638188,62.7450980392157,0.00101395356019085,0.173713793041862,0,20,0,20,0,0.392156862745098,0.56266377981095,0.640494933256658,0,0.640494933256658,NaN,0.6,6.3011748974745e-05,0,0.565492575716039,0.643457193163585,0.643457193163585,NaN,0,400,54,508,508,169,339,157,25,100,25,7224,0,75,75,75,75,51,51,51,51,51,0,20,C_ref_y
DASCMOP4_BC,1,ref_y,70000,70131,321,51,1,0.17,51,0,5.52398085690073e-05,0.000162640814928827,51,20,4,0.00265196817638188,62.7450980392157,0.000890235839676285,0.00150234699504236,0,20,0,20,0,0.392156862745098,0.210281987782032,0.318788361869211,0,0.318788361869211,NaN,0.85,0.000374015693193543,0,0.211656279390445,0.320315493531299,0.320315493531299,NaN,0,400,56,512,512,172,340,162,25,100,25,6931,0,75,75,75,75,51,51,51,51,51,0,20,C_ref_y
DASCMOP4_BC,1,ref_y,100000,100051,457,51,1,0.17,51,0,5.26712862440295e-05,0.000137976448246278,51,20,4,0.00265196817638188,62.7450980392157,0.000866457863121388,0.00137859843839115,0,20,0,20,0,0.392156862745098,0.130798503636256,0.206252945795362,0,0.206252945795362,NaN,0.55,0.000247935838800973,0,0.131653492269508,0.207768274946217,0.207768274946217,NaN,0,400,52,504,504,165,339,154,21,100,21,6845,0,63,63,63,63,51,51,51,51,51,0,20,C_ref_y
DASCMOP5_BC,1,ref_y,10000,10000,49,0,0,NaN,0,0,NaN,NaN,0,0,4,0,NaN,NaN,NaN,NaN,0,0,0,0,NaN,NaN,NaN,NaN,NaN,NaN,NaN,NaN,NaN,NaN,NaN,NaN,NaN,NaN,400,0,400,400,0,400,0,0,80,0,0,0,0,0,0,0,0,0,0,0,0,0,0,C_ref_y
DASCMOP5_BC,1,ref_y,30000,30000,149,0,0,NaN,0,0,NaN,NaN,0,0,4,0,NaN,NaN,NaN,NaN,0,0,0,0,NaN,NaN,NaN,NaN,NaN,NaN,NaN,NaN,NaN,NaN,NaN,NaN,NaN,NaN,400,0,400,400,0,400,0,0,100,0,0,0,0,0,0,0,0,0,0,0,0,0,0,C_ref_y
DASCMOP5_BC,1,ref_y,50000,50000,249,0,0,NaN,0,0,NaN,NaN,0,0,4,0,NaN,NaN,NaN,NaN,0,0,0,0,NaN,NaN,NaN,NaN,NaN,NaN,NaN,NaN,NaN,NaN,NaN,NaN,NaN,NaN,400,0,400,400,0,400,0,0,99,0,0,0,0,0,0,0,0,0,0,0,0,0,0,C_ref_y
DASCMOP5_BC,1,ref_y,70000,70201,346,42,1,0.14,42,0,0.00120508180865151,0.00321326587061725,42,20,4,0.00218397379231449,76.1904761904762,0.0192819743393172,0.22843318188738,0,20,0,20,0,0.476190476190476,1.79548627992283,2.01015689685103,0,2.01728491470274,NaN,0.75,0.00260832463300968,0,1.80342941082098,2.0176201075241,2.0176201075241,NaN,0,400,36,472,472,230,242,209,23,87,18,3756,29,50,50,50,50,42,42,42,42,42,0,20,C_ref_y
DASCMOP5_BC,1,ref_y,100000,100121,482,81,1,0.27,81,0,0.0010545837902981,0.00228427538304679,81,20,4,0.00421194945660652,39.5061728395062,0.0153366132112368,0.143078784946404,0,20,0,20,0,0.246913580246914,0.635951735988106,1.05706198208517,0,1.06029589861677,NaN,0.65,0.000122992134362197,0,0.639522435840973,1.0617491453994,1.0617491453994,NaN,0,400,66,532,532,220,312,196,28,100,28,4046,72,84,84,84,84,81,81,81,81,81,0,20,C_ref_y
LIRCMOP5_BC,1,ref_y,10000,10100,48,90,1,0.3,90,0,0.00297770958162327,0.00981028798039714,90,20,4,0.00467994384067391,35.5555555555556,0.325170127868668,0.469502122421167,0,20,0,20,20,0.222222222222222,0.013897358336982,0.0237969882814036,0,0.0469071540323512,NaN,0.85,0.0381670744255482,0.5,0.0341885556852244,0.0488440375354526,0.0488440375354526,NaN,1,400,81,562,562,442,120,203,48,84,35,1864,0,104,104,104,104,90,90,90,90,90,0,20,C_ref_y
LIRCMOP5_BC,1,ref_y,30000,30115,139,49,1,0.17,49,0,0.00251440812938103,0.0135632611742126,49,20,4,0.00254796942436691,65.3061224489796,0.239649012960723,0.410246120154447,0,8,12,20,5,0.408163265306122,0.00851645569301671,0.0109906452589204,0,0.011661646356942,NaN,0.9,0.0286109945601582,0.352941176470588,0.0099608596449272,0.0124237614150492,0.0120167954429085,0.0129650644432638,0.25,400,44,488,488,390,98,208,62,25,17,4309,5,51,51,51,51,49,49,49,49,49,0,20,C_ref_y
LIRCMOP5_BC,1,ref_y,50000,50135,230,123,1,0.41,123,0,0.00348215996959429,0.0100000983385983,123,20,4,0.00639592324892101,26.0162601626016,0.476500356397528,0.789675570107559,0,20,0,20,5,0.16260162601626,0.0126603890327177,0.0278108193888303,0,0.0435594751112982,NaN,0.85,0.0835218862340069,0.195121951219512,0.0362256684205236,0.055591156592604,0.055591156592604,NaN,0.25,400,126,652,652,327,325,229,45,100,45,9401,6,135,135,135,135,123,123,123,123,123,0,20,C_ref_y
LIRCMOP5_BC,1,ref_y,70000,70155,321,98,1,0.33,98,0,0.00669509183552069,0.0215694727188956,98,20,4,0.00509593884873382,32.6530612244898,0.137520449571867,0.281571196615004,0,20,0,20,0,0.204081632653061,0.00321309619288561,0.00345700686505811,0,0.0059085781315327,NaN,1,0.228015267490606,0,0.00637211778035088,0.00715099965830476,0.00715099965830476,NaN,0,400,93,586,586,351,235,269,57,100,57,6588,1329,143,143,143,143,98,98,98,98,98,0,20,C_ref_y
LIRCMOP5_BC,1,ref_y,100000,100075,457,75,1,0.25,75,0,0.00699803624203926,0.0115000340510868,75,20,4,0.00389995320056159,42.6666666666667,0.133785288249467,0.190366247521948,0,20,0,20,0,0.266666666666667,0.00378573593681233,0.00945011526228475,0,0.00948861446915959,NaN,1,0.029719102919719,0,0.00588974554185516,0.0107903027149614,0.0107903027149614,NaN,0,400,75,550,550,352,198,272,70,100,70,4850,2369,99,99,99,99,75,75,75,75,75,0,20,C_ref_y
LIRCMOP6_BC,1,ref_y,10000,10165,49,43,1,0.15,43,0,0.00687781317626527,0.0193025569415009,43,20,4,0.00223597316832198,74.4186046511628,0.307204203794904,0.405924681910663,0,20,0,20,20,0.465116279069767,0.0637616476424879,0.0691978163604019,0,0.0703879636875956,NaN,0.7,0.0194946670445036,0.733333333333333,0.0664947404555972,0.0719430048988013,0.0719430048988013,NaN,1,400,33,466,466,415,51,145,41,51,16,655,0,46,46,46,46,43,43,43,43,43,0,20,C_ref_y
LIRCMOP6_BC,1,ref_y,30000,30185,140,117,1,0.39,117,0,0.00134905455535959,0.005045281106568,117,20,4,0.00608392699287609,27.3504273504273,0.374785636293214,0.640900435183714,0,18,2,20,7,0.170940170940171,0.00459999724368914,0.0144098244275489,0,0.0164337911643562,NaN,0.75,0.0314596590183868,0.205128205128205,0.00696966691991093,0.0171016473837877,0.0172988982213984,0.0152401109523911,0.35,400,141,682,682,459,223,310,64,63,44,7903,2,132,132,132,132,117,117,117,117,117,0,20,C_ref_y
LIRCMOP6_BC,1,ref_y,50000,50205,231,216,1,0.72,216,0,0.00375766845828869,0.0130388098339505,216,20,4,0.0112318652176174,14.8148148148148,0.380942047060262,0.627237734571327,0,20,0,20,5,0.0925925925925926,0.00367500157924654,0.00990454831852287,0,0.0110113128853056,NaN,0.55,0.0133514660497349,0.0833333333333333,0.00831810060375801,0.0111820253161038,0.0111820253161038,NaN,0.25,400,222,844,844,462,382,361,76,100,76,12475,0,228,228,228,228,216,216,216,216,216,0,20,C_ref_y
LIRCMOP6_BC,1,ref_y,70000,70005,321,51,1,0.17,51,0,0.00932630191350708,0.0375635798684311,51,20,4,0.00265196817638188,62.7450980392157,0.131758261618196,0.179275519089467,0,20,0,20,1,0.392156862745098,0.00113894793375889,0.00207302487656076,0,0.00219872766999685,NaN,0.7,0.0148239052855632,0.117647058823529,0.00391059531836972,0.00439442357381506,0.00439442357381506,NaN,0.05,400,51,502,502,298,204,212,68,100,68,4799,1634,54,54,54,54,51,51,51,51,51,0,20,C_ref_y
LIRCMOP6_BC,1,ref_y,100000,100145,458,159,1,0.53,159,0,0.0144599594203782,0.0574200858971339,159,20,4,0.00826790078519058,20.125786163522,0.1933388256006,0.455332338119557,0,20,0,20,4,0.125786163522013,0.00406009855830725,0.00690651076657687,0,0.00702747978757273,NaN,0.75,0.039724885912129,0.0377358490566038,0.00425199639033653,0.00718664919325858,0.00718664919325858,NaN,0.2,400,167,734,734,404,330,324,65,100,65,10433,2536,160,160,160,160,159,159,159,159,159,0,20,C_ref_y
LIRCMOP7_BC,1,ref_y,10000,10116,47,83,1,0.29,83,0,0.00841195103567822,0.0260091847685859,83,20,4,0.0043159482086215,38.5542168674699,0.277943774379556,0.335182723982779,0,20,0,20,0,0.240963855421687,0.0173298522060297,0.0230666607157353,0,0.0399373983795309,NaN,0.7,0.0186200102453294,0,0.0317665258225725,0.0425126272415951,0.0425126272415951,NaN,0,400,72,544,544,377,167,186,47,86,35,3288,93,94,94,94,94,83,83,83,83,83,0,20,C_ref_y
LIRCMOP7_BC,1,ref_y,30000,30136,138,147,1,0.49,147,0,0.00109185670251763,0.00318523334119544,147,20,4,0.00764390827310072,21.7687074829932,0.235435126018408,0.331745346492901,0,20,0,20,2,0.136054421768707,0.0235285645667866,0.0315062994683917,0,0.0319103998008632,NaN,0.75,0.0211121446161469,0.0816326530612245,0.0320982025913568,0.0334229214466716,0.0334229214466716,NaN,0.1,400,141,682,682,386,296,289,56,100,56,8203,0,168,168,168,168,147,147,147,147,147,0,20,C_ref_y
LIRCMOP7_BC,1,ref_y,50000,50156,229,89,1,0.3,89,0,0.00199746093798138,0.00779376777345858,89,20,4,0.00462794446466642,35.9550561797753,0.286173259640951,0.49329514175399,0,20,0,20,0,0.224719101123595,0.00672084205133243,0.0101744604164548,0,0.02773061186906,NaN,1,0.0769912753503468,0,0.019457819165001,0.0280892142319645,0.0280892142319645,NaN,0,400,54,508,508,355,153,201,62,61,32,3496,4,96,96,96,96,89,89,89,89,89,0,20,C_ref_y
LIRCMOP7_BC,1,ref_y,70000,70176,320,183,1,0.61,183,0,0.00294262916325896,0.00823263438591475,183,20,4,0.00951588580937029,17.4863387978142,0.409119392876344,0.893615712151743,0,20,0,20,1,0.109289617486339,0.0176778478845925,0.0234988933047416,0,0.0258865683863326,NaN,1,0.0800824221072472,0.0327868852459016,0.0182542514664203,0.0259158001335072,0.0259158001335072,NaN,0.05,400,195,790,790,382,408,328,70,100,70,14847,23,210,210,210,210,183,183,183,183,183,0,20,C_ref_y
LIRCMOP7_BC,1,ref_y,100000,100096,456,225,1,0.75,225,0,0.00137738424135208,0.00417354225240842,225,20,4,0.0116998596016848,14.2222222222222,0.53937893755272,1.26820636814867,0,20,0,20,3,0.0888888888888889,0.0304280275184201,0.0603425917051441,0,0.0603592649896666,NaN,0.5,0.0153117015833664,0.08,0.0309922662643094,0.0604525053972394,0.0604525053972394,NaN,0.15,400,207,814,814,360,454,320,83,100,83,13738,0,249,249,249,249,225,225,225,225,225,0,20,C_ref_y
LIRCMOP8_BC,1,ref_y,10000,10166,48,108,1,0.36,108,0,0.0026823604653605,0.00747698407507898,108,20,4,0.00561593260880869,29.6296296296296,0.330795064766981,0.435378784822285,0,15,5,20,20,0.185185185185185,0.0183356208946229,0.0357562680699885,0,0.0400722148187183,NaN,0.85,0.0395661078583982,0.527777777777778,0.0210990262971311,0.0405817065992674,0.040345058893943,0.0422406585223069,1,400,120,640,640,478,162,267,52,61,42,6181,0,126,126,126,126,108,108,108,108,108,0,20,C_ref_y
LIRCMOP8_BC,1,ref_y,30000,30186,139,27,1,0.09,27,0,0.00168847821339574,0.00389166107897472,27,20,4,0.00140398315220217,100,0.37506308215223,0.590540481929754,0,20,0,20,1,0.740740740740741,0.0115978889493899,0.0182368422817866,0,0.0182368422817866,NaN,1,0.0910436910631365,0.222222222222222,0.0170596559394597,0.0206312016268248,0.0206312016268248,NaN,0.05,400,24,448,448,359,89,142,31,59,11,1031,2,30,30,30,30,27,27,27,27,27,0,20,C_ref_y
LIRCMOP8_BC,1,ref_y,50000,50206,230,132,1,0.44,132,0,0.00257108196021098,0.00695784547558804,132,20,4,0.0068639176329884,24.2424242424242,0.218764786189431,0.414125064961847,0,20,0,20,0,0.151515151515152,0.00796739325598225,0.0136825591857761,0,0.0174491812891004,NaN,0.75,0.04626167879969,0,0.00828639484463202,0.0177279969111327,0.0177279969111327,NaN,0,400,157,714,714,388,326,287,51,100,51,9189,5,152,152,152,152,132,132,132,132,132,0,20,C_ref_y
LIRCMOP8_BC,1,ref_y,70000,70006,320,225,1,0.75,225,0,0.0017727629727683,0.00484183359882228,225,20,4,0.0116998596016848,14.2222222222222,0.362344643261613,0.626891403250464,0,20,0,20,4,0.0888888888888889,0.0255456104662984,0.0623033498979759,0,0.0627900530996244,NaN,0.5,-0.00220806412562791,0.08,0.0290683646601287,0.0629013375035939,0.0629013375035939,NaN,0.2,400,210,820,820,366,454,329,81,100,81,14469,6,243,243,243,243,225,225,225,225,225,0,20,C_ref_y
LIRCMOP8_BC,1,ref_y,100000,100146,457,207,1,0.69,207,0,0.00180451902076504,0.00524061972652768,207,20,4,0.01076387083355,15.4589371980676,0.35519681890726,0.811779713410659,0,18,2,20,5,0.0966183574879227,0.0223130587577672,0.0868899886709554,0,0.100625566047638,NaN,0.6,0.021032585836732,0.0434782608695652,0.0226325451856491,0.101162923975314,0.0910855282719519,0.105901261943651,0.25,400,213,826,826,358,468,320,75,100,75,15635,0,225,225,225,225,207,207,207,207,207,0,20,C_ref_y
LIRCMOP9_BC,1,ref_y,10000,10201,47,42,1,0.14,42,0,0.00220508936922536,0.00521564548894204,42,20,4,0.00218397379231449,76.1904761904762,0.201048651886383,0.438890318927729,0,20,0,20,16,0.476190476190476,0.00034290330391529,0.00202315350487955,0,0.00239539914476716,NaN,0.25,-0.0413806881676115,0.142857142857143,0.0134940563198102,0.018228634552801,0.018228634552801,NaN,0.8,400,45,490,490,261,229,115,15,85,15,7610,92,42,42,42,42,42,42,42,42,42,0,20,C_ref_y
LIRCMOP9_BC,1,ref_y,30000,30038,138,84,1,0.28,84,0,0.00536592480116194,0.017927484451566,84,20,4,0.00436794758462898,38.0952380952381,0.0920986817925911,0.145733044350346,0,20,0,20,2,0.238095238095238,0.000257610379811359,0.00184162965992291,0,0.00184162965992291,NaN,0.6,0.017914573253056,0.142857142857143,0.00132365209928608,0.00253289382853846,0.00253289382853846,NaN,0.1,400,89,578,578,378,200,256,29,86,29,7393,242,84,84,84,84,84,84,84,84,84,0,20,C_ref_y
LIRCMOP9_BC,1,ref_y,50000,50058,229,63,1,0.21,63,0,0.00333929411693881,0.00909895036163721,63,20,4,0.00327596068847174,50.7936507936508,0.0653633795224211,0.0983324378055441,0,20,0,20,7,0.317460317460317,0.000161457717633444,0.000399147228901785,0,0.000399147228901785,NaN,0.7,0.00583871712107287,0.19047619047619,0.0013581381811133,0.0026311799103924,0.0026311799103924,NaN,0.35,400,65,530,530,289,241,206,25,96,21,4960,108,63,63,63,63,63,63,63,63,63,0,20,C_ref_y
LIRCMOP9_BC,1,ref_y,70000,70078,320,60,1,0.2,60,0,0.00255749721781726,0.00651411818305324,60,20,4,0.00311996256044927,53.3333333333333,0.0691646772662097,0.0986510991018918,0,20,0,20,4,0.333333333333333,0.000776763534325406,0.00139670467483355,0,0.00139670467483355,NaN,0.05,-0.0089803895395463,0.2,0.0010309941297733,0.00178639592112463,0.00178639592112463,NaN,0.2,400,74,548,548,266,282,210,21,82,21,7930,192,63,63,63,63,60,60,60,60,60,0,20,C_ref_y
LIRCMOP9_BC,1,ref_y,100000,100218,457,66,1,0.22,66,0,0.00219845556947837,0.00574882291336783,66,20,4,0.0034319588164942,48.4848484848485,0.0771638904185896,0.116605427563477,0,20,0,20,4,0.303030303030303,0.000310882194182025,0.000924085753143017,0,0.000924085753143017,NaN,0.7,0.0032433994021312,0.181818181818182,0.000857041952275313,0.00117369410574412,0.00117369410574412,NaN,0.2,400,81,562,562,262,300,208,23,96,22,7630,93,66,66,66,66,66,66,66,66,66,0,20,C_ref_y
LIRCMOP10_BC,1,ref_y,10000,10169,47,36,1,0.12,36,0,0.00624756128543806,0.0182680810668113,36,20,4,0.00187197753626956,88.8888888888889,0.208068412793626,0.340590973993416,0,20,0,20,0,0.555555555555556,0.000166680148024762,0.000200963841491669,0,0.00271148292861006,NaN,0.05,-0.0457636733514098,0,0.00325108863434726,0.00914065505092138,0.00914065505092138,NaN,0,400,35,470,470,380,90,210,14,68,12,4095,252,36,36,36,36,36,36,36,36,36,0,20,C_ref_y
LIRCMOP10_BC,1,ref_y,30000,30189,138,69,1,0.23,69,0,0.00746948418768725,0.0212770407152777,69,20,4,0.00358795694451667,46.3768115942029,0.0874649180188491,0.158003820370097,0,20,0,20,9,0.289855072463768,7.40846238688638e-05,0.000203178282394171,0,0.000375449611217752,NaN,0.7,0.00407282461766465,0.173913043478261,0.000510003527814837,0.000753603036555089,0.000753603036555089,NaN,0.45,400,60,520,520,328,192,244,30,78,23,5314,171,69,69,69,69,69,69,69,69,69,0,20,C_ref_y
LIRCMOP10_BC,1,ref_y,50000,50209,229,108,1,0.36,108,0,0.00717808325151385,0.0224486115079722,108,20,4,0.00561593260880869,29.6296296296296,0.0741901188037053,0.142324962602342,0,20,0,20,11,0.185185185185185,1.62311320418755e-05,5.79681707345655e-05,0,0.00136056145064645,NaN,1,0.00717809546512069,0.111111111111111,0.00149809179776777,0.00173784479886598,0.00173784479886598,NaN,0.55,400,108,616,616,363,253,277,43,100,43,6928,279,108,108,108,108,108,108,108,108,108,0,20,C_ref_y
LIRCMOP10_BC,1,ref_y,70000,70009,319,130,1,0.44,130,0,0.00377258970165012,0.014628851638253,130,20,4,0.00675991888097343,24.6153846153846,0.0973357914139852,0.24321990312954,0,20,0,20,4,0.153846153846154,0.000281802326392463,0.000406033160247873,0,0.000531233465444824,NaN,0.95,0.00520223361416651,0.0909090909090909,0.000477094334584102,0.000855202687172481,0.000855202687172481,NaN,0.2,400,123,646,646,372,274,296,51,100,51,7908,326,133,133,133,133,130,130,130,130,130,0,20,C_ref_y
LIRCMOP10_BC,1,ref_y,100000,100149,456,126,1,0.42,126,0,0.00919876107766782,0.0343876458402897,126,20,4,0.00655192137694348,25.3968253968254,0.104165695833353,0.209138553465698,0,20,0,20,5,0.158730158730159,0.000872181429053275,0.00147539558971154,0,0.00191961043703673,NaN,0.45,-0.0203434602930867,0.0952380952380952,0.00249888705413678,0.00277442967032946,0.00277442967032946,NaN,0.25,400,136,672,672,367,305,297,48,100,48,9776,331,129,129,129,129,126,126,126,126,126,0,20,C_ref_y
