problem,run,target_FE,actual_FE,gen,bmem_count,boundary_count,train_count,query_count,raw_generated_count,feasible_generated_count,boundary_dist50,boundary_dist90,query_width90,generated_new_ref_hit_rate,train_dec_rmse,train_obj_dist50,train_obj_dist90,train_feasible_rate,query_obj_dist50,query_obj_dist90,feasible_rate,branch,ganIter,outDir
DASCMOP1_BC,1,10000,10048,45,15,3,15,5,20,0,0.0255030915711115,0.0408296051226634,0.0146574855354803,1,0.157013636903161,0.027173769088145,0.0805468858320518,0,0.0279268677322238,0.08180643458972,0,chain,30,/Users/lanai/Code/Matlab/PlatEMO/PlatEMO/Data/CBS_CGAN/branch_ablation_chain_vs_single_20260621_195647/chain_iter030
DASCMOP1_BC,1,30000,30068,136,28,3,28,5,20,0,0.0334091833906903,0.04089611277226,0.00106160178255012,1,0.0800048595710764,0.0171262700978343,0.0401852095359805,0.0357142857142857,0.0374177709756447,0.04089611277226,0,chain,30,/Users/lanai/Code/Matlab/PlatEMO/PlatEMO/Data/CBS_CGAN/branch_ablation_chain_vs_single_20260621_195647/chain_iter030
DASCMOP1_BC,1,50000,50088,227,31,3,31,5,20,0,0.0316075432847715,0.0370611044787644,0.000936998019351728,1,0.0959325398738285,0.0226164879671266,0.0401724145934541,0.032258064516129,0.0316467060551078,0.091294655412087,0,chain,30,/Users/lanai/Code/Matlab/PlatEMO/PlatEMO/Data/CBS_CGAN/branch_ablation_chain_vs_single_20260621_195647/chain_iter030
DASCMOP1_BC,1,70000,70108,318,31,2,31,5,20,0,0.0279032632153288,0.038683762204975,0.00259549601653825,1,0.0721924524249266,0.0175083860386918,0.0289885403639189,0.32258064516129,0.0289974392506363,0.0388004762389988,0,chain,30,/Users/lanai/Code/Matlab/PlatEMO/PlatEMO/Data/CBS_CGAN/branch_ablation_chain_vs_single_20260621_195647/chain_iter030
DASCMOP1_BC,1,100000,100028,454,32,5,32,5,20,0,0.0289766571295452,0.0322378477120739,0.00050822865131981,1,0.0745808783011839,0.0295814562174532,0.0329230635382748,0,0.0304029836687292,0.032533263521956,0,chain,30,/Users/lanai/Code/Matlab/PlatEMO/PlatEMO/Data/CBS_CGAN/branch_ablation_chain_vs_single_20260621_195647/chain_iter030
DASCMOP2_BC,1,10000,10020,45,17,2,17,5,20,0,0.0294409848135469,0.0306160363265497,0.00150222130509131,1,0.112695813597179,0.0311648699902886,0.0345032067276509,0,0.0333392128297239,0.0351081427632459,0,chain,30,/Users/lanai/Code/Matlab/PlatEMO/PlatEMO/Data/CBS_CGAN/branch_ablation_chain_vs_single_20260621_195647/chain_iter030
DASCMOP2_BC,1,30000,30040,136,40,5,40,5,20,0,0.0368161277930763,0.0380652170790557,0.000328275250330999,1,0.094485578396927,0.0424397529775892,0.055065506947268,0,0.0411439827535332,0.0520906445215981,0,chain,30,/Users/lanai/Code/Matlab/PlatEMO/PlatEMO/Data/CBS_CGAN/branch_ablation_chain_vs_single_20260621_195647/chain_iter030
DASCMOP2_BC,1,50000,50060,227,46,3,46,5,20,0,0.0128602048278566,0.0286053065657289,0.000309920923622762,1,0.110002608938247,0.024238479635354,0.0351394115032149,0.326086956521739,0.015540181020757,0.0312668800248387,0,chain,30,/Users/lanai/Code/Matlab/PlatEMO/PlatEMO/Data/CBS_CGAN/branch_ablation_chain_vs_single_20260621_195647/chain_iter030
DASCMOP2_BC,1,70000,70080,318,46,2,46,5,20,0,0.0253209286558458,0.0288711196848822,9.64087544971552e-05,1,0.109143901791668,0.0305866810961326,0.0438575425189973,0.0434782608695652,0.042776444086308,0.0429630107816587,0,chain,30,/Users/lanai/Code/Matlab/PlatEMO/PlatEMO/Data/CBS_CGAN/branch_ablation_chain_vs_single_20260621_195647/chain_iter030
DASCMOP2_BC,1,100000,100000,454,44,3,44,5,20,8,0.021785475852027,0.0280827498813193,0.000835991524446516,1,0.118425961116213,0.0197096904625791,0.0451832103111691,0.363636363636364,0.0234473227997418,0.0316525187969472,0.4,chain,30,/Users/lanai/Code/Matlab/PlatEMO/PlatEMO/Data/CBS_CGAN/branch_ablation_chain_vs_single_20260621_195647/chain_iter030
LIRCMOP6_BC,1,10000,10108,49,10,4,10,5,20,3,0.00537820197943048,0.007057066769576,0.00253851466489017,1,0.0587980356082444,0.0149893319223193,0.0297983849686152,0,0.0200955069516172,0.027629020819091,0.15,chain,30,/Users/lanai/Code/Matlab/PlatEMO/PlatEMO/Data/CBS_CGAN/branch_ablation_chain_vs_single_20260621_195647/chain_iter030
LIRCMOP6_BC,1,30000,30128,140,61,14,61,5,20,11,0.00829116836286262,0.0257838847587675,0.000734032650527323,0,0.0624209363362984,0.0127824800267549,0.0173665698447626,0.311475409836066,0.0171307196671507,0.0309100194943349,0.55,chain,30,/Users/lanai/Code/Matlab/PlatEMO/PlatEMO/Data/CBS_CGAN/branch_ablation_chain_vs_single_20260621_195647/chain_iter030
LIRCMOP6_BC,1,50000,50148,231,76,17,76,5,20,8,0.00993757755631022,0.0219485317054974,0.000743468995661989,0.2,0.0681347931336731,0.0101339434102068,0.0154912436727088,0.105263157894737,0.015420612002735,0.0233669233256224,0.4,chain,30,/Users/lanai/Code/Matlab/PlatEMO/PlatEMO/Data/CBS_CGAN/branch_ablation_chain_vs_single_20260621_195647/chain_iter030
LIRCMOP6_BC,1,70000,70168,322,42,8,42,5,20,8,0.00966409565132674,0.012002943597121,0.000691866924824313,0.4,0.0892202373332517,0.0120424078782159,0.0200864122036614,0.214285714285714,0.0125082060331208,0.0160693645241331,0.4,chain,30,/Users/lanai/Code/Matlab/PlatEMO/PlatEMO/Data/CBS_CGAN/branch_ablation_chain_vs_single_20260621_195647/chain_iter030
LIRCMOP6_BC,1,100000,100088,458,41,9,41,5,20,8,0.0103718411634987,0.0140603618716657,0.00135631480735996,0,0.0600634478449013,0.00220012670168906,0.0144935071928106,0.609756097560976,0.0148911218912703,0.0202204519150283,0.4,chain,30,/Users/lanai/Code/Matlab/PlatEMO/PlatEMO/Data/CBS_CGAN/branch_ablation_chain_vs_single_20260621_195647/chain_iter030
LIRCMOP8_BC,1,10000,10144,48,39,7,39,5,20,0,0.00684212520067224,0.00897144604431079,0.000812388577652582,1,0.0646954745052704,0.0241263095398305,0.0509591304728812,0,0.0462207605176435,0.0591268066095653,0,chain,30,/Users/lanai/Code/Matlab/PlatEMO/PlatEMO/Data/CBS_CGAN/branch_ablation_chain_vs_single_20260621_195647/chain_iter030
LIRCMOP8_BC,1,30000,30164,139,51,12,51,5,20,8,0.00845201007741717,0.0128531888456315,0.000424858808560921,1,0.0642912804233018,0.0142857400962958,0.0183145493594042,0.117647058823529,0.012194186825012,0.01908057135794,0.4,chain,30,/Users/lanai/Code/Matlab/PlatEMO/PlatEMO/Data/CBS_CGAN/branch_ablation_chain_vs_single_20260621_195647/chain_iter030
LIRCMOP8_BC,1,50000,50184,230,53,15,53,5,20,15,0.0034137911780465,0.0413746388923511,0.000938420726744501,0,0.0639932998306352,0.00501136262731319,0.00695610369191746,0.188679245283019,0.00657541868622398,0.043136028028401,0.75,chain,30,/Users/lanai/Code/Matlab/PlatEMO/PlatEMO/Data/CBS_CGAN/branch_ablation_chain_vs_single_20260621_195647/chain_iter030
LIRCMOP8_BC,1,70000,70204,321,59,11,59,5,20,1,0.00330734586310887,0.00992910146058178,0.000416487541523002,0.8,0.0661508973544741,0.00316362956002494,0.00589063804725564,0.0677966101694915,0.00645006094238523,0.0108872299203376,0.05,chain,30,/Users/lanai/Code/Matlab/PlatEMO/PlatEMO/Data/CBS_CGAN/branch_ablation_chain_vs_single_20260621_195647/chain_iter030
LIRCMOP8_BC,1,100000,100124,457,72,5,72,5,20,0,0.00257416351512754,0.00699096534294003,0.000980205762279085,0.4,0.0716662571231001,0.00424543098303224,0.00639364147282536,0.0416666666666667,0.00533675791994651,0.00885350716501257,0,chain,30,/Users/lanai/Code/Matlab/PlatEMO/PlatEMO/Data/CBS_CGAN/branch_ablation_chain_vs_single_20260621_195647/chain_iter030
DASCMOP1_BC,1,10000,10048,45,16,2,16,5,20,0,0.0690608355065202,0.0713477342270872,0.00245857106214994,1,0.158165011159783,0.0716314737221658,0.104108942770935,0,0.071808182725334,0.0792180787656104,0,chain,50,/Users/lanai/Code/Matlab/PlatEMO/PlatEMO/Data/CBS_CGAN/branch_ablation_chain_vs_single_20260621_195647/chain_iter050
DASCMOP1_BC,1,30000,30068,136,31,3,31,5,20,0,0.0218984449780378,0.0261631577822563,0.00187356656144616,1,0.0809032418182408,0.0237525061701988,0.0456058618609685,0.193548387096774,0.030194302177083,0.0925222575327795,0,chain,50,/Users/lanai/Code/Matlab/PlatEMO/PlatEMO/Data/CBS_CGAN/branch_ablation_chain_vs_single_20260621_195647/chain_iter050
DASCMOP1_BC,1,50000,50088,227,29,2,29,5,20,0,0.0308140519259848,0.0343762296403938,0.000259723836975623,1,0.0806533357701982,0.00615887934577746,0.0339435311864077,0.413793103448276,0.0340176654934938,0.0354769787663735,0,chain,50,/Users/lanai/Code/Matlab/PlatEMO/PlatEMO/Data/CBS_CGAN/branch_ablation_chain_vs_single_20260621_195647/chain_iter050
DASCMOP1_BC,1,70000,70108,318,29,3,29,5,20,4,0.0257744993466649,0.043250946220107,0.000710901048474844,1,0.0928768081744366,0.0118608294591394,0.0483768282370247,0.689655172413793,0.02862311732291,0.0478434752405614,0.2,chain,50,/Users/lanai/Code/Matlab/PlatEMO/PlatEMO/Data/CBS_CGAN/branch_ablation_chain_vs_single_20260621_195647/chain_iter050
DASCMOP1_BC,1,100000,100028,454,32,4,32,5,20,4,0.0149344517566135,0.0243510081743488,0.000522051951259036,1,0.0897453127154293,0.0118980248206795,0.0270875589825755,0.1875,0.0311764509171108,0.038265483250467,0.2,chain,50,/Users/lanai/Code/Matlab/PlatEMO/PlatEMO/Data/CBS_CGAN/branch_ablation_chain_vs_single_20260621_195647/chain_iter050
DASCMOP2_BC,1,10000,10020,45,18,2,18,5,20,0,0.0263429197437682,0.0277478776305334,0.0018401278064468,1,0.107034266322114,0.0260922744992871,0.0310731072388597,0,0.0311283773019594,0.0330377041380859,0,chain,50,/Users/lanai/Code/Matlab/PlatEMO/PlatEMO/Data/CBS_CGAN/branch_ablation_chain_vs_single_20260621_195647/chain_iter050
DASCMOP2_BC,1,30000,30040,136,36,6,36,5,20,9,0.00759724735863462,0.024552164042684,0.00167067877445128,1,0.103442699558219,0.0213827857625442,0.0389934335894909,0.305555555555556,0.00862355816322175,0.0283888838945484,0.45,chain,50,/Users/lanai/Code/Matlab/PlatEMO/PlatEMO/Data/CBS_CGAN/branch_ablation_chain_vs_single_20260621_195647/chain_iter050
DASCMOP2_BC,1,50000,50060,227,41,6,41,5,20,0,0.0346469411817051,0.0358764518286895,0.00076106616023067,1,0.104916521680588,0.024728975139301,0.0348216004661361,0.292682926829268,0.0346689814834559,0.0358833315646849,0,chain,50,/Users/lanai/Code/Matlab/PlatEMO/PlatEMO/Data/CBS_CGAN/branch_ablation_chain_vs_single_20260621_195647/chain_iter050
DASCMOP2_BC,1,70000,70080,318,43,3,43,5,20,0,0.0338511452733786,0.0397149281883733,0.000975683324635334,1,0.110602357298372,0.0240274642075369,0.0405238819239399,0,0.0384083677711542,0.0404639732418641,0,chain,50,/Users/lanai/Code/Matlab/PlatEMO/PlatEMO/Data/CBS_CGAN/branch_ablation_chain_vs_single_20260621_195647/chain_iter050
DASCMOP2_BC,1,100000,100000,454,47,2,47,5,20,12,0.0123087015531895,0.0357952178060299,0.000295709437439001,1,0.100815647075748,0.0123217207751835,0.03862547037616,0.319148936170213,0.0157392775973442,0.0365097890313447,0.6,chain,50,/Users/lanai/Code/Matlab/PlatEMO/PlatEMO/Data/CBS_CGAN/branch_ablation_chain_vs_single_20260621_195647/chain_iter050
LIRCMOP6_BC,1,10000,10124,49,21,7,21,5,20,11,0.00390756681410654,0.00939871577859912,0.00133135278128638,1,0.0651032968652401,0.0140910367245027,0.0570203728661857,0.380952380952381,0.0289656703056792,0.106239297169334,0.55,chain,50,/Users/lanai/Code/Matlab/PlatEMO/PlatEMO/Data/CBS_CGAN/branch_ablation_chain_vs_single_20260621_195647/chain_iter050
LIRCMOP6_BC,1,30000,30144,140,45,10,45,5,20,14,0.000774748611735798,0.0012916792823006,0.000686844266359098,0.2,0.0560811842591604,0.0113395206864991,0.0147273167355771,0.244444444444444,0.00269859980351122,0.0267299809402862,0.7,chain,50,/Users/lanai/Code/Matlab/PlatEMO/PlatEMO/Data/CBS_CGAN/branch_ablation_chain_vs_single_20260621_195647/chain_iter050
LIRCMOP6_BC,1,50000,50164,231,59,13,59,5,20,4,0.00429822030667059,0.00669709801177323,0.00108813763994064,0.4,0.0800984572870598,0.00643204752716523,0.0194897960461819,0.305084745762712,0.0188479714363864,0.0353014522264541,0.2,chain,50,/Users/lanai/Code/Matlab/PlatEMO/PlatEMO/Data/CBS_CGAN/branch_ablation_chain_vs_single_20260621_195647/chain_iter050
LIRCMOP6_BC,1,70000,70184,322,27,7,27,5,20,14,0.00419105400954151,0.00703394752762345,0.000622813835994834,0,0.0628549090787391,0.00864140782908281,0.030800328462351,0.407407407407407,0.0143689994753325,0.0334025268376217,0.7,chain,50,/Users/lanai/Code/Matlab/PlatEMO/PlatEMO/Data/CBS_CGAN/branch_ablation_chain_vs_single_20260621_195647/chain_iter050
LIRCMOP6_BC,1,100000,100104,458,56,12,56,5,20,12,0.000654658861762472,0.00377808636092421,9.94358433117948e-05,0.6,0.0457786082306446,0.000663447852440952,0.00516542761452375,0.714285714285714,0.000718663152100338,0.00523184961828858,0.6,chain,50,/Users/lanai/Code/Matlab/PlatEMO/PlatEMO/Data/CBS_CGAN/branch_ablation_chain_vs_single_20260621_195647/chain_iter050
LIRCMOP8_BC,1,10000,10152,48,31,3,31,5,20,8,0.00277005390000606,0.00372473454854712,0.00208301086787399,1,0.0588640805279132,0.0205954637169849,0.0319345116227426,0.0645161290322581,0.0206965336601366,0.0535221030382683,0.4,chain,50,/Users/lanai/Code/Matlab/PlatEMO/PlatEMO/Data/CBS_CGAN/branch_ablation_chain_vs_single_20260621_195647/chain_iter050
LIRCMOP8_BC,1,30000,30172,139,24,4,24,5,20,0,0.00662687362218302,0.0200813881705289,0.000490045914674562,1,0.0502450868720876,0.00417816072689961,0.0202403261518967,0.125,0.0178524841511006,0.0240130530163677,0,chain,50,/Users/lanai/Code/Matlab/PlatEMO/PlatEMO/Data/CBS_CGAN/branch_ablation_chain_vs_single_20260621_195647/chain_iter050
LIRCMOP8_BC,1,50000,50192,230,57,11,57,5,20,12,0.00118875667778792,0.0139321669799204,0.000443070557629464,0,0.0533445443680842,0.00408364131367044,0.00693717016563244,0.192982456140351,0.00267468900749357,0.0148980123602265,0.6,chain,50,/Users/lanai/Code/Matlab/PlatEMO/PlatEMO/Data/CBS_CGAN/branch_ablation_chain_vs_single_20260621_195647/chain_iter050
LIRCMOP8_BC,1,70000,70212,321,48,16,48,5,20,9,0.00192372153285968,0.00509777710517306,0.00226524095501304,1,0.0560172807624507,0.0064098161883636,0.0115677560837061,0.208333333333333,0.00788301617672083,0.0216037155159393,0.45,chain,50,/Users/lanai/Code/Matlab/PlatEMO/PlatEMO/Data/CBS_CGAN/branch_ablation_chain_vs_single_20260621_195647/chain_iter050
LIRCMOP8_BC,1,100000,100132,457,63,12,63,5,20,5,0.00835143071350064,0.0133487674681129,0.00134137738786114,1,0.0773272425358006,0.00346120616821064,0.015521593229393,0.333333333333333,0.012139625209232,0.0195133760494449,0.25,chain,50,/Users/lanai/Code/Matlab/PlatEMO/PlatEMO/Data/CBS_CGAN/branch_ablation_chain_vs_single_20260621_195647/chain_iter050
DASCMOP1_BC,1,10000,10048,45,11,1,11,5,20,0,0.0292929892195712,0.0302113945762854,0.000997601874487569,1,0.147186840544372,0.0305595298795732,0.0333340301387459,0,0.0319054825914585,0.0336938197864564,0,chain,100,/Users/lanai/Code/Matlab/PlatEMO/PlatEMO/Data/CBS_CGAN/branch_ablation_chain_vs_single_20260621_195647/chain_iter100
DASCMOP1_BC,1,30000,30068,136,27,4,27,5,20,0,0.0088937689296921,0.0105662431159321,0.000416141874060683,1,0.083128433483318,0.0112777540016162,0.0141944766655789,0.0740740740740741,0.0139318121277101,0.0144578698093224,0,chain,100,/Users/lanai/Code/Matlab/PlatEMO/PlatEMO/Data/CBS_CGAN/branch_ablation_chain_vs_single_20260621_195647/chain_iter100
DASCMOP1_BC,1,50000,50088,227,26,2,26,5,20,8,0.0303406092523684,0.0323860545838032,0.00105929714702153,1,0.0939621002981268,0.0140850452610299,0.0338223030142149,0.576923076923077,0.0334287494682777,0.0349359572579773,0.4,chain,100,/Users/lanai/Code/Matlab/PlatEMO/PlatEMO/Data/CBS_CGAN/branch_ablation_chain_vs_single_20260621_195647/chain_iter100
DASCMOP1_BC,1,70000,70108,318,30,2,30,5,20,13,0.0489503967192214,0.0628572302911083,0.00177674620917547,1,0.074717282288918,0.00713911697612144,0.039543770299445,0.466666666666667,0.0497300291139705,0.0630527647114718,0.65,chain,100,/Users/lanai/Code/Matlab/PlatEMO/PlatEMO/Data/CBS_CGAN/branch_ablation_chain_vs_single_20260621_195647/chain_iter100
DASCMOP1_BC,1,100000,100028,454,31,2,31,5,20,0,0.0296490322126819,0.0319632344742653,0.00013113914896447,1,0.0859368194550461,0.0272196414853531,0.033785654687207,0,0.0332037372433197,0.0357240223274463,0,chain,100,/Users/lanai/Code/Matlab/PlatEMO/PlatEMO/Data/CBS_CGAN/branch_ablation_chain_vs_single_20260621_195647/chain_iter100
DASCMOP2_BC,1,10000,10020,45,18,1,18,5,20,0,0.0118967672012311,0.012470850745412,0.000518785257428483,1,0.124048507291118,0.0145098786433684,0.0177622563423703,0,0.0172592945797548,0.0178064880840627,0,chain,100,/Users/lanai/Code/Matlab/PlatEMO/PlatEMO/Data/CBS_CGAN/branch_ablation_chain_vs_single_20260621_195647/chain_iter100
DASCMOP2_BC,1,30000,30040,136,37,5,37,5,20,12,0.0063841356046557,0.03209659108111,0.00079345951497903,1,0.115590334763383,0.0135627618232901,0.0319240281179253,0.162162162162162,0.00837048495456833,0.0373033963373221,0.6,chain,100,/Users/lanai/Code/Matlab/PlatEMO/PlatEMO/Data/CBS_CGAN/branch_ablation_chain_vs_single_20260621_195647/chain_iter100
DASCMOP2_BC,1,50000,50060,227,46,1,46,5,20,8,0.037953381816996,0.045186920702952,0.000730633095172208,1,0.129048558819278,0.0279722047433049,0.0556852536903282,0.456521739130435,0.0398267097741166,0.0524633610760979,0.4,chain,100,/Users/lanai/Code/Matlab/PlatEMO/PlatEMO/Data/CBS_CGAN/branch_ablation_chain_vs_single_20260621_195647/chain_iter100
DASCMOP2_BC,1,70000,70080,318,44,5,44,5,20,0,0.014454197303503,0.0203087330700829,0.000400587399224867,1,0.10887984936284,0.0170741627443415,0.027026190061479,0.181818181818182,0.0171636922990116,0.0207006450245777,0,chain,100,/Users/lanai/Code/Matlab/PlatEMO/PlatEMO/Data/CBS_CGAN/branch_ablation_chain_vs_single_20260621_195647/chain_iter100
DASCMOP2_BC,1,100000,100000,454,50,1,50,5,20,12,0.0194686225085133,0.0304695681657292,0.00026029705823079,1,0.117326171422557,0.0249207700146521,0.0770163396231922,0.68,0.0204979784991355,0.0306761021144921,0.6,chain,100,/Users/lanai/Code/Matlab/PlatEMO/PlatEMO/Data/CBS_CGAN/branch_ablation_chain_vs_single_20260621_195647/chain_iter100
LIRCMOP6_BC,1,10000,10124,49,17,5,17,5,20,8,0.00764631614218228,0.00851016711913998,0.000778958443665061,1,0.0727250961549051,0.0165554517182266,0.0745607650800899,0.0588235294117647,0.0143923522952011,0.103375488060647,0.4,chain,100,/Users/lanai/Code/Matlab/PlatEMO/PlatEMO/Data/CBS_CGAN/branch_ablation_chain_vs_single_20260621_195647/chain_iter100
LIRCMOP6_BC,1,30000,30144,140,43,9,43,5,20,16,0.00626972639958756,0.00753922740392587,0.000506753573309756,0.4,0.0522540869268914,0.00613302564161808,0.0107513354718139,0.325581395348837,0.0080276129064432,0.013473228326131,0.8,chain,100,/Users/lanai/Code/Matlab/PlatEMO/PlatEMO/Data/CBS_CGAN/branch_ablation_chain_vs_single_20260621_195647/chain_iter100
LIRCMOP6_BC,1,50000,50164,231,73,14,73,5,20,4,0.00518095940669534,0.00825209271116527,0.0131904511291327,0.2,0.0546682518152109,0.00444602552573761,0.00776368429460653,0.0684931506849315,0.00696692771059251,0.0170637468682225,0.2,chain,100,/Users/lanai/Code/Matlab/PlatEMO/PlatEMO/Data/CBS_CGAN/branch_ablation_chain_vs_single_20260621_195647/chain_iter100
LIRCMOP6_BC,1,70000,70184,322,27,8,27,5,20,18,0.0114852549790085,0.0157061312138459,0.00597690609747368,0.4,0.0421432511062032,0.00243444642054339,0.0132327534521314,0.296296296296296,0.0164085703171478,0.0220638473401081,0.9,chain,100,/Users/lanai/Code/Matlab/PlatEMO/PlatEMO/Data/CBS_CGAN/branch_ablation_chain_vs_single_20260621_195647/chain_iter100
LIRCMOP6_BC,1,100000,100104,458,50,13,50,5,20,12,0.00636584820710853,0.0156917458400481,0.000403667028440936,0,0.0483548327694269,0.00224413193399947,0.0224145292647124,0.62,0.0274425266178876,0.040829347901394,0.6,chain,100,/Users/lanai/Code/Matlab/PlatEMO/PlatEMO/Data/CBS_CGAN/branch_ablation_chain_vs_single_20260621_195647/chain_iter100
LIRCMOP8_BC,1,10000,10140,48,41,5,41,5,20,0,0.00920663685741087,0.009785637342926,0.00247211273045113,1,0.0703430052686676,0.0208570439639358,0.0442727021921119,0,0.0287920981663842,0.0709127109862815,0,chain,100,/Users/lanai/Code/Matlab/PlatEMO/PlatEMO/Data/CBS_CGAN/branch_ablation_chain_vs_single_20260621_195647/chain_iter100
LIRCMOP8_BC,1,30000,30160,139,49,8,49,5,20,5,0.00285886210028005,0.00330661580052441,0.000976819838607752,1,0.0598571365482613,0.00446672598171642,0.0149554547012664,0.26530612244898,0.00428556476196222,0.00951921728331987,0.25,chain,100,/Users/lanai/Code/Matlab/PlatEMO/PlatEMO/Data/CBS_CGAN/branch_ablation_chain_vs_single_20260621_195647/chain_iter100
LIRCMOP8_BC,1,50000,50180,230,64,14,64,5,20,13,0.00192441227244196,0.00325843489184603,0.000924883033342146,0.8,0.0455322954053573,0.00338467185372871,0.00849322239558905,0.21875,0.00875728363815863,0.0262205557931833,0.65,chain,100,/Users/lanai/Code/Matlab/PlatEMO/PlatEMO/Data/CBS_CGAN/branch_ablation_chain_vs_single_20260621_195647/chain_iter100
LIRCMOP8_BC,1,70000,70200,321,38,6,38,5,20,13,0.0582332692008839,0.120152423352477,0.00637376363446265,0,0.106471051513438,0.0130038044859104,0.0964870394447008,0.342105263157895,0.100686750752332,0.176559017567824,0.65,chain,100,/Users/lanai/Code/Matlab/PlatEMO/PlatEMO/Data/CBS_CGAN/branch_ablation_chain_vs_single_20260621_195647/chain_iter100
LIRCMOP8_BC,1,100000,100120,457,77,12,77,5,20,10,0.000981844937339399,0.00454727908856876,0.0019254809850899,0.6,0.0663524908659246,0.00488303780993472,0.00653186831768922,0.0649350649350649,0.00304790647336205,0.00647903821518208,0.5,chain,100,/Users/lanai/Code/Matlab/PlatEMO/PlatEMO/Data/CBS_CGAN/branch_ablation_chain_vs_single_20260621_195647/chain_iter100
DASCMOP1_BC,1,10000,10048,45,13,1,13,5,20,0,0.0785962384609671,0.0817565369379329,0.00257515299222534,1,0.133160024741528,0.0784298192948867,0.0835844022233013,0,0.0844529592961304,0.0855989598374871,0,single,30,/Users/lanai/Code/Matlab/PlatEMO/PlatEMO/Data/CBS_CGAN/branch_ablation_chain_vs_single_20260621_195647/single_iter030
DASCMOP1_BC,1,30000,30068,136,34,1,34,5,20,0,0.00468189581017569,0.0544526534201819,0.0038654720246953,1,0.105754003875857,0.0237824796857886,0.0745019570899544,0.235294117647059,0.0445013255942764,0.102335491290205,0,single,30,/Users/lanai/Code/Matlab/PlatEMO/PlatEMO/Data/CBS_CGAN/branch_ablation_chain_vs_single_20260621_195647/single_iter030
DASCMOP1_BC,1,50000,50088,227,32,1,32,5,20,0,0.0288543731596926,0.031164101265162,0.00146473120994307,1,0.0766253976715023,0.00868241996116597,0.04234548304601,0.6875,0.0863862863585512,0.099322905001905,0,single,30,/Users/lanai/Code/Matlab/PlatEMO/PlatEMO/Data/CBS_CGAN/branch_ablation_chain_vs_single_20260621_195647/single_iter030
DASCMOP1_BC,1,70000,70108,318,33,1,33,5,20,0,0.0220335543506449,0.0456685832709551,0.00113667096899278,1,0.0629250218330372,0.0106055012823208,0.0255549262266604,0.121212121212121,0.0404029566637861,0.0886352434382656,0,single,30,/Users/lanai/Code/Matlab/PlatEMO/PlatEMO/Data/CBS_CGAN/branch_ablation_chain_vs_single_20260621_195647/single_iter030
DASCMOP1_BC,1,100000,100028,454,35,1,35,5,20,0,0.0228892565436589,0.0381671291873274,0.000692357675923792,1,0.0822933253832767,0.00735498959017466,0.0308299084726742,0.628571428571429,0.051487481231169,0.0828403238005428,0,single,30,/Users/lanai/Code/Matlab/PlatEMO/PlatEMO/Data/CBS_CGAN/branch_ablation_chain_vs_single_20260621_195647/single_iter030
DASCMOP2_BC,1,10000,10040,45,19,1,19,5,20,0,0.0238230662432085,0.0271680823123316,0.000505704389499862,1,0.11089134228835,0.0285865640002606,0.0369654042161846,0,0.0293365038197078,0.038088813027515,0,single,30,/Users/lanai/Code/Matlab/PlatEMO/PlatEMO/Data/CBS_CGAN/branch_ablation_chain_vs_single_20260621_195647/single_iter030
DASCMOP2_BC,1,30000,30060,136,40,1,40,5,20,12,0.00914075629836528,0.0189785303575261,0.000839549689477125,1,0.0903090827657421,0.0211406058935553,0.053851540643135,0.375,0.0144610013303474,0.0190838489338357,0.6,single,30,/Users/lanai/Code/Matlab/PlatEMO/PlatEMO/Data/CBS_CGAN/branch_ablation_chain_vs_single_20260621_195647/single_iter030
DASCMOP2_BC,1,50000,50080,227,49,1,49,5,20,4,0.0166931230912854,0.0211803480483477,0.000635713730099335,1,0.0962457022315402,0.0200230036164358,0.0421391593294932,0.26530612244898,0.0206209296158987,0.0252227006702742,0.2,single,30,/Users/lanai/Code/Matlab/PlatEMO/PlatEMO/Data/CBS_CGAN/branch_ablation_chain_vs_single_20260621_195647/single_iter030
DASCMOP2_BC,1,70000,70100,318,50,1,50,5,20,4,0.0298743590394687,0.0409860549343724,0.000270229439006665,1,0.103227707757307,0.0165081320162611,0.0478470829854646,0.44,0.0343680956023653,0.04987993323357,0.2,single,30,/Users/lanai/Code/Matlab/PlatEMO/PlatEMO/Data/CBS_CGAN/branch_ablation_chain_vs_single_20260621_195647/single_iter030
DASCMOP2_BC,1,100000,100020,454,50,1,50,5,20,5,0.0139707039750826,0.0315164537920283,0.000393245425903321,1,0.107965399092879,0.0257737194144819,0.0562244011518281,0.26,0.0172150355016801,0.0318883512906472,0.25,single,30,/Users/lanai/Code/Matlab/PlatEMO/PlatEMO/Data/CBS_CGAN/branch_ablation_chain_vs_single_20260621_195647/single_iter030
LIRCMOP6_BC,1,10000,10172,49,24,1,24,5,20,15,0.00111916163125458,0.00232837696996536,0.00100937070401255,1,0.0562276089903005,0.0152287376724364,0.0241975577011296,1,0.0168661903810135,0.0205951927386948,0.75,single,30,/Users/lanai/Code/Matlab/PlatEMO/PlatEMO/Data/CBS_CGAN/branch_ablation_chain_vs_single_20260621_195647/single_iter030
LIRCMOP6_BC,1,30000,30192,140,73,1,73,5,20,0,0.00733777986888591,0.0078627854528469,0.000357488521098837,1,0.0782724939321072,0.0111054911738384,0.0186182876281203,0.342465753424658,0.0119131545059737,0.0126223681998463,0,single,30,/Users/lanai/Code/Matlab/PlatEMO/PlatEMO/Data/CBS_CGAN/branch_ablation_chain_vs_single_20260621_195647/single_iter030
LIRCMOP6_BC,1,50000,50212,231,89,1,89,5,20,8,0.00155046875273697,0.0024855309060336,0.000363989484292213,0,0.0754807950182111,0.0063910409510759,0.0167991450005033,0.550561797752809,0.0106143011437729,0.0162895644854545,0.4,single,30,/Users/lanai/Code/Matlab/PlatEMO/PlatEMO/Data/CBS_CGAN/branch_ablation_chain_vs_single_20260621_195647/single_iter030
LIRCMOP6_BC,1,70000,70012,321,65,1,65,5,20,0,0.00263543290633958,0.00303956482979469,0.000438314739858448,0,0.0519753265373719,0.00209065287380161,0.0100728276551351,0.661538461538462,0.0126400819932367,0.0143906724870822,0,single,30,/Users/lanai/Code/Matlab/PlatEMO/PlatEMO/Data/CBS_CGAN/branch_ablation_chain_vs_single_20260621_195647/single_iter030
LIRCMOP6_BC,1,100000,100152,458,60,1,60,5,20,0,0.00361458744824386,0.0039239217106594,0.000643290420597114,0,0.0546480318659765,0.000904415205993799,0.0142252887340505,0.75,0.0120283908988646,0.0142610020969374,0,single,30,/Users/lanai/Code/Matlab/PlatEMO/PlatEMO/Data/CBS_CGAN/branch_ablation_chain_vs_single_20260621_195647/single_iter030
LIRCMOP8_BC,1,10000,10152,48,53,1,53,5,20,0,0.00939728894217914,0.00993465208159229,0.00149271392013277,1,0.0746585742776329,0.0277670910056558,0.0556859232587101,0.0188679245283019,0.017682475691661,0.0397401370382045,0,single,30,/Users/lanai/Code/Matlab/PlatEMO/PlatEMO/Data/CBS_CGAN/branch_ablation_chain_vs_single_20260621_195647/single_iter030
LIRCMOP8_BC,1,30000,30172,139,47,1,47,5,20,0,0.0113050956704463,0.0123442919621181,0.000844220285035463,1,0.104919619884418,0.0183465063301379,0.0783655085603936,0.191489361702128,0.0211624955363762,0.0230980980588117,0,single,30,/Users/lanai/Code/Matlab/PlatEMO/PlatEMO/Data/CBS_CGAN/branch_ablation_chain_vs_single_20260621_195647/single_iter030
LIRCMOP8_BC,1,50000,50192,230,75,1,75,5,20,8,0.00146408380552975,0.00267109992406938,0.00199339868121888,0,0.0680858221007402,0.00344205102725731,0.0256818370370857,0.373333333333333,0.0153505651269016,0.0197363717776775,0.4,single,30,/Users/lanai/Code/Matlab/PlatEMO/PlatEMO/Data/CBS_CGAN/branch_ablation_chain_vs_single_20260621_195647/single_iter030
LIRCMOP8_BC,1,70000,70212,321,77,1,77,5,20,20,0.0156778604328577,0.0224605438538666,0.00509678195547373,0,0.0594808883053155,0.00834782438683169,0.0272157301177949,0.103896103896104,0.021253323013928,0.028553590448886,1,single,30,/Users/lanai/Code/Matlab/PlatEMO/PlatEMO/Data/CBS_CGAN/branch_ablation_chain_vs_single_20260621_195647/single_iter030
LIRCMOP8_BC,1,100000,100132,457,78,1,78,5,20,4,0.00242410438401975,0.00476996342334088,0.00172535500599329,1,0.0592942781507423,0.00665646241405973,0.00841344059846282,0.141025641025641,0.00597390728908415,0.00967743704850643,0.2,single,30,/Users/lanai/Code/Matlab/PlatEMO/PlatEMO/Data/CBS_CGAN/branch_ablation_chain_vs_single_20260621_195647/single_iter030
DASCMOP1_BC,1,10000,10048,45,13,1,13,5,20,0,0.0784227753549438,0.0815903977190025,0.000457976552646971,1,0.142646629315861,0.0806835487597032,0.092786012010787,0,0.0797776606558943,0.103741120999699,0,single,50,/Users/lanai/Code/Matlab/PlatEMO/PlatEMO/Data/CBS_CGAN/branch_ablation_chain_vs_single_20260621_195647/single_iter050
DASCMOP1_BC,1,30000,30068,136,33,1,33,5,20,0,0.0171515050190183,0.0264247123700286,0.00164091017530901,1,0.0860928839286687,0.0277180173412718,0.0596742022040597,0.242424242424242,0.093505988143047,0.107807892040101,0,single,50,/Users/lanai/Code/Matlab/PlatEMO/PlatEMO/Data/CBS_CGAN/branch_ablation_chain_vs_single_20260621_195647/single_iter050
DASCMOP1_BC,1,50000,50088,227,34,1,34,5,20,0,0.0379207814395768,0.0474627932179919,0.000601749917052052,1,0.101741729362616,0.033013128733241,0.0643064263676668,0.5,0.0943607896719587,0.11235966150792,0,single,50,/Users/lanai/Code/Matlab/PlatEMO/PlatEMO/Data/CBS_CGAN/branch_ablation_chain_vs_single_20260621_195647/single_iter050
DASCMOP1_BC,1,70000,70108,318,33,1,33,5,20,0,0.0279664575746353,0.0430772956711798,0.00069906338757088,1,0.0996086380648049,0.0113815490270808,0.017193743095455,0.0606060606060606,0.0424594859626909,0.062078736827047,0,single,50,/Users/lanai/Code/Matlab/PlatEMO/PlatEMO/Data/CBS_CGAN/branch_ablation_chain_vs_single_20260621_195647/single_iter050
DASCMOP1_BC,1,100000,100028,454,35,1,35,5,20,8,0.0108748598531361,0.0197886109969319,0.00110807795607083,1,0.0910654848354098,0.0100137854181271,0.031792142888169,0.571428571428571,0.0810565447410643,0.0855079770253304,0.4,single,50,/Users/lanai/Code/Matlab/PlatEMO/PlatEMO/Data/CBS_CGAN/branch_ablation_chain_vs_single_20260621_195647/single_iter050
DASCMOP2_BC,1,10000,10040,45,16,1,16,5,20,0,0.00563707985721439,0.00774956658707582,0.00245946747676545,1,0.134462701040756,0.0108873448329266,0.0322107112984764,0,0.0150625464478949,0.0239890898168121,0,single,50,/Users/lanai/Code/Matlab/PlatEMO/PlatEMO/Data/CBS_CGAN/branch_ablation_chain_vs_single_20260621_195647/single_iter050
DASCMOP2_BC,1,30000,30060,136,37,1,37,5,20,0,0.0321212032509876,0.0349193125018453,0.000366231739019399,1,0.105207980191515,0.0327508240737144,0.0542061943312745,0.243243243243243,0.041938686919549,0.0436816980688369,0,single,50,/Users/lanai/Code/Matlab/PlatEMO/PlatEMO/Data/CBS_CGAN/branch_ablation_chain_vs_single_20260621_195647/single_iter050
DASCMOP2_BC,1,50000,50080,227,47,1,47,5,20,0,0.00503750293163631,0.0131360126553201,0.0001363246620491,1,0.111585664750847,0.0129230738443424,0.0290858586657726,0,0.00630439586427538,0.0202090282269789,0,single,50,/Users/lanai/Code/Matlab/PlatEMO/PlatEMO/Data/CBS_CGAN/branch_ablation_chain_vs_single_20260621_195647/single_iter050
DASCMOP2_BC,1,70000,70100,318,49,1,49,5,20,0,0.0136672221316415,0.0417658008029666,0.000559277157597848,1,0.114770024241398,0.0230579446474262,0.0435602443486264,0.224489795918367,0.0201884304556297,0.056258950212494,0,single,50,/Users/lanai/Code/Matlab/PlatEMO/PlatEMO/Data/CBS_CGAN/branch_ablation_chain_vs_single_20260621_195647/single_iter050
DASCMOP2_BC,1,100000,100020,454,50,1,50,5,20,0,0.0142540119954686,0.0434700989572015,0.000236348967598485,1,0.109643216114907,0.0232890690030487,0.0804115753180645,0.16,0.0228763737390676,0.0446009275909401,0,single,50,/Users/lanai/Code/Matlab/PlatEMO/PlatEMO/Data/CBS_CGAN/branch_ablation_chain_vs_single_20260621_195647/single_iter050
LIRCMOP6_BC,1,10000,10176,49,24,1,24,5,20,0,0.00369031181448111,0.00443028838455247,0.000619797816432736,1,0.0562419232091143,0.0137522383913818,0.039417591056259,0,0.024685301926626,0.0346043235314276,0,single,50,/Users/lanai/Code/Matlab/PlatEMO/PlatEMO/Data/CBS_CGAN/branch_ablation_chain_vs_single_20260621_195647/single_iter050
LIRCMOP6_BC,1,30000,30196,140,61,1,61,5,20,4,0.00464053752820561,0.00544650001824349,0.00115124623943395,1,0.0708592216974101,0.00577621736838382,0.00708894185519501,0.262295081967213,0.00654961706385737,0.0333310968946158,0.2,single,50,/Users/lanai/Code/Matlab/PlatEMO/PlatEMO/Data/CBS_CGAN/branch_ablation_chain_vs_single_20260621_195647/single_iter050
LIRCMOP6_BC,1,50000,50216,231,88,1,88,5,20,4,0.000332287644271211,0.000597959311427356,0.000497578320463497,0,0.063162848389287,0.00965464241079008,0.0150235926636815,0.159090909090909,0.00302103550254161,0.00461463211837362,0.2,single,50,/Users/lanai/Code/Matlab/PlatEMO/PlatEMO/Data/CBS_CGAN/branch_ablation_chain_vs_single_20260621_195647/single_iter050
LIRCMOP6_BC,1,70000,70016,321,64,1,64,5,20,19,0.000801043430743049,0.00261104261938034,0.000875837949862921,1,0.0821780340703285,0.0144563182545583,0.0228752187240695,0.421875,0.01858825250294,0.0203768640175241,0.95,single,50,/Users/lanai/Code/Matlab/PlatEMO/PlatEMO/Data/CBS_CGAN/branch_ablation_chain_vs_single_20260621_195647/single_iter050
LIRCMOP6_BC,1,100000,100156,458,65,1,65,5,20,0,0.0013622071142873,0.00178970350679861,0.000583008648682531,1,0.0698262254285927,0.00085656398989772,0.0156261084291562,0.676923076923077,0.00448713759599326,0.00877485355021822,0,single,50,/Users/lanai/Code/Matlab/PlatEMO/PlatEMO/Data/CBS_CGAN/branch_ablation_chain_vs_single_20260621_195647/single_iter050
LIRCMOP8_BC,1,10000,10152,48,44,1,44,5,20,0,0.00712541117566562,0.00790515850915017,0.00166569288784856,1,0.0743336667708753,0.0272015036538203,0.0641488615108862,0.0227272727272727,0.0239658103438861,0.0280643214139133,0,single,50,/Users/lanai/Code/Matlab/PlatEMO/PlatEMO/Data/CBS_CGAN/branch_ablation_chain_vs_single_20260621_195647/single_iter050
LIRCMOP8_BC,1,30000,30172,139,36,1,36,5,20,11,0.00332376331923279,0.00860853082677318,0.00176689605344373,0.2,0.123795089334767,0.0200770726866606,0.0601359586956604,0.361111111111111,0.0451177400484394,0.0672561644422624,0.55,single,50,/Users/lanai/Code/Matlab/PlatEMO/PlatEMO/Data/CBS_CGAN/branch_ablation_chain_vs_single_20260621_195647/single_iter050
LIRCMOP8_BC,1,50000,50192,230,73,1,73,5,20,0,0.00529016559154525,0.00545045821402609,0.000241456804171905,0,0.0610616644609064,0.00695969972334291,0.021509449870362,0.0958904109589041,0.00731073389065062,0.00781701362669735,0,single,50,/Users/lanai/Code/Matlab/PlatEMO/PlatEMO/Data/CBS_CGAN/branch_ablation_chain_vs_single_20260621_195647/single_iter050
LIRCMOP8_BC,1,70000,70212,321,82,1,82,5,20,2,0.00209326751106426,0.00508881674862973,0.00311255672883635,0,0.0651884936879625,0.00760805372062524,0.00884280137856724,0.024390243902439,0.0095011547894858,0.0127746403689019,0.1,single,50,/Users/lanai/Code/Matlab/PlatEMO/PlatEMO/Data/CBS_CGAN/branch_ablation_chain_vs_single_20260621_195647/single_iter050
LIRCMOP8_BC,1,100000,100132,457,78,1,78,5,20,0,0.00420540304660116,0.0046369574256441,0.00162327497856109,0,0.0738759301740792,0.00359680915501381,0.00566412622029544,0.0128205128205128,0.00722038607517523,0.00942514792640174,0,single,50,/Users/lanai/Code/Matlab/PlatEMO/PlatEMO/Data/CBS_CGAN/branch_ablation_chain_vs_single_20260621_195647/single_iter050
DASCMOP1_BC,1,10000,10048,45,14,1,14,5,20,20,0.00179932331858553,0.028857938057928,0.00335485585283633,1,0.156045272283778,0.0257990928037565,0.0336361805843768,1,0.025406895692793,0.0297583761977388,1,single,100,/Users/lanai/Code/Matlab/PlatEMO/PlatEMO/Data/CBS_CGAN/branch_ablation_chain_vs_single_20260621_195647/single_iter100
DASCMOP1_BC,1,30000,30068,136,28,1,28,5,20,0,0.0495368223414843,0.0552317340490427,0.0023820848194717,1,0.0701437302590367,0.0205058549733274,0.0455380670660294,0.285714285714286,0.0783022057410996,0.0970537288169936,0,single,100,/Users/lanai/Code/Matlab/PlatEMO/PlatEMO/Data/CBS_CGAN/branch_ablation_chain_vs_single_20260621_195647/single_iter100
DASCMOP1_BC,1,50000,50088,227,37,1,37,5,20,0,0.0165303744807929,0.0436643107924371,0.000816790752493185,1,0.0843012635603792,0.0199604320658092,0.0669634176647545,0.432432432432432,0.067182707822926,0.0940465740830383,0,single,100,/Users/lanai/Code/Matlab/PlatEMO/PlatEMO/Data/CBS_CGAN/branch_ablation_chain_vs_single_20260621_195647/single_iter100
DASCMOP1_BC,1,70000,70108,318,33,1,33,5,20,4,0.0333225374152884,0.0467515877994951,0.000711661076754482,1,0.0873463790510846,0.0158622358388784,0.0368511262260377,0.515151515151515,0.0915905550573392,0.117223761188094,0.2,single,100,/Users/lanai/Code/Matlab/PlatEMO/PlatEMO/Data/CBS_CGAN/branch_ablation_chain_vs_single_20260621_195647/single_iter100
DASCMOP1_BC,1,100000,100028,454,32,1,32,5,20,0,0.0459000191051588,0.050608528446836,0.000213788769434539,1,0.0723526404070831,0.0108316296630558,0.0290629861541317,0.53125,0.0805315524063549,0.113416240993793,0,single,100,/Users/lanai/Code/Matlab/PlatEMO/PlatEMO/Data/CBS_CGAN/branch_ablation_chain_vs_single_20260621_195647/single_iter100
DASCMOP2_BC,1,10000,10040,45,15,1,15,5,20,0,0.036725891524862,0.0374092023541944,0.00074333692166378,1,0.112895446575073,0.0387020340196102,0.0414666896263506,0,0.0397676914481963,0.0418944036176599,0,single,100,/Users/lanai/Code/Matlab/PlatEMO/PlatEMO/Data/CBS_CGAN/branch_ablation_chain_vs_single_20260621_195647/single_iter100
DASCMOP2_BC,1,30000,30060,136,45,1,45,5,20,8,0.0212136685069449,0.0220238273822722,0.000290778526022934,1,0.119886897082151,0.0169274733214074,0.0362809957745939,0.244444444444444,0.0330989077921421,0.0397799793134797,0.4,single,100,/Users/lanai/Code/Matlab/PlatEMO/PlatEMO/Data/CBS_CGAN/branch_ablation_chain_vs_single_20260621_195647/single_iter100
DASCMOP2_BC,1,50000,50080,227,48,1,48,5,20,0,0.0119732060557909,0.0269261494040225,0.000401663505813966,1,0.11553498918009,0.0164175146198512,0.0385125749716939,0.416666666666667,0.0218853687537626,0.0287284775581738,0,single,100,/Users/lanai/Code/Matlab/PlatEMO/PlatEMO/Data/CBS_CGAN/branch_ablation_chain_vs_single_20260621_195647/single_iter100
DASCMOP2_BC,1,70000,70100,318,50,1,50,5,20,3,0.01115053749402,0.0125654481529255,0.000387108998075874,1,0.103278393390623,0.0226095389359263,0.042439056759586,0.16,0.0208261537362659,0.0249065718126958,0.15,single,100,/Users/lanai/Code/Matlab/PlatEMO/PlatEMO/Data/CBS_CGAN/branch_ablation_chain_vs_single_20260621_195647/single_iter100
DASCMOP2_BC,1,100000,100020,454,50,1,50,5,20,4,0.0033688365484699,0.0113615665880524,0.00056859165147862,1,0.128112985129426,0.0100425989451417,0.0323217200155084,0.4,0.0219552638684072,0.0279075817649041,0.2,single,100,/Users/lanai/Code/Matlab/PlatEMO/PlatEMO/Data/CBS_CGAN/branch_ablation_chain_vs_single_20260621_195647/single_iter100
LIRCMOP6_BC,1,10000,10184,49,19,1,19,5,20,4,0.00345746036205105,0.00413433339534669,0.000301569212577039,1,0.0713359986171294,0.0150140211810795,0.0751370173145306,0.157894736842105,0.00595199346012107,0.0608123696680096,0.2,single,100,/Users/lanai/Code/Matlab/PlatEMO/PlatEMO/Data/CBS_CGAN/branch_ablation_chain_vs_single_20260621_195647/single_iter100
LIRCMOP6_BC,1,30000,30204,140,69,1,69,5,20,0,0.00713128754065892,0.00719647520470576,0.000292719370530971,0.6,0.0727746007213296,0.00896045078483748,0.0300955171073024,0.289855072463768,0.0104692738265689,0.0111427495713127,0,single,100,/Users/lanai/Code/Matlab/PlatEMO/PlatEMO/Data/CBS_CGAN/branch_ablation_chain_vs_single_20260621_195647/single_iter100
LIRCMOP6_BC,1,50000,50004,230,73,1,73,5,20,4,0.000426443287531352,0.00169359486332457,0.00046156441959103,1,0.0724391997097521,0.00410326284629388,0.00938775417880408,0.356164383561644,0.00281251823017767,0.00359955394892377,0.2,single,100,/Users/lanai/Code/Matlab/PlatEMO/PlatEMO/Data/CBS_CGAN/branch_ablation_chain_vs_single_20260621_195647/single_iter100
LIRCMOP6_BC,1,70000,70024,321,72,1,72,5,20,12,0.000285399022847079,0.00059780759410232,0.00113204016363467,0,0.0766939741215088,0.00781970926580888,0.0212815440150926,0.291666666666667,0.00951384428198773,0.0108455289247677,0.6,single,100,/Users/lanai/Code/Matlab/PlatEMO/PlatEMO/Data/CBS_CGAN/branch_ablation_chain_vs_single_20260621_195647/single_iter100
LIRCMOP6_BC,1,100000,100164,458,64,1,64,5,20,20,0.0264115391065792,0.0331134698872148,0.000401122084857523,0.2,0.0359594759529227,0.000674479874619864,0.00531120447130874,0.96875,0.0552010360570078,0.0647165478477501,1,single,100,/Users/lanai/Code/Matlab/PlatEMO/PlatEMO/Data/CBS_CGAN/branch_ablation_chain_vs_single_20260621_195647/single_iter100
LIRCMOP8_BC,1,10000,10152,48,34,1,34,5,20,3,0.00342609703264326,0.00571489824081411,0.00765181578876218,0.7,0.068410398679511,0.025890865927199,0.0477739969398617,0.0588235294117647,0.0270120347597158,0.0445578624282253,0.15,single,100,/Users/lanai/Code/Matlab/PlatEMO/PlatEMO/Data/CBS_CGAN/branch_ablation_chain_vs_single_20260621_195647/single_iter100
LIRCMOP8_BC,1,30000,30172,139,62,1,62,5,20,2,0.00530760777339969,0.00741817553795393,0.0024371816632043,0.8,0.0659431718344548,0.00716535229291248,0.0234395564340558,0.193548387096774,0.00719220429728326,0.011410652373134,0.1,single,100,/Users/lanai/Code/Matlab/PlatEMO/PlatEMO/Data/CBS_CGAN/branch_ablation_chain_vs_single_20260621_195647/single_iter100
LIRCMOP8_BC,1,50000,50192,230,80,1,80,5,20,8,0.00193348116476336,0.00935149052201836,0.00190731720566732,0,0.0561937824556178,0.00541948111709024,0.0362296478107959,0.1875,0.00344354510250303,0.0131736134228464,0.4,single,100,/Users/lanai/Code/Matlab/PlatEMO/PlatEMO/Data/CBS_CGAN/branch_ablation_chain_vs_single_20260621_195647/single_iter100
LIRCMOP8_BC,1,70000,70212,321,80,1,80,5,20,13,0.000543742914513177,0.00119179197574713,0.00271850554855224,1,0.0517734780261392,0.00427549730492715,0.00868582040112466,0.1875,0.0151365103221857,0.0193386078975943,0.65,single,100,/Users/lanai/Code/Matlab/PlatEMO/PlatEMO/Data/CBS_CGAN/branch_ablation_chain_vs_single_20260621_195647/single_iter100
LIRCMOP8_BC,1,100000,100132,457,84,1,84,5,20,1,0.00179905515950305,0.00325569556735225,0.00114216363281118,0,0.0784092586946782,0.00581380561089942,0.0124310892142855,0.130952380952381,0.00327350928664238,0.00869805714717091,0.05,single,100,/Users/lanai/Code/Matlab/PlatEMO/PlatEMO/Data/CBS_CGAN/branch_ablation_chain_vs_single_20260621_195647/single_iter100
