problem,run,gen,bmem_count,boundary_count,bmem_ref_coverage,finite_gap_count,inf_gap_count,median_gap,max_gap,train_count,query_count,condition_dim,train_param_ratio,gan_sample_reuse,train_pair_dec_dist50,train_pair_dec_dist90,train_tau_iqr,missing_ref_query_count,large_gap_query_count,raw_generated_count,feasible_generated_count,generated_per_train,boundary_dist50,boundary_dist90,query_width90,segment_width90,segment_width90_ratio,side_rate,pair_margin50,ref_cover,query_obj_dist50,query_obj_dist90,feasible_rate
DASCMOP4_BC,2,1,0,0,NaN,0,0,NaN,NaN,0,0,3,0,NaN,NaN,NaN,NaN,0,0,0,0,NaN,NaN,NaN,NaN,NaN,NaN,NaN,NaN,NaN,NaN,NaN,NaN
DASCMOP4_BC,2,2,0,0,NaN,0,0,NaN,NaN,0,0,3,0,NaN,NaN,NaN,NaN,0,0,0,0,NaN,NaN,NaN,NaN,NaN,NaN,NaN,NaN,NaN,NaN,NaN,NaN
DASCMOP4_BC,2,3,0,0,NaN,0,0,NaN,NaN,0,0,3,0,NaN,NaN,NaN,NaN,0,0,0,0,NaN,NaN,NaN,NaN,NaN,NaN,NaN,NaN,NaN,NaN,NaN,NaN
DASCMOP4_BC,2,4,0,0,NaN,0,0,NaN,NaN,0,0,3,0,NaN,NaN,NaN,NaN,0,0,0,0,NaN,NaN,NaN,NaN,NaN,NaN,NaN,NaN,NaN,NaN,NaN,NaN
DASCMOP4_BC,2,5,0,0,NaN,0,0,NaN,NaN,0,0,3,0,NaN,NaN,NaN,NaN,0,0,0,0,NaN,NaN,NaN,NaN,NaN,NaN,NaN,NaN,NaN,NaN,NaN,NaN
DASCMOP4_BC,2,6,0,0,NaN,0,0,NaN,NaN,0,0,3,0,NaN,NaN,NaN,NaN,0,0,0,0,NaN,NaN,NaN,NaN,NaN,NaN,NaN,NaN,NaN,NaN,NaN,NaN
DASCMOP4_BC,2,7,0,0,NaN,0,0,NaN,NaN,0,0,3,0,NaN,NaN,NaN,NaN,0,0,0,0,NaN,NaN,NaN,NaN,NaN,NaN,NaN,NaN,NaN,NaN,NaN,NaN
DASCMOP4_BC,2,8,0,0,NaN,0,0,NaN,NaN,0,0,3,0,NaN,NaN,NaN,NaN,0,0,0,0,NaN,NaN,NaN,NaN,NaN,NaN,NaN,NaN,NaN,NaN,NaN,NaN
DASCMOP4_BC,2,9,0,0,NaN,0,0,NaN,NaN,0,0,3,0,NaN,NaN,NaN,NaN,0,0,0,0,NaN,NaN,NaN,NaN,NaN,NaN,NaN,NaN,NaN,NaN,NaN,NaN
DASCMOP4_BC,2,10,0,0,NaN,0,0,NaN,NaN,0,0,3,0,NaN,NaN,NaN,NaN,0,0,0,0,NaN,NaN,NaN,NaN,NaN,NaN,NaN,NaN,NaN,NaN,NaN,NaN
DASCMOP4_BC,2,11,0,0,NaN,0,0,NaN,NaN,0,0,3,0,NaN,NaN,NaN,NaN,0,0,0,0,NaN,NaN,NaN,NaN,NaN,NaN,NaN,NaN,NaN,NaN,NaN,NaN
DASCMOP4_BC,2,12,0,0,NaN,0,0,NaN,NaN,0,0,3,0,NaN,NaN,NaN,NaN,0,0,0,0,NaN,NaN,NaN,NaN,NaN,NaN,NaN,NaN,NaN,NaN,NaN,NaN
DASCMOP4_BC,2,13,0,0,NaN,0,0,NaN,NaN,0,0,3,0,NaN,NaN,NaN,NaN,0,0,0,0,NaN,NaN,NaN,NaN,NaN,NaN,NaN,NaN,NaN,NaN,NaN,NaN
DASCMOP4_BC,2,14,0,0,NaN,0,0,NaN,NaN,0,0,3,0,NaN,NaN,NaN,NaN,0,0,0,0,NaN,NaN,NaN,NaN,NaN,NaN,NaN,NaN,NaN,NaN,NaN,NaN
DASCMOP4_BC,2,15,0,0,NaN,0,0,NaN,NaN,0,0,3,0,NaN,NaN,NaN,NaN,0,0,0,0,NaN,NaN,NaN,NaN,NaN,NaN,NaN,NaN,NaN,NaN,NaN,NaN
DASCMOP4_BC,2,16,0,0,NaN,0,0,NaN,NaN,0,0,3,0,NaN,NaN,NaN,NaN,0,0,0,0,NaN,NaN,NaN,NaN,NaN,NaN,NaN,NaN,NaN,NaN,NaN,NaN
DASCMOP4_BC,2,17,0,0,NaN,0,0,NaN,NaN,0,0,3,0,NaN,NaN,NaN,NaN,0,0,0,0,NaN,NaN,NaN,NaN,NaN,NaN,NaN,NaN,NaN,NaN,NaN,NaN
DASCMOP4_BC,2,18,0,0,NaN,0,0,NaN,NaN,0,0,3,0,NaN,NaN,NaN,NaN,0,0,0,0,NaN,NaN,NaN,NaN,NaN,NaN,NaN,NaN,NaN,NaN,NaN,NaN
DASCMOP4_BC,2,19,0,0,NaN,0,0,NaN,NaN,0,0,3,0,NaN,NaN,NaN,NaN,0,0,0,0,NaN,NaN,NaN,NaN,NaN,NaN,NaN,NaN,NaN,NaN,NaN,NaN
DASCMOP4_BC,2,20,0,0,NaN,0,0,NaN,NaN,0,0,3,0,NaN,NaN,NaN,NaN,0,0,0,0,NaN,NaN,NaN,NaN,NaN,NaN,NaN,NaN,NaN,NaN,NaN,NaN
DASCMOP4_BC,2,21,0,0,NaN,0,0,NaN,NaN,0,0,3,0,NaN,NaN,NaN,NaN,0,0,0,0,NaN,NaN,NaN,NaN,NaN,NaN,NaN,NaN,NaN,NaN,NaN,NaN
DASCMOP4_BC,2,22,0,0,NaN,0,0,NaN,NaN,0,0,3,0,NaN,NaN,NaN,NaN,0,0,0,0,NaN,NaN,NaN,NaN,NaN,NaN,NaN,NaN,NaN,NaN,NaN,NaN
DASCMOP4_BC,2,23,0,0,NaN,0,0,NaN,NaN,0,0,3,0,NaN,NaN,NaN,NaN,0,0,0,0,NaN,NaN,NaN,NaN,NaN,NaN,NaN,NaN,NaN,NaN,NaN,NaN
DASCMOP4_BC,2,24,0,0,NaN,0,0,NaN,NaN,0,0,3,0,NaN,NaN,NaN,NaN,0,0,0,0,NaN,NaN,NaN,NaN,NaN,NaN,NaN,NaN,NaN,NaN,NaN,NaN
DASCMOP4_BC,2,25,0,0,NaN,0,0,NaN,NaN,0,0,3,0,NaN,NaN,NaN,NaN,0,0,0,0,NaN,NaN,NaN,NaN,NaN,NaN,NaN,NaN,NaN,NaN,NaN,NaN
DASCMOP4_BC,2,26,0,0,NaN,0,0,NaN,NaN,0,0,3,0,NaN,NaN,NaN,NaN,0,0,0,0,NaN,NaN,NaN,NaN,NaN,NaN,NaN,NaN,NaN,NaN,NaN,NaN
DASCMOP4_BC,2,27,0,0,NaN,0,0,NaN,NaN,0,0,3,0,NaN,NaN,NaN,NaN,0,0,0,0,NaN,NaN,NaN,NaN,NaN,NaN,NaN,NaN,NaN,NaN,NaN,NaN
DASCMOP4_BC,2,28,0,0,NaN,0,0,NaN,NaN,0,0,3,0,NaN,NaN,NaN,NaN,0,0,0,0,NaN,NaN,NaN,NaN,NaN,NaN,NaN,NaN,NaN,NaN,NaN,NaN
DASCMOP4_BC,2,29,0,0,NaN,0,0,NaN,NaN,0,0,3,0,NaN,NaN,NaN,NaN,0,0,0,0,NaN,NaN,NaN,NaN,NaN,NaN,NaN,NaN,NaN,NaN,NaN,NaN
DASCMOP4_BC,2,30,0,0,NaN,0,0,NaN,NaN,0,0,3,0,NaN,NaN,NaN,NaN,0,0,0,0,NaN,NaN,NaN,NaN,NaN,NaN,NaN,NaN,NaN,NaN,NaN,NaN
DASCMOP4_BC,2,31,0,0,NaN,0,0,NaN,NaN,0,0,3,0,NaN,NaN,NaN,NaN,0,0,0,0,NaN,NaN,NaN,NaN,NaN,NaN,NaN,NaN,NaN,NaN,NaN,NaN
DASCMOP4_BC,2,32,0,0,NaN,0,0,NaN,NaN,0,0,3,0,NaN,NaN,NaN,NaN,0,0,0,0,NaN,NaN,NaN,NaN,NaN,NaN,NaN,NaN,NaN,NaN,NaN,NaN
DASCMOP4_BC,2,33,0,0,NaN,0,0,NaN,NaN,0,0,3,0,NaN,NaN,NaN,NaN,0,0,0,0,NaN,NaN,NaN,NaN,NaN,NaN,NaN,NaN,NaN,NaN,NaN,NaN
DASCMOP4_BC,2,34,0,0,NaN,0,0,NaN,NaN,0,0,3,0,NaN,NaN,NaN,NaN,0,0,0,0,NaN,NaN,NaN,NaN,NaN,NaN,NaN,NaN,NaN,NaN,NaN,NaN
DASCMOP4_BC,2,35,0,0,NaN,0,0,NaN,NaN,0,0,3,0,NaN,NaN,NaN,NaN,0,0,0,0,NaN,NaN,NaN,NaN,NaN,NaN,NaN,NaN,NaN,NaN,NaN,NaN
DASCMOP4_BC,2,36,0,0,NaN,0,0,NaN,NaN,0,0,3,0,NaN,NaN,NaN,NaN,0,0,0,0,NaN,NaN,NaN,NaN,NaN,NaN,NaN,NaN,NaN,NaN,NaN,NaN
DASCMOP4_BC,2,37,0,0,NaN,0,0,NaN,NaN,0,0,3,0,NaN,NaN,NaN,NaN,0,0,0,0,NaN,NaN,NaN,NaN,NaN,NaN,NaN,NaN,NaN,NaN,NaN,NaN
DASCMOP4_BC,2,38,0,0,NaN,0,0,NaN,NaN,0,0,3,0,NaN,NaN,NaN,NaN,0,0,0,0,NaN,NaN,NaN,NaN,NaN,NaN,NaN,NaN,NaN,NaN,NaN,NaN
DASCMOP4_BC,2,39,0,0,NaN,0,0,NaN,NaN,0,0,3,0,NaN,NaN,NaN,NaN,0,0,0,0,NaN,NaN,NaN,NaN,NaN,NaN,NaN,NaN,NaN,NaN,NaN,NaN
DASCMOP4_BC,2,40,0,0,NaN,0,0,NaN,NaN,0,0,3,0,NaN,NaN,NaN,NaN,0,0,0,0,NaN,NaN,NaN,NaN,NaN,NaN,NaN,NaN,NaN,NaN,NaN,NaN
DASCMOP4_BC,2,41,0,0,NaN,0,0,NaN,NaN,0,0,3,0,NaN,NaN,NaN,NaN,0,0,0,0,NaN,NaN,NaN,NaN,NaN,NaN,NaN,NaN,NaN,NaN,NaN,NaN
DASCMOP4_BC,2,42,0,0,NaN,0,0,NaN,NaN,0,0,3,0,NaN,NaN,NaN,NaN,0,0,0,0,NaN,NaN,NaN,NaN,NaN,NaN,NaN,NaN,NaN,NaN,NaN,NaN
DASCMOP4_BC,2,43,0,0,NaN,0,0,NaN,NaN,0,0,3,0,NaN,NaN,NaN,NaN,0,0,0,0,NaN,NaN,NaN,NaN,NaN,NaN,NaN,NaN,NaN,NaN,NaN,NaN
DASCMOP4_BC,2,44,0,0,NaN,0,0,NaN,NaN,0,0,3,0,NaN,NaN,NaN,NaN,0,0,0,0,NaN,NaN,NaN,NaN,NaN,NaN,NaN,NaN,NaN,NaN,NaN,NaN
DASCMOP4_BC,2,45,0,0,NaN,0,0,NaN,NaN,0,0,3,0,NaN,NaN,NaN,NaN,0,0,0,0,NaN,NaN,NaN,NaN,NaN,NaN,NaN,NaN,NaN,NaN,NaN,NaN
DASCMOP4_BC,2,46,0,0,NaN,0,0,NaN,NaN,0,0,3,0,NaN,NaN,NaN,NaN,0,0,0,0,NaN,NaN,NaN,NaN,NaN,NaN,NaN,NaN,NaN,NaN,NaN,NaN
DASCMOP4_BC,2,47,0,0,NaN,0,0,NaN,NaN,0,0,3,0,NaN,NaN,NaN,NaN,0,0,0,0,NaN,NaN,NaN,NaN,NaN,NaN,NaN,NaN,NaN,NaN,NaN,NaN
DASCMOP4_BC,2,48,0,0,NaN,0,0,NaN,NaN,0,0,3,0,NaN,NaN,NaN,NaN,0,0,0,0,NaN,NaN,NaN,NaN,NaN,NaN,NaN,NaN,NaN,NaN,NaN,NaN
DASCMOP4_BC,2,49,0,0,NaN,0,0,NaN,NaN,0,0,3,0,NaN,NaN,NaN,NaN,0,0,0,0,NaN,NaN,NaN,NaN,NaN,NaN,NaN,NaN,NaN,NaN,NaN,NaN
DASCMOP4_BC,2,50,0,0,NaN,0,0,NaN,NaN,0,0,3,0,NaN,NaN,NaN,NaN,0,0,0,0,NaN,NaN,NaN,NaN,NaN,NaN,NaN,NaN,NaN,NaN,NaN,NaN
DASCMOP4_BC,2,51,0,0,NaN,0,0,NaN,NaN,0,0,3,0,NaN,NaN,NaN,NaN,0,0,0,0,NaN,NaN,NaN,NaN,NaN,NaN,NaN,NaN,NaN,NaN,NaN,NaN
DASCMOP4_BC,2,52,0,0,NaN,0,0,NaN,NaN,0,0,3,0,NaN,NaN,NaN,NaN,0,0,0,0,NaN,NaN,NaN,NaN,NaN,NaN,NaN,NaN,NaN,NaN,NaN,NaN
DASCMOP4_BC,2,53,0,0,NaN,0,0,NaN,NaN,0,0,3,0,NaN,NaN,NaN,NaN,0,0,0,0,NaN,NaN,NaN,NaN,NaN,NaN,NaN,NaN,NaN,NaN,NaN,NaN
DASCMOP4_BC,2,54,0,0,NaN,0,0,NaN,NaN,0,0,3,0,NaN,NaN,NaN,NaN,0,0,0,0,NaN,NaN,NaN,NaN,NaN,NaN,NaN,NaN,NaN,NaN,NaN,NaN
DASCMOP4_BC,2,55,0,0,NaN,0,0,NaN,NaN,0,0,3,0,NaN,NaN,NaN,NaN,0,0,0,0,NaN,NaN,NaN,NaN,NaN,NaN,NaN,NaN,NaN,NaN,NaN,NaN
DASCMOP4_BC,2,56,0,0,NaN,0,0,NaN,NaN,0,0,3,0,NaN,NaN,NaN,NaN,0,0,0,0,NaN,NaN,NaN,NaN,NaN,NaN,NaN,NaN,NaN,NaN,NaN,NaN
DASCMOP4_BC,2,57,0,0,NaN,0,0,NaN,NaN,0,0,3,0,NaN,NaN,NaN,NaN,0,0,0,0,NaN,NaN,NaN,NaN,NaN,NaN,NaN,NaN,NaN,NaN,NaN,NaN
DASCMOP4_BC,2,58,0,0,NaN,0,0,NaN,NaN,0,0,3,0,NaN,NaN,NaN,NaN,0,0,0,0,NaN,NaN,NaN,NaN,NaN,NaN,NaN,NaN,NaN,NaN,NaN,NaN
DASCMOP4_BC,2,59,0,0,NaN,0,0,NaN,NaN,0,0,3,0,NaN,NaN,NaN,NaN,0,0,0,0,NaN,NaN,NaN,NaN,NaN,NaN,NaN,NaN,NaN,NaN,NaN,NaN
DASCMOP4_BC,2,60,0,0,NaN,0,0,NaN,NaN,0,0,3,0,NaN,NaN,NaN,NaN,0,0,0,0,NaN,NaN,NaN,NaN,NaN,NaN,NaN,NaN,NaN,NaN,NaN,NaN
DASCMOP4_BC,2,61,0,0,NaN,0,0,NaN,NaN,0,0,3,0,NaN,NaN,NaN,NaN,0,0,0,0,NaN,NaN,NaN,NaN,NaN,NaN,NaN,NaN,NaN,NaN,NaN,NaN
DASCMOP4_BC,2,62,0,0,NaN,0,0,NaN,NaN,0,0,3,0,NaN,NaN,NaN,NaN,0,0,0,0,NaN,NaN,NaN,NaN,NaN,NaN,NaN,NaN,NaN,NaN,NaN,NaN
DASCMOP4_BC,2,63,0,0,NaN,0,0,NaN,NaN,0,0,3,0,NaN,NaN,NaN,NaN,0,0,0,0,NaN,NaN,NaN,NaN,NaN,NaN,NaN,NaN,NaN,NaN,NaN,NaN
DASCMOP4_BC,2,64,0,0,NaN,0,0,NaN,NaN,0,0,3,0,NaN,NaN,NaN,NaN,0,0,0,0,NaN,NaN,NaN,NaN,NaN,NaN,NaN,NaN,NaN,NaN,NaN,NaN
DASCMOP4_BC,2,65,0,0,NaN,0,0,NaN,NaN,0,0,3,0,NaN,NaN,NaN,NaN,0,0,0,0,NaN,NaN,NaN,NaN,NaN,NaN,NaN,NaN,NaN,NaN,NaN,NaN
DASCMOP4_BC,2,66,0,0,NaN,0,0,NaN,NaN,0,0,3,0,NaN,NaN,NaN,NaN,0,0,0,0,NaN,NaN,NaN,NaN,NaN,NaN,NaN,NaN,NaN,NaN,NaN,NaN
DASCMOP4_BC,2,67,0,0,NaN,0,0,NaN,NaN,0,0,3,0,NaN,NaN,NaN,NaN,0,0,0,0,NaN,NaN,NaN,NaN,NaN,NaN,NaN,NaN,NaN,NaN,NaN,NaN
DASCMOP4_BC,2,68,0,0,NaN,0,0,NaN,NaN,0,0,3,0,NaN,NaN,NaN,NaN,0,0,0,0,NaN,NaN,NaN,NaN,NaN,NaN,NaN,NaN,NaN,NaN,NaN,NaN
DASCMOP4_BC,2,69,0,0,NaN,0,0,NaN,NaN,0,0,3,0,NaN,NaN,NaN,NaN,0,0,0,0,NaN,NaN,NaN,NaN,NaN,NaN,NaN,NaN,NaN,NaN,NaN,NaN
DASCMOP4_BC,2,70,0,0,NaN,0,0,NaN,NaN,0,0,3,0,NaN,NaN,NaN,NaN,0,0,0,0,NaN,NaN,NaN,NaN,NaN,NaN,NaN,NaN,NaN,NaN,NaN,NaN
DASCMOP4_BC,2,71,0,0,NaN,0,0,NaN,NaN,0,0,3,0,NaN,NaN,NaN,NaN,0,0,0,0,NaN,NaN,NaN,NaN,NaN,NaN,NaN,NaN,NaN,NaN,NaN,NaN
DASCMOP4_BC,2,72,0,0,NaN,0,0,NaN,NaN,0,0,3,0,NaN,NaN,NaN,NaN,0,0,0,0,NaN,NaN,NaN,NaN,NaN,NaN,NaN,NaN,NaN,NaN,NaN,NaN
DASCMOP4_BC,2,73,0,0,NaN,0,0,NaN,NaN,0,0,3,0,NaN,NaN,NaN,NaN,0,0,0,0,NaN,NaN,NaN,NaN,NaN,NaN,NaN,NaN,NaN,NaN,NaN,NaN
DASCMOP4_BC,2,74,0,0,NaN,0,0,NaN,NaN,0,0,3,0,NaN,NaN,NaN,NaN,0,0,0,0,NaN,NaN,NaN,NaN,NaN,NaN,NaN,NaN,NaN,NaN,NaN,NaN
DASCMOP4_BC,2,75,0,0,NaN,0,0,NaN,NaN,0,0,3,0,NaN,NaN,NaN,NaN,0,0,0,0,NaN,NaN,NaN,NaN,NaN,NaN,NaN,NaN,NaN,NaN,NaN,NaN
DASCMOP4_BC,2,76,0,0,NaN,0,0,NaN,NaN,0,0,3,0,NaN,NaN,NaN,NaN,0,0,0,0,NaN,NaN,NaN,NaN,NaN,NaN,NaN,NaN,NaN,NaN,NaN,NaN
DASCMOP4_BC,2,77,0,0,NaN,0,0,NaN,NaN,0,0,3,0,NaN,NaN,NaN,NaN,0,0,0,0,NaN,NaN,NaN,NaN,NaN,NaN,NaN,NaN,NaN,NaN,NaN,NaN
DASCMOP4_BC,2,78,0,0,NaN,0,0,NaN,NaN,0,0,3,0,NaN,NaN,NaN,NaN,0,0,0,0,NaN,NaN,NaN,NaN,NaN,NaN,NaN,NaN,NaN,NaN,NaN,NaN
DASCMOP4_BC,2,79,0,0,NaN,0,0,NaN,NaN,0,0,3,0,NaN,NaN,NaN,NaN,0,0,0,0,NaN,NaN,NaN,NaN,NaN,NaN,NaN,NaN,NaN,NaN,NaN,NaN
DASCMOP4_BC,2,80,0,0,NaN,0,0,NaN,NaN,0,0,3,0,NaN,NaN,NaN,NaN,0,0,0,0,NaN,NaN,NaN,NaN,NaN,NaN,NaN,NaN,NaN,NaN,NaN,NaN
DASCMOP4_BC,2,81,0,0,NaN,0,0,NaN,NaN,0,0,3,0,NaN,NaN,NaN,NaN,0,0,0,0,NaN,NaN,NaN,NaN,NaN,NaN,NaN,NaN,NaN,NaN,NaN,NaN
DASCMOP4_BC,2,82,0,0,NaN,0,0,NaN,NaN,0,0,3,0,NaN,NaN,NaN,NaN,0,0,0,0,NaN,NaN,NaN,NaN,NaN,NaN,NaN,NaN,NaN,NaN,NaN,NaN
DASCMOP4_BC,2,83,0,0,NaN,0,0,NaN,NaN,0,0,3,0,NaN,NaN,NaN,NaN,0,0,0,0,NaN,NaN,NaN,NaN,NaN,NaN,NaN,NaN,NaN,NaN,NaN,NaN
DASCMOP4_BC,2,84,0,0,NaN,0,0,NaN,NaN,0,0,3,0,NaN,NaN,NaN,NaN,0,0,0,0,NaN,NaN,NaN,NaN,NaN,NaN,NaN,NaN,NaN,NaN,NaN,NaN
DASCMOP4_BC,2,85,0,0,NaN,0,0,NaN,NaN,0,0,3,0,NaN,NaN,NaN,NaN,0,0,0,0,NaN,NaN,NaN,NaN,NaN,NaN,NaN,NaN,NaN,NaN,NaN,NaN
DASCMOP4_BC,2,86,0,0,NaN,0,0,NaN,NaN,0,0,3,0,NaN,NaN,NaN,NaN,0,0,0,0,NaN,NaN,NaN,NaN,NaN,NaN,NaN,NaN,NaN,NaN,NaN,NaN
DASCMOP4_BC,2,87,0,0,NaN,0,0,NaN,NaN,0,0,3,0,NaN,NaN,NaN,NaN,0,0,0,0,NaN,NaN,NaN,NaN,NaN,NaN,NaN,NaN,NaN,NaN,NaN,NaN
DASCMOP4_BC,2,88,0,0,NaN,0,0,NaN,NaN,0,0,3,0,NaN,NaN,NaN,NaN,0,0,0,0,NaN,NaN,NaN,NaN,NaN,NaN,NaN,NaN,NaN,NaN,NaN,NaN
DASCMOP4_BC,2,89,0,0,NaN,0,0,NaN,NaN,0,0,3,0,NaN,NaN,NaN,NaN,0,0,0,0,NaN,NaN,NaN,NaN,NaN,NaN,NaN,NaN,NaN,NaN,NaN,NaN
DASCMOP4_BC,2,90,0,0,NaN,0,0,NaN,NaN,0,0,3,0,NaN,NaN,NaN,NaN,0,0,0,0,NaN,NaN,NaN,NaN,NaN,NaN,NaN,NaN,NaN,NaN,NaN,NaN
DASCMOP4_BC,2,91,0,0,NaN,0,0,NaN,NaN,0,0,3,0,NaN,NaN,NaN,NaN,0,0,0,0,NaN,NaN,NaN,NaN,NaN,NaN,NaN,NaN,NaN,NaN,NaN,NaN
DASCMOP4_BC,2,92,0,0,NaN,0,0,NaN,NaN,0,0,3,0,NaN,NaN,NaN,NaN,0,0,0,0,NaN,NaN,NaN,NaN,NaN,NaN,NaN,NaN,NaN,NaN,NaN,NaN
DASCMOP4_BC,2,93,0,0,NaN,0,0,NaN,NaN,0,0,3,0,NaN,NaN,NaN,NaN,0,0,0,0,NaN,NaN,NaN,NaN,NaN,NaN,NaN,NaN,NaN,NaN,NaN,NaN
DASCMOP4_BC,2,94,0,0,NaN,0,0,NaN,NaN,0,0,3,0,NaN,NaN,NaN,NaN,0,0,0,0,NaN,NaN,NaN,NaN,NaN,NaN,NaN,NaN,NaN,NaN,NaN,NaN
DASCMOP4_BC,2,95,0,0,NaN,0,0,NaN,NaN,0,0,3,0,NaN,NaN,NaN,NaN,0,0,0,0,NaN,NaN,NaN,NaN,NaN,NaN,NaN,NaN,NaN,NaN,NaN,NaN
DASCMOP4_BC,2,96,0,0,NaN,0,0,NaN,NaN,0,0,3,0,NaN,NaN,NaN,NaN,0,0,0,0,NaN,NaN,NaN,NaN,NaN,NaN,NaN,NaN,NaN,NaN,NaN,NaN
DASCMOP4_BC,2,97,0,0,NaN,0,0,NaN,NaN,0,0,3,0,NaN,NaN,NaN,NaN,0,0,0,0,NaN,NaN,NaN,NaN,NaN,NaN,NaN,NaN,NaN,NaN,NaN,NaN
DASCMOP4_BC,2,98,0,0,NaN,0,0,NaN,NaN,0,0,3,0,NaN,NaN,NaN,NaN,0,0,0,0,NaN,NaN,NaN,NaN,NaN,NaN,NaN,NaN,NaN,NaN,NaN,NaN
DASCMOP4_BC,2,99,0,0,NaN,0,0,NaN,NaN,0,0,3,0,NaN,NaN,NaN,NaN,0,0,0,0,NaN,NaN,NaN,NaN,NaN,NaN,NaN,NaN,NaN,NaN,NaN,NaN
DASCMOP4_BC,2,100,0,0,NaN,0,0,NaN,NaN,0,0,3,0,NaN,NaN,NaN,NaN,0,0,0,0,NaN,NaN,NaN,NaN,NaN,NaN,NaN,NaN,NaN,NaN,NaN,NaN
DASCMOP4_BC,2,101,0,0,NaN,0,0,NaN,NaN,0,0,3,0,NaN,NaN,NaN,NaN,0,0,0,0,NaN,NaN,NaN,NaN,NaN,NaN,NaN,NaN,NaN,NaN,NaN,NaN
DASCMOP4_BC,2,102,0,0,NaN,0,0,NaN,NaN,0,0,3,0,NaN,NaN,NaN,NaN,0,0,0,0,NaN,NaN,NaN,NaN,NaN,NaN,NaN,NaN,NaN,NaN,NaN,NaN
DASCMOP4_BC,2,103,0,0,NaN,0,0,NaN,NaN,0,0,3,0,NaN,NaN,NaN,NaN,0,0,0,0,NaN,NaN,NaN,NaN,NaN,NaN,NaN,NaN,NaN,NaN,NaN,NaN
DASCMOP4_BC,2,104,0,0,NaN,0,0,NaN,NaN,0,0,3,0,NaN,NaN,NaN,NaN,0,0,0,0,NaN,NaN,NaN,NaN,NaN,NaN,NaN,NaN,NaN,NaN,NaN,NaN
DASCMOP4_BC,2,105,0,0,NaN,0,0,NaN,NaN,0,0,3,0,NaN,NaN,NaN,NaN,0,0,0,0,NaN,NaN,NaN,NaN,NaN,NaN,NaN,NaN,NaN,NaN,NaN,NaN
DASCMOP4_BC,2,106,0,0,NaN,0,0,NaN,NaN,0,0,3,0,NaN,NaN,NaN,NaN,0,0,0,0,NaN,NaN,NaN,NaN,NaN,NaN,NaN,NaN,NaN,NaN,NaN,NaN
DASCMOP4_BC,2,107,0,0,NaN,0,0,NaN,NaN,0,0,3,0,NaN,NaN,NaN,NaN,0,0,0,0,NaN,NaN,NaN,NaN,NaN,NaN,NaN,NaN,NaN,NaN,NaN,NaN
DASCMOP4_BC,2,108,0,0,NaN,0,0,NaN,NaN,0,0,3,0,NaN,NaN,NaN,NaN,0,0,0,0,NaN,NaN,NaN,NaN,NaN,NaN,NaN,NaN,NaN,NaN,NaN,NaN
DASCMOP4_BC,2,109,0,0,NaN,0,0,NaN,NaN,0,0,3,0,NaN,NaN,NaN,NaN,0,0,0,0,NaN,NaN,NaN,NaN,NaN,NaN,NaN,NaN,NaN,NaN,NaN,NaN
DASCMOP4_BC,2,110,0,0,NaN,0,0,NaN,NaN,0,0,3,0,NaN,NaN,NaN,NaN,0,0,0,0,NaN,NaN,NaN,NaN,NaN,NaN,NaN,NaN,NaN,NaN,NaN,NaN
DASCMOP4_BC,2,111,0,0,NaN,0,0,NaN,NaN,0,0,3,0,NaN,NaN,NaN,NaN,0,0,0,0,NaN,NaN,NaN,NaN,NaN,NaN,NaN,NaN,NaN,NaN,NaN,NaN
DASCMOP4_BC,2,112,0,0,NaN,0,0,NaN,NaN,0,0,3,0,NaN,NaN,NaN,NaN,0,0,0,0,NaN,NaN,NaN,NaN,NaN,NaN,NaN,NaN,NaN,NaN,NaN,NaN
DASCMOP4_BC,2,113,0,0,NaN,0,0,NaN,NaN,0,0,3,0,NaN,NaN,NaN,NaN,0,0,0,0,NaN,NaN,NaN,NaN,NaN,NaN,NaN,NaN,NaN,NaN,NaN,NaN
DASCMOP4_BC,2,114,0,0,NaN,0,0,NaN,NaN,0,0,3,0,NaN,NaN,NaN,NaN,0,0,0,0,NaN,NaN,NaN,NaN,NaN,NaN,NaN,NaN,NaN,NaN,NaN,NaN
DASCMOP4_BC,2,115,0,0,NaN,0,0,NaN,NaN,0,0,3,0,NaN,NaN,NaN,NaN,0,0,0,0,NaN,NaN,NaN,NaN,NaN,NaN,NaN,NaN,NaN,NaN,NaN,NaN
DASCMOP4_BC,2,116,0,0,NaN,0,0,NaN,NaN,0,0,3,0,NaN,NaN,NaN,NaN,0,0,0,0,NaN,NaN,NaN,NaN,NaN,NaN,NaN,NaN,NaN,NaN,NaN,NaN
DASCMOP4_BC,2,117,0,0,NaN,0,0,NaN,NaN,0,0,3,0,NaN,NaN,NaN,NaN,0,0,0,0,NaN,NaN,NaN,NaN,NaN,NaN,NaN,NaN,NaN,NaN,NaN,NaN
DASCMOP4_BC,2,118,0,0,NaN,0,0,NaN,NaN,0,0,3,0,NaN,NaN,NaN,NaN,0,0,0,0,NaN,NaN,NaN,NaN,NaN,NaN,NaN,NaN,NaN,NaN,NaN,NaN
DASCMOP4_BC,2,119,0,0,NaN,0,0,NaN,NaN,0,0,3,0,NaN,NaN,NaN,NaN,0,0,0,0,NaN,NaN,NaN,NaN,NaN,NaN,NaN,NaN,NaN,NaN,NaN,NaN
DASCMOP4_BC,2,120,0,0,NaN,0,0,NaN,NaN,0,0,3,0,NaN,NaN,NaN,NaN,0,0,0,0,NaN,NaN,NaN,NaN,NaN,NaN,NaN,NaN,NaN,NaN,NaN,NaN
DASCMOP4_BC,2,121,0,0,NaN,0,0,NaN,NaN,0,0,3,0,NaN,NaN,NaN,NaN,0,0,0,0,NaN,NaN,NaN,NaN,NaN,NaN,NaN,NaN,NaN,NaN,NaN,NaN
DASCMOP4_BC,2,122,0,0,NaN,0,0,NaN,NaN,0,0,3,0,NaN,NaN,NaN,NaN,0,0,0,0,NaN,NaN,NaN,NaN,NaN,NaN,NaN,NaN,NaN,NaN,NaN,NaN
DASCMOP4_BC,2,123,0,0,NaN,0,0,NaN,NaN,0,0,3,0,NaN,NaN,NaN,NaN,0,0,0,0,NaN,NaN,NaN,NaN,NaN,NaN,NaN,NaN,NaN,NaN,NaN,NaN
DASCMOP4_BC,2,124,0,0,NaN,0,0,NaN,NaN,0,0,3,0,NaN,NaN,NaN,NaN,0,0,0,0,NaN,NaN,NaN,NaN,NaN,NaN,NaN,NaN,NaN,NaN,NaN,NaN
DASCMOP4_BC,2,125,0,0,NaN,0,0,NaN,NaN,0,0,3,0,NaN,NaN,NaN,NaN,0,0,0,0,NaN,NaN,NaN,NaN,NaN,NaN,NaN,NaN,NaN,NaN,NaN,NaN
DASCMOP4_BC,2,126,0,0,NaN,0,0,NaN,NaN,0,0,3,0,NaN,NaN,NaN,NaN,0,0,0,0,NaN,NaN,NaN,NaN,NaN,NaN,NaN,NaN,NaN,NaN,NaN,NaN
DASCMOP4_BC,2,127,0,0,NaN,0,0,NaN,NaN,0,0,3,0,NaN,NaN,NaN,NaN,0,0,0,0,NaN,NaN,NaN,NaN,NaN,NaN,NaN,NaN,NaN,NaN,NaN,NaN
DASCMOP4_BC,2,128,0,0,NaN,0,0,NaN,NaN,0,0,3,0,NaN,NaN,NaN,NaN,0,0,0,0,NaN,NaN,NaN,NaN,NaN,NaN,NaN,NaN,NaN,NaN,NaN,NaN
DASCMOP4_BC,2,129,0,0,NaN,0,0,NaN,NaN,0,0,3,0,NaN,NaN,NaN,NaN,0,0,0,0,NaN,NaN,NaN,NaN,NaN,NaN,NaN,NaN,NaN,NaN,NaN,NaN
DASCMOP4_BC,2,130,0,0,NaN,0,0,NaN,NaN,0,0,3,0,NaN,NaN,NaN,NaN,0,0,0,0,NaN,NaN,NaN,NaN,NaN,NaN,NaN,NaN,NaN,NaN,NaN,NaN
DASCMOP4_BC,2,131,0,0,NaN,0,0,NaN,NaN,0,0,3,0,NaN,NaN,NaN,NaN,0,0,0,0,NaN,NaN,NaN,NaN,NaN,NaN,NaN,NaN,NaN,NaN,NaN,NaN
DASCMOP4_BC,2,132,0,0,NaN,0,0,NaN,NaN,0,0,3,0,NaN,NaN,NaN,NaN,0,0,0,0,NaN,NaN,NaN,NaN,NaN,NaN,NaN,NaN,NaN,NaN,NaN,NaN
DASCMOP4_BC,2,133,0,0,NaN,0,0,NaN,NaN,0,0,3,0,NaN,NaN,NaN,NaN,0,0,0,0,NaN,NaN,NaN,NaN,NaN,NaN,NaN,NaN,NaN,NaN,NaN,NaN
DASCMOP4_BC,2,134,0,0,NaN,0,0,NaN,NaN,0,0,3,0,NaN,NaN,NaN,NaN,0,0,0,0,NaN,NaN,NaN,NaN,NaN,NaN,NaN,NaN,NaN,NaN,NaN,NaN
DASCMOP4_BC,2,135,0,0,NaN,0,0,NaN,NaN,0,0,3,0,NaN,NaN,NaN,NaN,0,0,0,0,NaN,NaN,NaN,NaN,NaN,NaN,NaN,NaN,NaN,NaN,NaN,NaN
DASCMOP4_BC,2,136,0,0,NaN,0,0,NaN,NaN,0,0,3,0,NaN,NaN,NaN,NaN,0,0,0,0,NaN,NaN,NaN,NaN,NaN,NaN,NaN,NaN,NaN,NaN,NaN,NaN
DASCMOP4_BC,2,137,0,0,NaN,0,0,NaN,NaN,0,0,3,0,NaN,NaN,NaN,NaN,0,0,0,0,NaN,NaN,NaN,NaN,NaN,NaN,NaN,NaN,NaN,NaN,NaN,NaN
DASCMOP4_BC,2,138,0,0,NaN,0,0,NaN,NaN,0,0,3,0,NaN,NaN,NaN,NaN,0,0,0,0,NaN,NaN,NaN,NaN,NaN,NaN,NaN,NaN,NaN,NaN,NaN,NaN
DASCMOP4_BC,2,139,0,0,NaN,0,0,NaN,NaN,0,0,3,0,NaN,NaN,NaN,NaN,0,0,0,0,NaN,NaN,NaN,NaN,NaN,NaN,NaN,NaN,NaN,NaN,NaN,NaN
DASCMOP4_BC,2,140,0,0,NaN,0,0,NaN,NaN,0,0,3,0,NaN,NaN,NaN,NaN,0,0,0,0,NaN,NaN,NaN,NaN,NaN,NaN,NaN,NaN,NaN,NaN,NaN,NaN
DASCMOP4_BC,2,141,0,0,NaN,0,0,NaN,NaN,0,0,3,0,NaN,NaN,NaN,NaN,0,0,0,0,NaN,NaN,NaN,NaN,NaN,NaN,NaN,NaN,NaN,NaN,NaN,NaN
DASCMOP4_BC,2,142,0,0,NaN,0,0,NaN,NaN,0,0,3,0,NaN,NaN,NaN,NaN,0,0,0,0,NaN,NaN,NaN,NaN,NaN,NaN,NaN,NaN,NaN,NaN,NaN,NaN
DASCMOP4_BC,2,143,0,0,NaN,0,0,NaN,NaN,0,0,3,0,NaN,NaN,NaN,NaN,0,0,0,0,NaN,NaN,NaN,NaN,NaN,NaN,NaN,NaN,NaN,NaN,NaN,NaN
DASCMOP4_BC,2,144,0,0,NaN,0,0,NaN,NaN,0,0,3,0,NaN,NaN,NaN,NaN,0,0,0,0,NaN,NaN,NaN,NaN,NaN,NaN,NaN,NaN,NaN,NaN,NaN,NaN
DASCMOP4_BC,2,145,0,0,NaN,0,0,NaN,NaN,0,0,3,0,NaN,NaN,NaN,NaN,0,0,0,0,NaN,NaN,NaN,NaN,NaN,NaN,NaN,NaN,NaN,NaN,NaN,NaN
DASCMOP4_BC,2,146,0,0,NaN,0,0,NaN,NaN,0,0,3,0,NaN,NaN,NaN,NaN,0,0,0,0,NaN,NaN,NaN,NaN,NaN,NaN,NaN,NaN,NaN,NaN,NaN,NaN
DASCMOP4_BC,2,147,0,0,NaN,0,0,NaN,NaN,0,0,3,0,NaN,NaN,NaN,NaN,0,0,0,0,NaN,NaN,NaN,NaN,NaN,NaN,NaN,NaN,NaN,NaN,NaN,NaN
DASCMOP4_BC,2,148,0,0,NaN,0,0,NaN,NaN,0,0,3,0,NaN,NaN,NaN,NaN,0,0,0,0,NaN,NaN,NaN,NaN,NaN,NaN,NaN,NaN,NaN,NaN,NaN,NaN
DASCMOP4_BC,2,149,0,0,NaN,0,0,NaN,NaN,0,0,3,0,NaN,NaN,NaN,NaN,0,0,0,0,NaN,NaN,NaN,NaN,NaN,NaN,NaN,NaN,NaN,NaN,NaN,NaN
DASCMOP4_BC,2,150,0,0,NaN,0,0,NaN,NaN,0,0,3,0,NaN,NaN,NaN,NaN,0,0,0,0,NaN,NaN,NaN,NaN,NaN,NaN,NaN,NaN,NaN,NaN,NaN,NaN
DASCMOP4_BC,2,151,0,0,NaN,0,0,NaN,NaN,0,0,3,0,NaN,NaN,NaN,NaN,0,0,0,0,NaN,NaN,NaN,NaN,NaN,NaN,NaN,NaN,NaN,NaN,NaN,NaN
DASCMOP4_BC,2,152,0,0,NaN,0,0,NaN,NaN,0,0,3,0,NaN,NaN,NaN,NaN,0,0,0,0,NaN,NaN,NaN,NaN,NaN,NaN,NaN,NaN,NaN,NaN,NaN,NaN
DASCMOP4_BC,2,153,0,0,NaN,0,0,NaN,NaN,0,0,3,0,NaN,NaN,NaN,NaN,0,0,0,0,NaN,NaN,NaN,NaN,NaN,NaN,NaN,NaN,NaN,NaN,NaN,NaN
DASCMOP4_BC,2,154,0,0,NaN,0,0,NaN,NaN,0,0,3,0,NaN,NaN,NaN,NaN,0,0,0,0,NaN,NaN,NaN,NaN,NaN,NaN,NaN,NaN,NaN,NaN,NaN,NaN
DASCMOP4_BC,2,155,0,0,NaN,0,0,NaN,NaN,0,0,3,0,NaN,NaN,NaN,NaN,0,0,0,0,NaN,NaN,NaN,NaN,NaN,NaN,NaN,NaN,NaN,NaN,NaN,NaN
DASCMOP4_BC,2,156,0,0,NaN,0,0,NaN,NaN,0,0,3,0,NaN,NaN,NaN,NaN,0,0,0,0,NaN,NaN,NaN,NaN,NaN,NaN,NaN,NaN,NaN,NaN,NaN,NaN
DASCMOP4_BC,2,157,0,0,NaN,0,0,NaN,NaN,0,0,3,0,NaN,NaN,NaN,NaN,0,0,0,0,NaN,NaN,NaN,NaN,NaN,NaN,NaN,NaN,NaN,NaN,NaN,NaN
DASCMOP4_BC,2,158,0,0,NaN,0,0,NaN,NaN,0,0,3,0,NaN,NaN,NaN,NaN,0,0,0,0,NaN,NaN,NaN,NaN,NaN,NaN,NaN,NaN,NaN,NaN,NaN,NaN
DASCMOP4_BC,2,159,0,0,NaN,0,0,NaN,NaN,0,0,3,0,NaN,NaN,NaN,NaN,0,0,0,0,NaN,NaN,NaN,NaN,NaN,NaN,NaN,NaN,NaN,NaN,NaN,NaN
DASCMOP4_BC,2,160,0,0,NaN,0,0,NaN,NaN,0,0,3,0,NaN,NaN,NaN,NaN,0,0,0,0,NaN,NaN,NaN,NaN,NaN,NaN,NaN,NaN,NaN,NaN,NaN,NaN
DASCMOP4_BC,2,161,0,0,NaN,0,0,NaN,NaN,0,0,3,0,NaN,NaN,NaN,NaN,0,0,0,0,NaN,NaN,NaN,NaN,NaN,NaN,NaN,NaN,NaN,NaN,NaN,NaN
DASCMOP4_BC,2,162,0,0,NaN,0,0,NaN,NaN,0,0,3,0,NaN,NaN,NaN,NaN,0,0,0,0,NaN,NaN,NaN,NaN,NaN,NaN,NaN,NaN,NaN,NaN,NaN,NaN
DASCMOP4_BC,2,163,0,0,NaN,0,0,NaN,NaN,0,0,3,0,NaN,NaN,NaN,NaN,0,0,0,0,NaN,NaN,NaN,NaN,NaN,NaN,NaN,NaN,NaN,NaN,NaN,NaN
DASCMOP4_BC,2,164,0,0,NaN,0,0,NaN,NaN,0,0,3,0,NaN,NaN,NaN,NaN,0,0,0,0,NaN,NaN,NaN,NaN,NaN,NaN,NaN,NaN,NaN,NaN,NaN,NaN
DASCMOP4_BC,2,165,0,0,NaN,0,0,NaN,NaN,0,0,3,0,NaN,NaN,NaN,NaN,0,0,0,0,NaN,NaN,NaN,NaN,NaN,NaN,NaN,NaN,NaN,NaN,NaN,NaN
DASCMOP4_BC,2,166,0,0,NaN,0,0,NaN,NaN,0,0,3,0,NaN,NaN,NaN,NaN,0,0,0,0,NaN,NaN,NaN,NaN,NaN,NaN,NaN,NaN,NaN,NaN,NaN,NaN
DASCMOP4_BC,2,167,0,0,NaN,0,0,NaN,NaN,0,0,3,0,NaN,NaN,NaN,NaN,0,0,0,0,NaN,NaN,NaN,NaN,NaN,NaN,NaN,NaN,NaN,NaN,NaN,NaN
DASCMOP4_BC,2,168,0,0,NaN,0,0,NaN,NaN,0,0,3,0,NaN,NaN,NaN,NaN,0,0,0,0,NaN,NaN,NaN,NaN,NaN,NaN,NaN,NaN,NaN,NaN,NaN,NaN
DASCMOP4_BC,2,169,0,0,NaN,0,0,NaN,NaN,0,0,3,0,NaN,NaN,NaN,NaN,0,0,0,0,NaN,NaN,NaN,NaN,NaN,NaN,NaN,NaN,NaN,NaN,NaN,NaN
DASCMOP4_BC,2,170,0,0,NaN,0,0,NaN,NaN,0,0,3,0,NaN,NaN,NaN,NaN,0,0,0,0,NaN,NaN,NaN,NaN,NaN,NaN,NaN,NaN,NaN,NaN,NaN,NaN
DASCMOP4_BC,2,171,0,0,NaN,0,0,NaN,NaN,0,0,3,0,NaN,NaN,NaN,NaN,0,0,0,0,NaN,NaN,NaN,NaN,NaN,NaN,NaN,NaN,NaN,NaN,NaN,NaN
DASCMOP4_BC,2,172,0,0,NaN,0,0,NaN,NaN,0,0,3,0,NaN,NaN,NaN,NaN,0,0,0,0,NaN,NaN,NaN,NaN,NaN,NaN,NaN,NaN,NaN,NaN,NaN,NaN
DASCMOP4_BC,2,173,0,0,NaN,0,0,NaN,NaN,0,0,3,0,NaN,NaN,NaN,NaN,0,0,0,0,NaN,NaN,NaN,NaN,NaN,NaN,NaN,NaN,NaN,NaN,NaN,NaN
DASCMOP4_BC,2,174,0,0,NaN,0,0,NaN,NaN,0,0,3,0,NaN,NaN,NaN,NaN,0,0,0,0,NaN,NaN,NaN,NaN,NaN,NaN,NaN,NaN,NaN,NaN,NaN,NaN
DASCMOP4_BC,2,175,0,0,NaN,0,0,NaN,NaN,0,0,3,0,NaN,NaN,NaN,NaN,0,0,0,0,NaN,NaN,NaN,NaN,NaN,NaN,NaN,NaN,NaN,NaN,NaN,NaN
DASCMOP4_BC,2,176,0,0,NaN,0,0,NaN,NaN,0,0,3,0,NaN,NaN,NaN,NaN,0,0,0,0,NaN,NaN,NaN,NaN,NaN,NaN,NaN,NaN,NaN,NaN,NaN,NaN
DASCMOP4_BC,2,177,0,0,NaN,0,0,NaN,NaN,0,0,3,0,NaN,NaN,NaN,NaN,0,0,0,0,NaN,NaN,NaN,NaN,NaN,NaN,NaN,NaN,NaN,NaN,NaN,NaN
DASCMOP4_BC,2,178,0,0,NaN,0,0,NaN,NaN,0,0,3,0,NaN,NaN,NaN,NaN,0,0,0,0,NaN,NaN,NaN,NaN,NaN,NaN,NaN,NaN,NaN,NaN,NaN,NaN
DASCMOP4_BC,2,179,0,0,NaN,0,0,NaN,NaN,0,0,3,0,NaN,NaN,NaN,NaN,0,0,0,0,NaN,NaN,NaN,NaN,NaN,NaN,NaN,NaN,NaN,NaN,NaN,NaN
DASCMOP4_BC,2,180,0,0,NaN,0,0,NaN,NaN,0,0,3,0,NaN,NaN,NaN,NaN,0,0,0,0,NaN,NaN,NaN,NaN,NaN,NaN,NaN,NaN,NaN,NaN,NaN,NaN
DASCMOP4_BC,2,181,0,0,NaN,0,0,NaN,NaN,0,0,3,0,NaN,NaN,NaN,NaN,0,0,0,0,NaN,NaN,NaN,NaN,NaN,NaN,NaN,NaN,NaN,NaN,NaN,NaN
DASCMOP4_BC,2,182,0,0,NaN,0,0,NaN,NaN,0,0,3,0,NaN,NaN,NaN,NaN,0,0,0,0,NaN,NaN,NaN,NaN,NaN,NaN,NaN,NaN,NaN,NaN,NaN,NaN
DASCMOP4_BC,2,183,0,0,NaN,0,0,NaN,NaN,0,0,3,0,NaN,NaN,NaN,NaN,0,0,0,0,NaN,NaN,NaN,NaN,NaN,NaN,NaN,NaN,NaN,NaN,NaN,NaN
DASCMOP4_BC,2,184,0,0,NaN,0,0,NaN,NaN,0,0,3,0,NaN,NaN,NaN,NaN,0,0,0,0,NaN,NaN,NaN,NaN,NaN,NaN,NaN,NaN,NaN,NaN,NaN,NaN
DASCMOP4_BC,2,185,0,0,NaN,0,0,NaN,NaN,0,0,3,0,NaN,NaN,NaN,NaN,0,0,0,0,NaN,NaN,NaN,NaN,NaN,NaN,NaN,NaN,NaN,NaN,NaN,NaN
DASCMOP4_BC,2,186,0,0,NaN,0,0,NaN,NaN,0,0,3,0,NaN,NaN,NaN,NaN,0,0,0,0,NaN,NaN,NaN,NaN,NaN,NaN,NaN,NaN,NaN,NaN,NaN,NaN
DASCMOP4_BC,2,187,0,0,NaN,0,0,NaN,NaN,0,0,3,0,NaN,NaN,NaN,NaN,0,0,0,0,NaN,NaN,NaN,NaN,NaN,NaN,NaN,NaN,NaN,NaN,NaN,NaN
DASCMOP4_BC,2,188,0,0,NaN,0,0,NaN,NaN,0,0,3,0,NaN,NaN,NaN,NaN,0,0,0,0,NaN,NaN,NaN,NaN,NaN,NaN,NaN,NaN,NaN,NaN,NaN,NaN
DASCMOP4_BC,2,189,0,0,NaN,0,0,NaN,NaN,0,0,3,0,NaN,NaN,NaN,NaN,0,0,0,0,NaN,NaN,NaN,NaN,NaN,NaN,NaN,NaN,NaN,NaN,NaN,NaN
DASCMOP4_BC,2,190,0,0,NaN,0,0,NaN,NaN,0,0,3,0,NaN,NaN,NaN,NaN,0,0,0,0,NaN,NaN,NaN,NaN,NaN,NaN,NaN,NaN,NaN,NaN,NaN,NaN
DASCMOP4_BC,2,191,0,0,NaN,0,0,NaN,NaN,0,0,3,0,NaN,NaN,NaN,NaN,0,0,0,0,NaN,NaN,NaN,NaN,NaN,NaN,NaN,NaN,NaN,NaN,NaN,NaN
DASCMOP4_BC,2,192,0,0,NaN,0,0,NaN,NaN,0,0,3,0,NaN,NaN,NaN,NaN,0,0,0,0,NaN,NaN,NaN,NaN,NaN,NaN,NaN,NaN,NaN,NaN,NaN,NaN
DASCMOP4_BC,2,193,0,0,NaN,0,0,NaN,NaN,0,0,3,0,NaN,NaN,NaN,NaN,0,0,0,0,NaN,NaN,NaN,NaN,NaN,NaN,NaN,NaN,NaN,NaN,NaN,NaN
DASCMOP4_BC,2,194,0,0,NaN,0,0,NaN,NaN,0,0,3,0,NaN,NaN,NaN,NaN,0,0,0,0,NaN,NaN,NaN,NaN,NaN,NaN,NaN,NaN,NaN,NaN,NaN,NaN
DASCMOP4_BC,2,195,0,0,NaN,0,0,NaN,NaN,0,0,3,0,NaN,NaN,NaN,NaN,0,0,0,0,NaN,NaN,NaN,NaN,NaN,NaN,NaN,NaN,NaN,NaN,NaN,NaN
DASCMOP4_BC,2,196,0,0,NaN,0,0,NaN,NaN,0,0,3,0,NaN,NaN,NaN,NaN,0,0,0,0,NaN,NaN,NaN,NaN,NaN,NaN,NaN,NaN,NaN,NaN,NaN,NaN
DASCMOP4_BC,2,197,0,0,NaN,0,0,NaN,NaN,0,0,3,0,NaN,NaN,NaN,NaN,0,0,0,0,NaN,NaN,NaN,NaN,NaN,NaN,NaN,NaN,NaN,NaN,NaN,NaN
DASCMOP4_BC,2,198,0,0,NaN,0,0,NaN,NaN,0,0,3,0,NaN,NaN,NaN,NaN,0,0,0,0,NaN,NaN,NaN,NaN,NaN,NaN,NaN,NaN,NaN,NaN,NaN,NaN
DASCMOP4_BC,2,199,0,0,NaN,0,0,NaN,NaN,0,0,3,0,NaN,NaN,NaN,NaN,0,0,0,0,NaN,NaN,NaN,NaN,NaN,NaN,NaN,NaN,NaN,NaN,NaN,NaN
DASCMOP4_BC,2,200,0,0,NaN,0,0,NaN,NaN,0,0,3,0,NaN,NaN,NaN,NaN,0,0,0,0,NaN,NaN,NaN,NaN,NaN,NaN,NaN,NaN,NaN,NaN,NaN,NaN
DASCMOP4_BC,2,201,0,0,NaN,0,0,NaN,NaN,0,0,3,0,NaN,NaN,NaN,NaN,0,0,0,0,NaN,NaN,NaN,NaN,NaN,NaN,NaN,NaN,NaN,NaN,NaN,NaN
DASCMOP4_BC,2,202,0,0,NaN,0,0,NaN,NaN,0,0,3,0,NaN,NaN,NaN,NaN,0,0,0,0,NaN,NaN,NaN,NaN,NaN,NaN,NaN,NaN,NaN,NaN,NaN,NaN
DASCMOP4_BC,2,203,0,0,NaN,0,0,NaN,NaN,0,0,3,0,NaN,NaN,NaN,NaN,0,0,0,0,NaN,NaN,NaN,NaN,NaN,NaN,NaN,NaN,NaN,NaN,NaN,NaN
DASCMOP4_BC,2,204,0,0,NaN,0,0,NaN,NaN,0,0,3,0,NaN,NaN,NaN,NaN,0,0,0,0,NaN,NaN,NaN,NaN,NaN,NaN,NaN,NaN,NaN,NaN,NaN,NaN
DASCMOP4_BC,2,205,0,0,NaN,0,0,NaN,NaN,0,0,3,0,NaN,NaN,NaN,NaN,0,0,0,0,NaN,NaN,NaN,NaN,NaN,NaN,NaN,NaN,NaN,NaN,NaN,NaN
DASCMOP4_BC,2,206,0,0,NaN,0,0,NaN,NaN,0,0,3,0,NaN,NaN,NaN,NaN,0,0,0,0,NaN,NaN,NaN,NaN,NaN,NaN,NaN,NaN,NaN,NaN,NaN,NaN
DASCMOP4_BC,2,207,0,0,NaN,0,0,NaN,NaN,0,0,3,0,NaN,NaN,NaN,NaN,0,0,0,0,NaN,NaN,NaN,NaN,NaN,NaN,NaN,NaN,NaN,NaN,NaN,NaN
DASCMOP4_BC,2,208,0,0,NaN,0,0,NaN,NaN,0,0,3,0,NaN,NaN,NaN,NaN,0,0,0,0,NaN,NaN,NaN,NaN,NaN,NaN,NaN,NaN,NaN,NaN,NaN,NaN
DASCMOP4_BC,2,209,0,0,NaN,0,0,NaN,NaN,0,0,3,0,NaN,NaN,NaN,NaN,0,0,0,0,NaN,NaN,NaN,NaN,NaN,NaN,NaN,NaN,NaN,NaN,NaN,NaN
DASCMOP4_BC,2,210,0,0,NaN,0,0,NaN,NaN,0,0,3,0,NaN,NaN,NaN,NaN,0,0,0,0,NaN,NaN,NaN,NaN,NaN,NaN,NaN,NaN,NaN,NaN,NaN,NaN
DASCMOP4_BC,2,211,0,0,NaN,0,0,NaN,NaN,0,0,3,0,NaN,NaN,NaN,NaN,0,0,0,0,NaN,NaN,NaN,NaN,NaN,NaN,NaN,NaN,NaN,NaN,NaN,NaN
DASCMOP4_BC,2,212,0,0,NaN,0,0,NaN,NaN,0,0,3,0,NaN,NaN,NaN,NaN,0,0,0,0,NaN,NaN,NaN,NaN,NaN,NaN,NaN,NaN,NaN,NaN,NaN,NaN
DASCMOP4_BC,2,213,0,0,NaN,0,0,NaN,NaN,0,0,3,0,NaN,NaN,NaN,NaN,0,0,0,0,NaN,NaN,NaN,NaN,NaN,NaN,NaN,NaN,NaN,NaN,NaN,NaN
DASCMOP4_BC,2,214,0,0,NaN,0,0,NaN,NaN,0,0,3,0,NaN,NaN,NaN,NaN,0,0,0,0,NaN,NaN,NaN,NaN,NaN,NaN,NaN,NaN,NaN,NaN,NaN,NaN
DASCMOP4_BC,2,215,0,0,NaN,0,0,NaN,NaN,0,0,3,0,NaN,NaN,NaN,NaN,0,0,0,0,NaN,NaN,NaN,NaN,NaN,NaN,NaN,NaN,NaN,NaN,NaN,NaN
DASCMOP4_BC,2,216,0,0,NaN,0,0,NaN,NaN,0,0,3,0,NaN,NaN,NaN,NaN,0,0,0,0,NaN,NaN,NaN,NaN,NaN,NaN,NaN,NaN,NaN,NaN,NaN,NaN
DASCMOP4_BC,2,217,0,0,NaN,0,0,NaN,NaN,0,0,3,0,NaN,NaN,NaN,NaN,0,0,0,0,NaN,NaN,NaN,NaN,NaN,NaN,NaN,NaN,NaN,NaN,NaN,NaN
DASCMOP4_BC,2,218,0,0,NaN,0,0,NaN,NaN,0,0,3,0,NaN,NaN,NaN,NaN,0,0,0,0,NaN,NaN,NaN,NaN,NaN,NaN,NaN,NaN,NaN,NaN,NaN,NaN
DASCMOP4_BC,2,219,0,0,NaN,0,0,NaN,NaN,0,0,3,0,NaN,NaN,NaN,NaN,0,0,0,0,NaN,NaN,NaN,NaN,NaN,NaN,NaN,NaN,NaN,NaN,NaN,NaN
DASCMOP4_BC,2,220,0,0,NaN,0,0,NaN,NaN,0,0,3,0,NaN,NaN,NaN,NaN,0,0,0,0,NaN,NaN,NaN,NaN,NaN,NaN,NaN,NaN,NaN,NaN,NaN,NaN
DASCMOP4_BC,2,221,0,0,NaN,0,0,NaN,NaN,0,0,3,0,NaN,NaN,NaN,NaN,0,0,0,0,NaN,NaN,NaN,NaN,NaN,NaN,NaN,NaN,NaN,NaN,NaN,NaN
DASCMOP4_BC,2,222,0,0,NaN,0,0,NaN,NaN,0,0,3,0,NaN,NaN,NaN,NaN,0,0,0,0,NaN,NaN,NaN,NaN,NaN,NaN,NaN,NaN,NaN,NaN,NaN,NaN
DASCMOP4_BC,2,223,0,0,NaN,0,0,NaN,NaN,0,0,3,0,NaN,NaN,NaN,NaN,0,0,0,0,NaN,NaN,NaN,NaN,NaN,NaN,NaN,NaN,NaN,NaN,NaN,NaN
DASCMOP4_BC,2,224,0,0,NaN,0,0,NaN,NaN,0,0,3,0,NaN,NaN,NaN,NaN,0,0,0,0,NaN,NaN,NaN,NaN,NaN,NaN,NaN,NaN,NaN,NaN,NaN,NaN
DASCMOP4_BC,2,225,0,0,NaN,0,0,NaN,NaN,0,0,3,0,NaN,NaN,NaN,NaN,0,0,0,0,NaN,NaN,NaN,NaN,NaN,NaN,NaN,NaN,NaN,NaN,NaN,NaN
DASCMOP4_BC,2,226,0,0,NaN,0,0,NaN,NaN,0,0,3,0,NaN,NaN,NaN,NaN,0,0,0,0,NaN,NaN,NaN,NaN,NaN,NaN,NaN,NaN,NaN,NaN,NaN,NaN
DASCMOP4_BC,2,227,0,0,NaN,0,0,NaN,NaN,0,0,3,0,NaN,NaN,NaN,NaN,0,0,0,0,NaN,NaN,NaN,NaN,NaN,NaN,NaN,NaN,NaN,NaN,NaN,NaN
DASCMOP4_BC,2,228,0,0,NaN,0,0,NaN,NaN,0,0,3,0,NaN,NaN,NaN,NaN,0,0,0,0,NaN,NaN,NaN,NaN,NaN,NaN,NaN,NaN,NaN,NaN,NaN,NaN
DASCMOP4_BC,2,229,0,0,NaN,0,0,NaN,NaN,0,0,3,0,NaN,NaN,NaN,NaN,0,0,0,0,NaN,NaN,NaN,NaN,NaN,NaN,NaN,NaN,NaN,NaN,NaN,NaN
DASCMOP4_BC,2,230,0,0,NaN,0,0,NaN,NaN,0,0,3,0,NaN,NaN,NaN,NaN,0,0,0,0,NaN,NaN,NaN,NaN,NaN,NaN,NaN,NaN,NaN,NaN,NaN,NaN
DASCMOP4_BC,2,231,0,0,NaN,0,0,NaN,NaN,0,0,3,0,NaN,NaN,NaN,NaN,0,0,0,0,NaN,NaN,NaN,NaN,NaN,NaN,NaN,NaN,NaN,NaN,NaN,NaN
DASCMOP4_BC,2,232,0,0,NaN,0,0,NaN,NaN,0,0,3,0,NaN,NaN,NaN,NaN,0,0,0,0,NaN,NaN,NaN,NaN,NaN,NaN,NaN,NaN,NaN,NaN,NaN,NaN
DASCMOP4_BC,2,233,0,0,NaN,0,0,NaN,NaN,0,0,3,0,NaN,NaN,NaN,NaN,0,0,0,0,NaN,NaN,NaN,NaN,NaN,NaN,NaN,NaN,NaN,NaN,NaN,NaN
DASCMOP4_BC,2,234,0,0,NaN,0,0,NaN,NaN,0,0,3,0,NaN,NaN,NaN,NaN,0,0,0,0,NaN,NaN,NaN,NaN,NaN,NaN,NaN,NaN,NaN,NaN,NaN,NaN
DASCMOP4_BC,2,235,0,0,NaN,0,0,NaN,NaN,0,0,3,0,NaN,NaN,NaN,NaN,0,0,0,0,NaN,NaN,NaN,NaN,NaN,NaN,NaN,NaN,NaN,NaN,NaN,NaN
DASCMOP4_BC,2,236,0,0,NaN,0,0,NaN,NaN,0,0,3,0,NaN,NaN,NaN,NaN,0,0,0,0,NaN,NaN,NaN,NaN,NaN,NaN,NaN,NaN,NaN,NaN,NaN,NaN
DASCMOP4_BC,2,237,0,0,NaN,0,0,NaN,NaN,0,0,3,0,NaN,NaN,NaN,NaN,0,0,0,0,NaN,NaN,NaN,NaN,NaN,NaN,NaN,NaN,NaN,NaN,NaN,NaN
DASCMOP4_BC,2,238,0,0,NaN,0,0,NaN,NaN,0,0,3,0,NaN,NaN,NaN,NaN,0,0,0,0,NaN,NaN,NaN,NaN,NaN,NaN,NaN,NaN,NaN,NaN,NaN,NaN
DASCMOP4_BC,2,239,0,0,NaN,0,0,NaN,NaN,0,0,3,0,NaN,NaN,NaN,NaN,0,0,0,0,NaN,NaN,NaN,NaN,NaN,NaN,NaN,NaN,NaN,NaN,NaN,NaN
DASCMOP4_BC,2,240,0,0,NaN,0,0,NaN,NaN,0,0,3,0,NaN,NaN,NaN,NaN,0,0,0,0,NaN,NaN,NaN,NaN,NaN,NaN,NaN,NaN,NaN,NaN,NaN,NaN
DASCMOP4_BC,2,241,0,0,NaN,0,0,NaN,NaN,0,0,3,0,NaN,NaN,NaN,NaN,0,0,0,0,NaN,NaN,NaN,NaN,NaN,NaN,NaN,NaN,NaN,NaN,NaN,NaN
DASCMOP4_BC,2,242,0,0,NaN,0,0,NaN,NaN,0,0,3,0,NaN,NaN,NaN,NaN,0,0,0,0,NaN,NaN,NaN,NaN,NaN,NaN,NaN,NaN,NaN,NaN,NaN,NaN
DASCMOP4_BC,2,243,0,0,NaN,0,0,NaN,NaN,0,0,3,0,NaN,NaN,NaN,NaN,0,0,0,0,NaN,NaN,NaN,NaN,NaN,NaN,NaN,NaN,NaN,NaN,NaN,NaN
DASCMOP4_BC,2,244,0,0,NaN,0,0,NaN,NaN,0,0,3,0,NaN,NaN,NaN,NaN,0,0,0,0,NaN,NaN,NaN,NaN,NaN,NaN,NaN,NaN,NaN,NaN,NaN,NaN
DASCMOP4_BC,2,245,0,0,NaN,0,0,NaN,NaN,0,0,3,0,NaN,NaN,NaN,NaN,0,0,0,0,NaN,NaN,NaN,NaN,NaN,NaN,NaN,NaN,NaN,NaN,NaN,NaN
DASCMOP4_BC,2,246,0,0,NaN,0,0,NaN,NaN,0,0,3,0,NaN,NaN,NaN,NaN,0,0,0,0,NaN,NaN,NaN,NaN,NaN,NaN,NaN,NaN,NaN,NaN,NaN,NaN
DASCMOP4_BC,2,247,3,1,0.03,3,0,0.00605545134192429,0.00705651152345242,3,12,3,0.000157043396325185,100,0.0331771608283862,0.0409566514195078,0,10,2,12,0,4,1.9332105833871,2.08735148528459,0,2.08778352121224,400.484133654458,0.333333333333333,-0.0012471577779184,0,1.93398800219991,2.0890867684749,0
DASCMOP4_BC,2,248,4,1,0.04,4,0,0.00580707717094666,0.00733502068290052,4,12,3,0.000209391195100246,100,0.0331979563565207,0.0431292229652877,0,9,3,12,0,3,1.76941067294,1.87686942267069,0,1.87686942267069,384.854159843825,0.666666666666667,0.000223241945021935,0,1.77016445553752,1.87828867144653,0
DASCMOP4_BC,2,249,3,1,0.03,3,0,0.00402045607223447,0.00550395106090593,3,11,3,0.000157043396325185,100,0.0254392612935335,0.0374805847363715,0,9,2,11,0,3.66666666666667,1.87968476683296,1.90670826293162,0,1.90670826293162,388.047907021075,0.272727272727273,-0.000856974229015206,0,1.87972988513517,1.90779828539438,0
DASCMOP4_BC,2,250,5,1,0.05,5,0,0.00482420212927263,0.00603006865957828,5,13,3,0.000261738993875308,100,0.023040354391716,0.0339572753393254,0,9,4,13,0,2.6,1.53173391135478,1.60092024696097,0,1.60224129695601,530.750526482982,0.384615384615385,-0.000887117441476071,0,1.53492779802962,1.60331767424559,0
DASCMOP4_BC,2,251,5,1,0.05,5,0,0.00459180532036495,0.00644191505827662,5,15,3,0.000261738993875308,100,0.0214009622961872,0.0339572753393254,0,11,4,15,0,3,1.7476586794361,1.83693620851147,0,1.84018489727071,610.89895894494,0.466666666666667,-0.000149508072066706,0,1.74972073738935,1.84040856637473,0
DASCMOP4_BC,2,252,7,1,0.07,7,0,0.00359956377879991,0.00551862852268723,7,14,3,0.000366434591425431,100,0.0231702192969696,0.089535436751706,0,8,6,14,0,2,1.55118681972161,1.67078222320759,0,1.67172245676942,1502.03405283412,0.5,-3.43453627216217e-05,0,1.55338028432545,1.6739559948293,0
DASCMOP4_BC,2,253,6,1,0.06,6,0,0.00449108574843044,0.00594301500025903,6,15,3,0.000314086792650369,100,0.0201722109855879,0.0296160158704908,0,10,5,15,0,2.5,1.54734265335611,1.99512194747056,0,1.99512194747056,1202.49185119739,0.466666666666667,-0.000212248190930464,0,1.55059687662748,1.99609029784247,0
DASCMOP4_BC,2,254,8,1,0.08,8,0,0.0039237949093632,0.00620234835179079,8,20,3,0.000418782390200492,100,0.0219425752757295,0.111041030852414,0,13,7,20,0,2.5,2.19891972980147,2.26067588805976,0,2.26455190353597,1788.649865992,0.55,0.00196112227215034,0,2.20259678494623,2.26475965091618,0
DASCMOP4_BC,2,255,7,1,0.07,7,0,0.00330909735352038,0.00508000142292499,7,19,3,0.000366434591425431,100,0.029462361730719,0.136807935207566,0,13,6,19,0,2.71428571428571,1.72024883064562,1.86927155592287,0,1.87082716797847,652.670686839749,0.842105263157895,0.00581938384633274,0,1.72448382766329,1.87123573324291,0
DASCMOP4_BC,2,256,6,1,0.06,6,0,0.00236110743897209,0.00393802769367659,6,19,3,0.000314086792650369,100,0.016054299065095,0.0285675119650534,0,14,5,19,0,3.16666666666667,2.2991584071225,2.44879669776187,0,2.44879669776187,652.406357686978,0.315789473684211,-0.00192026314135874,0,2.30292890312611,2.45091932731163,0
DASCMOP4_BC,2,257,9,1,0.09,9,0,0.0036040603875954,0.00573836404933383,9,19,3,0.000471130188975554,100,0.0167411021411559,0.104070430605619,0,11,8,19,0,2.11111111111111,1.93836061498851,2.16376976746986,0,2.16627669351232,2530.57130911263,0.578947368421053,0.00112430214914694,0,1.9430923835506,2.16666458870486,0
DASCMOP4_BC,2,258,8,1,0.08,8,0,0.00211291279838533,0.00460165330745415,8,19,3,0.000418782390200492,100,0.0584790290150469,0.105903169693473,0,12,7,19,0,2.375,2.35884701264333,2.43678228066124,0,2.44000664813459,1652.94165256635,0.631578947368421,0.00177803098772034,0,2.36336150579061,2.44016281581963,0
DASCMOP4_BC,2,259,8,1,0.08,8,0,0.00250218377633958,0.00416232361086913,8,20,3,0.000418782390200492,100,0.0658182452059187,0.134288775079946,0,15,5,20,0,2.5,2.11162424915592,2.16987875315273,0,2.1742643175174,1046.45704566626,0.95,0.0104380516487012,0,2.11674574369073,2.17565205302072,0
DASCMOP4_BC,2,260,7,1,0.07,7,0,0.00364011871781697,0.00657422160824053,7,15,3,0.000366434591425431,100,0.103383381339835,0.139886693308805,0,9,6,15,0,2.14285714285714,1.75655499278227,1.96841346233582,0,1.96841346233582,1483.31454158238,1,0.0155422619559881,0,1.75788583043874,1.96851033252407,0
DASCMOP4_BC,2,261,6,1,0.06,6,0,0.00431245297871526,0.0064950082835233,6,16,3,0.000314086792650369,100,0.0765642072803987,0.110277032205525,0,11,5,16,0,2.66666666666667,1.60943540784154,1.82468251744746,0,1.82468251744746,1406.07090073325,0.9375,0.00966268859142511,0,1.61099607339313,1.82515063726187,0
DASCMOP4_BC,2,262,6,1,0.06,6,0,0.00548663329535171,0.00872879084279574,6,16,3,0.000314086792650369,100,0.0765642072803987,0.110277032205525,0,11,5,16,0,2.66666666666667,1.44687406823022,1.88703215422611,0,1.88703215422611,1454.11652461985,0.9375,0.00940189034391724,0,1.4483976354557,1.8874611157308,0
DASCMOP4_BC,2,263,6,1,0.06,6,0,0.00345132845744885,0.00477657607368228,6,16,3,0.000314086792650369,100,0.103861442369454,0.107395876792324,0,11,5,16,0,2.66666666666667,1.37724184278408,1.49423358383834,0,1.49423358383834,1151.43228536684,0.4375,-0.00447058537698194,0,1.37961765350566,1.49691957915756,0
DASCMOP4_BC,2,264,5,1,0.05,5,0,0.00325526832389319,0.00478333485632993,5,16,3,0.000261738993875308,100,0.025455723679359,0.148253853327353,0,12,4,16,0,3.2,1.71355475590253,2.08273125704325,0,2.08539061627405,666.624011096844,0.5625,0.00200104957742664,0,1.71513350382783,2.08546064746004,0
DASCMOP4_BC,2,265,6,1,0.06,6,0,0.00279805997308824,0.00548786342220586,6,19,3,0.000314086792650369,100,0.0244277899009938,0.101331255163504,0,14,5,19,0,3.16666666666667,1.77683523990833,1.90257661971733,0,1.90257661971733,1145.02298083618,0.368421052631579,-0.000100178931004918,0,1.77978097078986,1.90341649158453,0
DASCMOP4_BC,2,266,7,1,0.07,7,0,0.00554270111178363,0.0088345169934324,7,18,3,0.000366434591425431,100,0.0493402372704321,0.140955985164918,0,12,6,18,0,2.57142857142857,1.60472867348112,1.72293641372701,0,1.7242508303039,1173.2185450881,0.666666666666667,0.000597648153636485,0,1.60574189915246,1.72443220305004,0
DASCMOP4_BC,2,267,5,1,0.05,5,0,0.00286084640025122,0.0140806892629401,5,17,3,0.000261738993875308,100,0.0151875872771702,0.115900453757071,0,13,4,17,0,3.4,1.73701048677172,1.90407360237611,0,1.90437738545799,597.821371043093,0.764705882352941,0.00356131570010945,0,1.73719004223099,1.90522049828469,0
DASCMOP4_BC,2,268,4,1,0.04,4,0,0.0028447326881294,0.00393304054558531,4,13,3,0.000209391195100246,100,0.0141224488247431,0.0223008731497265,0,10,3,13,0,3.25,1.3129362888709,1.64710000801006,0,1.64740144941981,1600.34599121737,0.615384615384615,0.000956319417628998,0,1.31311490887571,1.64803239569612,0
DASCMOP4_BC,2,269,6,1,0.06,6,0,0.00277223130814398,0.0104483349565808,6,20,3,0.000314086792650369,100,0.0136849744597303,0.0956896091684818,0,19,1,20,0,3.33333333333333,1.72619971826329,2.16467757163486,0,2.16476516238366,571.896390003969,0.1,-0.0069071907068857,0,1.72873805209267,2.16514339317751,0
DASCMOP4_BC,2,270,5,1,0.05,5,0,0.00698148599037112,0.00916025037909145,5,20,3,0.000261738993875308,100,0.0389028392401953,0.231434448880882,0,20,0,20,0,4,1.76504984675285,2.20115276863953,0,2.20117558101695,479.249241842341,0.45,-0.000534315830698906,0,1.76506028480457,2.20135130597204,0
DASCMOP4_BC,2,271,7,1,0.07,7,0,0.00814556116210029,0.00941894565403932,7,20,3,0.000366434591425431,100,0.105030766517313,0.20196711304605,0,20,0,20,0,2.85714285714286,1.63399631819111,2.11410352523562,0,2.11517108137118,633.672500346254,0.85,0.0159005775600162,0,1.6352552695614,2.11868231416958,0
DASCMOP4_BC,2,272,6,1,0.06,6,0,0.00589554777325986,0.00782098474495634,6,20,3,0.000314086792650369,100,0.121904097358525,0.208308038912211,0,20,0,20,0,3.33333333333333,1.52810408747121,1.90312763208344,0,1.90419593108734,320.573187846441,1,0.0187071063383047,0,1.53059215717424,1.90475001802858,0
DASCMOP4_BC,2,273,6,1,0.06,6,0,0.00608918620525794,0.00774719409482381,6,20,3,0.000314086792650369,100,0.089710236776346,0.1466340844379,0,20,0,20,0,3.33333333333333,1.4183365863419,2.13393491419627,0,2.13500353848767,447.358181669231,0.8,0.0141689653793766,0,1.42035896455172,2.13561322925999,0
DASCMOP4_BC,2,274,7,1,0.07,7,0,0.00520726638508723,0.00605606630516261,7,20,3,0.000366434591425431,100,0.138777428199736,0.227184458217891,0,20,0,20,0,2.85714285714286,1.72056566613993,1.92321906028011,0,1.92444480500577,597.769037313914,1,0.0238835087315311,0,1.72296268143508,1.92525807365607,0
DASCMOP4_BC,2,275,7,1,0.07,7,0,0.00384207153149651,0.00571784170136968,7,20,3,0.000366434591425431,100,0.141617385574629,0.227184458217891,0,20,0,20,0,2.85714285714286,2.07353896620202,2.14668959071697,0,2.14785641070808,1114.48024552687,0.3,-0.00453817965302511,0,2.07754646419463,2.15010213801579,0
DASCMOP4_BC,2,276,8,1,0.08,8,0,0.00513611287078595,0.00870135104180777,8,20,3,0.000418782390200492,100,0.0916906064956531,0.202831262687185,0,20,0,20,0,2.5,1.58590486832565,1.78254967012105,0,1.78435056442756,666.621618117297,0.05,-0.00306071751511111,0,1.59052360378222,1.78515368873865,0
DASCMOP4_BC,2,277,9,1,0.09,9,0,0.0030796342641839,0.00754075328873823,9,20,3,0.000471130188975554,100,0.0464992107995342,0.226437330347641,0,20,0,20,0,2.22222222222222,1.71696859114227,1.99584780091161,0,1.99656564051024,899.262500376986,0.25,-0.00482139766533887,0,1.71946694529817,2.00025270118405,0
DASCMOP4_BC,2,278,11,1,0.11,11,0,0.00298689350843937,0.0076707144735056,11,20,3,0.000575825786525677,100,0.0289069045156146,0.228734340874157,0,20,0,20,0,1.81818181818182,1.85609702901348,2.05435197963664,0,2.05720519767589,1713.95732043756,0.55,0.00291262122813793,0,1.85924772791309,2.05752977694543,0
DASCMOP4_BC,2,279,10,1,0.1,10,0,0.00233832246726345,0.00475682131861043,10,20,3,0.000523477987750615,100,0.0270866883999771,0.225973576339062,0,20,0,20,0,2,1.83796366030605,2.07744491742034,0,2.08239740154459,1274.05530944985,0.6,0.00218715145135795,0,1.83871231299462,2.08260021659549,0
DASCMOP4_BC,2,280,14,1,0.14,14,0,0.00298156555073661,0.0107481507323574,14,20,3,0.000732869182850861,100,0.104681133827203,0.226227015580412,0,20,0,20,0,1.42857142857143,2.01273831668736,2.12594403397719,0,2.13089022093978,1172.1037480442,0.4,-0.00175060738369401,0,2.01641184355777,2.13159458298354,0
DASCMOP4_BC,2,281,15,1,0.15,15,0,0.00280164975912549,0.00601846242442313,15,20,3,0.000785216981625923,100,0.0322853923216822,0.226184660819396,0,20,0,20,0,1.33333333333333,1.63529093722825,1.94187181617551,0,1.94259429480869,970.1999068628,0.3,-0.00415752535257005,0,1.64103620786546,1.94288824753061,0
DASCMOP4_BC,2,282,14,1,0.14,14,0,0.00273084256210857,0.00713832022688118,14,20,3,0.000732869182850861,100,0.142369697008575,0.226905265197544,0,20,0,20,0,1.42857142857143,1.92146175385204,2.14528209608607,0,2.14575292740445,1691.4669153855,0.3,-0.00250208710279262,0,1.92596013031092,2.14616248906767,0
DASCMOP4_BC,2,283,15,1,0.15,15,0,0.00342874007225602,0.00863228836778783,15,20,3,0.000785216981625923,100,0.102569820136268,0.227167555101412,0,20,0,20,0,1.33333333333333,1.74934587390169,2.03116151457202,0,2.03186644996604,1543.94695664666,0.5,0.000168346959546373,0,1.75418135499554,2.03243655373763,0
DASCMOP4_BC,2,284,14,1,0.14,14,0,0.00333505546075042,0.0083866333261691,14,20,3,0.000732869182850861,100,0.0996404301941865,0.227608607891861,0,20,0,20,0,1.42857142857143,1.63759749334215,1.96883447814316,0,1.96998400693376,672.253018523234,0.6,0.00330184728665525,0,1.64210264938706,1.97020492512831,0
DASCMOP4_BC,2,285,14,1,0.14,14,0,0.00334511850580914,0.00825718671280089,14,20,3,0.000732869182850861,100,0.0706913631784466,0.226597322144078,0,20,0,20,0,1.42857142857143,1.83836500942691,1.92924067682552,0,1.93218958379573,513.12809861067,0.7,0.0039288174836276,0,1.84079357902192,1.93279023929832,0
DASCMOP4_BC,2,286,21,1,0.21,21,0,0.00278040238548876,0.00507114827822723,21,20,3,0.00109930377427629,100,0.0412160758701338,0.176139574484189,0,20,0,20,0,0.952380952380952,1.58496394362605,2.12894280477436,0,2.13107301118768,680.414855995726,0.45,-0.000264404839695725,0,1.58866029391501,2.13120209272526,0
DASCMOP4_BC,2,287,29,1,0.29,29,0,0.00352230244449678,0.00633608617868307,29,20,3,0.00151808616447678,100,0.0284408517601758,0.143434517233778,0,20,0,20,0,0.689655172413793,2.10868554062882,2.28519285241836,0,2.28746377710328,1653.25536559721,0.55,9.08026340712687e-05,0,2.11191941409025,2.28821285023277,0
DASCMOP4_BC,2,288,24,1,0.24,24,0,0.00396932544750088,0.00861243497828435,24,20,3,0.00125634717060148,100,0.0264649909023223,0.142658637007205,0,20,0,20,0,0.833333333333333,1.6448097418134,1.9255903551502,0,1.92675852104524,1387.84222647726,0.45,-0.000100107249464826,0,1.64820755067567,1.92768018059707,0
DASCMOP4_BC,2,289,26,1,0.26,26,0,0.00371930802577896,0.00901207083570634,26,20,3,0.0013610427681516,100,0.0277803595072588,0.142537662462163,0,20,0,20,0,0.769230769230769,2.08252363119407,2.16923431559907,0,2.17363696850361,1636.1003479397,0.35,-0.00164859678456585,0,2.08403506710362,2.17377428903694,0
DASCMOP4_BC,2,290,28,1,0.28,28,0,0.00329266498169513,0.00745291441613602,28,20,3,0.00146573836570172,100,0.0258034577000702,0.0974570863800223,0,20,0,20,0,0.714285714285714,1.57836667337736,1.87699156986889,0,1.87917717174989,1759.60137184932,0.4,-0.00131226429268241,0,1.5801751979004,1.87958056867245,0
DASCMOP4_BC,2,291,26,1,0.26,26,0,0.00326148151271738,0.00737257019044435,26,20,3,0.0013610427681516,100,0.0271305520549206,0.100558203885447,0,20,0,20,0,0.769230769230769,1.4466991267133,1.71235586078155,0,1.71359812158709,1332.8315473455,0.4,-0.00108420386403722,0,1.45233797064926,1.71379760436887,0
DASCMOP4_BC,2,292,29,1,0.29,29,0,0.00292364497243596,0.005720567345911,29,20,3,0.00151808616447678,100,0.0256555146605373,0.100049934697601,0,20,0,20,0,0.689655172413793,1.35324122032033,1.54112800651927,0,1.5441007768197,1397.24918987585,0.5,0.000260302098087584,0,1.35697932558031,1.54426443719063,0
DASCMOP4_BC,2,293,29,1,0.29,29,0,0.0029223113763036,0.00666469896879627,29,20,3,0.00151808616447678,100,0.0272370927285815,0.101151637547164,0,20,0,20,0,0.689655172413793,1.16855650864817,1.5363938402308,0,1.53804782858895,1076.45998687992,0.65,0.00155674751800289,0,1.17302937545855,1.53833667198583,0
DASCMOP4_BC,2,294,23,1,0.23,23,0,0.00305604608250904,0.00797964288871592,23,20,3,0.00120399937182641,100,0.0209546873798109,0.0990569263953645,0,20,0,20,0,0.869565217391304,1.32918293920383,1.90606659828027,0,1.90884675879922,870.93135076002,0.35,-0.000821275730015322,0,1.33262760132344,1.90918775816261,0
DASCMOP4_BC,2,295,28,1,0.28,28,0,0.00402827829666284,0.0110961518431106,28,20,3,0.00146573836570172,100,0.0287594926073934,0.0978860295468908,0,20,0,20,0,0.714285714285714,1.76920490496902,2.19478513710058,0,2.19598289112062,1283.51399765751,0.55,0.000764476982351867,0,1.7735248530118,2.19623650480749,0
DASCMOP4_BC,2,296,19,1,0.19,19,0,0.00350073434666878,0.00774373984231881,19,20,3,0.000994608176726169,100,0.0286031034799512,0.100563774109081,0,20,0,20,0,1.05263157894737,1.69789085345074,1.98012742343508,0,1.98053237059151,1229.11222396202,0,-0.00525129807509111,0,1.70259064451275,1.98104680931458,0
DASCMOP4_BC,2,297,17,1,0.17,17,0,0.00465595112853208,0.00913552215540784,17,20,3,0.000889912579176046,100,0.029013037336028,0.100833128566388,0,20,0,20,0,1.17647058823529,1.45419745822388,2.01998407485556,0,2.02168905143622,1123.33383987756,1,0.00353462181761727,0,1.45859701182725,2.02242341281197,0
DASCMOP4_BC,2,298,16,1,0.16,16,0,0.00497853502753137,0.0113653282850495,16,20,3,0.000837564780400984,100,0.030628313438121,0.137550577515321,0,20,0,20,0,1.25,1.52998072913371,2.07909299807004,0,2.08079964230821,968.602056591639,0.6,0.00218897689496066,0,1.53332228390377,2.08121991297138,0
DASCMOP4_BC,2,299,15,1,0.15,15,0,0.0042932704092656,0.00895573059953327,15,20,3,0.000785216981625923,100,0.0971101664905861,0.141212185453819,0,20,0,20,0,1.33333333333333,1.61745238975096,2.20077931374019,0,2.20402580204951,572.620151726788,1,0.0103801000053541,0,1.62313953720368,2.20446608735211,0
DASCMOP4_BC,2,300,13,1,0.13,13,0,0.00479284228698118,0.00938451124875149,13,20,3,0.0006805213840758,100,0.098006289057177,0.145170943667691,0,20,0,20,0,1.53846153846154,1.92544175815847,2.33416538918393,0,2.33601462054987,484.825602712581,1,0.0119079063047484,0,1.92885465562571,2.33685963121468,0
DASCMOP4_BC,2,301,14,1,0.14,14,0,0.00492760640348629,0.0102800266134144,14,20,3,0.000732869182850861,100,0.102110424332516,0.151967659002146,0,20,0,20,0,1.42857142857143,1.59357206795223,2.20305737904477,0,2.20487337891148,533.543336141214,1,0.0239785407716212,0,1.5957778000383,2.20520059468334,0
DASCMOP4_BC,2,302,13,1,0.13,13,0,0.00489844487805602,0.013930166914373,13,20,3,0.0006805213840758,100,0.104462692947355,0.160052248605971,0,20,0,20,0,1.53846153846154,1.45951467322781,2.26295744887205,0,2.26356428959775,518.387681357306,0.9,0.0336316772508508,0,1.46083620914489,2.26401319695786,0
DASCMOP4_BC,2,303,13,1,0.13,13,0,0.00599620010628277,0.012358005969681,13,20,3,0.0006805213840758,100,0.101045838055047,0.160052248605971,0,20,0,20,0,1.53846153846154,1.28381467929837,2.09682780183639,0,2.09786692002051,657.41358717609,0.9,0.0336331262719248,0,1.28542235646258,2.09806039448687,0
DASCMOP4_BC,2,304,14,1,0.14,14,0,0.00434522965657494,0.0085413111017438,14,20,3,0.000732869182850861,100,0.100768528028214,0.140915487409941,0,20,0,20,0,1.42857142857143,1.44579845686811,2.16520269804584,0,2.16580927189085,524.090460442087,0.9,0.0428804965202679,0,1.44856519280479,2.16628597714479,0
DASCMOP4_BC,2,305,19,1,0.19,19,0,0.00504734200417613,0.00960504968684339,19,20,3,0.000994608176726169,100,0.100258508176789,0.127612072471699,0,20,0,20,0,1.05263157894737,2.20176588617607,2.48642226087661,0,2.49209888053853,825.176814496679,0.8,0.0116621570356295,0,2.20485283540645,2.49295089898994,0
DASCMOP4_BC,2,306,18,1,0.18,18,0,0.00551128060040894,0.00891901901042174,18,20,3,0.000942260377951107,100,0.0343945856365298,0.107876851150245,0,20,0,20,0,1.11111111111111,2.07106072774404,2.38272484113704,0,2.38838717500489,624.190483309999,1,0.0153661424522018,0,2.07716277205063,2.38923894987862,0
DASCMOP4_BC,2,307,20,1,0.2,20,0,0.00622209917356037,0.0109521727288385,20,20,3,0.00104695597550123,100,0.0383131702765521,0.101236135095632,0,20,0,20,0,1,1.70417313831089,2.07060378944567,0,2.07623914265701,542.61249075731,1,0.0105461382567261,0,1.70908807850455,2.07709104207862,0
DASCMOP4_BC,2,308,22,1,0.22,22,0,0.00323115719381353,0.00541084798746589,22,20,3,0.00115165157305135,100,0.0304067532554608,0.101814708631776,0,20,0,20,0,0.909090909090909,1.51229956791442,1.93860059541232,0,1.94423288705374,840.646021010688,0.9,0.0106392639982845,0,1.51827793790556,1.94465898665105,0
DASCMOP4_BC,2,309,21,1,0.21,21,0,0.00401626756638297,0.00780022957021287,21,20,3,0.00109930377427629,100,0.0302906332683294,0.100238861188721,0,20,0,20,0,0.952380952380952,1.51056672060704,1.92706109399929,0,1.93125577189551,711.043952966235,0.75,0.00391606796355758,0,1.51588591846114,1.93176376682434,0
DASCMOP4_BC,2,310,21,1,0.21,21,0,0.00209049207974251,0.00391465078232877,21,20,3,0.00109930377427629,100,0.0192660010826478,0.139987402186685,0,20,0,20,0,0.952380952380952,1.76951207876574,2.08778866158183,0,2.09198682876842,888.150120172916,0.8,0.00615945677789108,0,1.77523232085934,2.09252317675244,0
DASCMOP4_BC,2,311,20,1,0.2,20,0,0.00272540243537938,0.00511571546135369,20,20,3,0.00104695597550123,100,0.0249454597918019,0.140319905287988,0,20,0,20,0,1,1.66958092454394,2.14367289974941,0,2.14762869630719,805.372929494078,0.65,0.00211665045862425,0,1.67458288508549,2.14795403373124,0
DASCMOP4_BC,2,312,18,1,0.18,18,0,0.00398020767599166,0.0102805170096814,18,20,3,0.000942260377951107,100,0.0291761710773151,0.142595083870902,0,20,0,20,0,1.11111111111111,1.73851716345024,2.20836688692175,0,2.21109571121783,651.147711745605,0.5,0.000568799088907369,0,1.74243315118506,2.21139817765968,0
DASCMOP4_BC,2,313,21,1,0.21,21,0,0.00307996337549814,0.00520907993789861,21,20,3,0.00109930377427629,100,0.0288793411607668,0.155051664788909,0,20,0,20,0,0.952380952380952,1.63095130907717,2.09491292497707,0,2.09834180852736,893.811372255078,0.55,0.000482397008149525,0,1.63511331333252,2.09874338678125,0
DASCMOP4_BC,2,314,21,1,0.21,21,0,0.00353267007191701,0.00651582804542465,21,20,3,0.00109930377427629,100,0.0307226823960796,0.172539758359074,0,20,0,20,0,0.952380952380952,1.61790951266199,2.08626004645219,0,2.08928497382408,830.540049053874,0.55,0.000494133232131606,0,1.62105490126813,2.08992410022872,0
DASCMOP4_BC,2,315,21,1,0.21,21,0,0.00338083793377158,0.00728053241969967,21,20,3,0.00109930377427629,100,0.0339405880704203,0.172539758359074,0,20,0,20,0,0.952380952380952,1.38457965846642,2.01556121330043,0,2.01691139115292,887.013276573109,0.55,0.00122646597845637,0,1.3876138945977,2.01727462888272,0
DASCMOP4_BC,2,316,22,1,0.22,22,0,0.00271972618704635,0.00522253218538133,22,20,3,0.00115165157305135,100,0.0318256821114992,0.142276238708653,0,20,0,20,0,0.909090909090909,1.43528058878877,2.06303294471798,0,2.06437402371459,951.575804461763,0.65,0.0014710289192625,0,1.43619729322164,2.06473728541695,0
DASCMOP4_BC,2,317,24,1,0.24,24,0,0.00234280458615953,0.00531610105664804,24,20,3,0.00125634717060148,100,0.0242525489883087,0.141983403310405,0,20,0,20,0,0.833333333333333,1.45339325656111,2.0497456690376,0,2.05176752211475,979.778642239544,0.7,0.00191138900698637,0,1.45383450849049,2.05219492603322,0
DASCMOP4_BC,2,318,29,1,0.29,29,0,0.00251336730041907,0.00604653349190193,29,20,3,0.00151808616447678,100,0.0203255866462106,0.142138111531791,0,20,0,20,0,0.689655172413793,1.41313015109024,2.08564750904333,0,2.08767321746781,1116.00174180803,0.7,0.00253520018878974,0,1.41405100826989,2.08814664638543,0
DASCMOP4_BC,2,319,30,1,0.3,30,0,0.00233333060786735,0.00626954697895805,30,20,3,0.00157043396325185,100,0.0173969013345198,0.142120687053425,0,20,0,20,0,0.666666666666667,1.42059633459073,2.03279450026385,0,2.03481694360955,1133.87343229775,0.75,0.00296263560488111,0,1.42220821929663,2.03529022446642,0
DASCMOP4_BC,2,320,31,1,0.31,31,0,0.00164765694451018,0.00480969067906757,31,20,3,0.00162278176202691,100,0.0129526882303837,0.140773779371164,0,20,0,20,0,0.645161290322581,1.52648131390832,1.99417844980109,0,1.99505419544761,1265.833906474,0.6,0.00380777679734737,0,1.52717820199288,1.99514836281432,0
DASCMOP4_BC,2,321,32,1,0.32,32,0,0.00179912199840612,0.00546278721061308,32,20,3,0.00167512956080197,100,0.0128552303602273,0.141105178262822,0,20,0,20,0,0.625,1.47101805160463,2.07022702258152,0,2.07210186820238,1657.41967388962,0.6,0.00382862651700927,0,1.47234472919685,2.07227870317609,0
DASCMOP4_BC,2,322,27,1,0.27,27,0,0.00125453890472549,0.00368860161807303,27,20,3,0.00141339056692666,100,0.0119764593906705,0.140451068437847,0,20,0,20,0,0.740740740740741,1.58467944109023,2.01788637507757,0,2.0188723679838,1628.81556811807,0.4,-0.000675779026623975,0,1.586750475661,2.01906700476706,0
DASCMOP4_BC,2,323,28,1,0.28,28,0,0.00151780421646435,0.00408607526274692,28,20,3,0.00146573836570172,100,0.0127754785832031,0.141787076326974,0,20,0,20,0,0.714285714285714,1.49292424424919,2.1093345342775,0,2.11190869867031,1611.40206202206,0.45,-0.00049729974969507,0,1.49409724591301,2.11224689684166,0
DASCMOP4_BC,2,324,28,1,0.28,28,0,0.00123976204529741,0.00391856027019323,28,20,3,0.00146573836570172,100,0.0136880126629239,0.141562520018547,0,20,0,20,0,0.714285714285714,1.50925218753921,1.97548415522519,0,1.97750069831001,1946.46773327399,0.45,-0.000229581457295541,0,1.51002314303929,1.97766899290102,0
DASCMOP4_BC,2,325,29,1,0.29,29,0,0.00148562056087977,0.00508910975240538,29,20,3,0.00151808616447678,100,0.0117386477862366,0.141440582215726,0,20,0,20,0,0.689655172413793,1.32926087311413,1.99296388683119,0,1.99553851305003,1724.67994671344,0.4,-0.000541902471689615,0,1.33183015152036,1.99586502429042,0
DASCMOP4_BC,2,326,29,1,0.29,29,0,0.00154431061329134,0.00510101677903501,29,20,3,0.00151808616447678,100,0.0104577833743462,0.140661824260788,0,20,0,20,0,0.689655172413793,1.46830768926076,2.20687765106825,0,2.20989527573129,1751.48373543866,0.45,-0.000287179156839082,0,1.46913800655,2.21045812296694,0
DASCMOP4_BC,2,327,26,1,0.26,26,0,0.0013598819028708,0.0037958644348532,26,20,3,0.0013610427681516,100,0.0114428226698586,0.140476910669199,0,20,0,20,0,0.769230769230769,1.41998648781981,2.00914991577524,0,2.01102415671482,1211.13116987826,0.5,9.29694595286218e-05,0,1.42038022568742,2.01133770726828,0
DASCMOP4_BC,2,328,33,1,0.33,33,0,0.00173914641055682,0.00723047548048193,33,20,3,0.00172747735957703,96.969696969697,0.0160100911712472,0.140656163288152,0,20,0,20,0,0.606060606060606,1.4927528595947,2.06791288822024,0,2.07055052837067,1641.04408641947,0.45,-0.000176424891254259,0,1.49543979454311,2.07079117862065,0
DASCMOP4_BC,2,329,32,1,0.32,32,0,0.0015652312027585,0.0053382720284054,32,20,3,0.00167512956080197,100,0.0124792743282372,0.140321857281088,0,20,0,20,0,0.625,1.42873270907398,2.01690493733672,0,2.01727107352904,1712.53465977085,0.5,-3.24988348537822e-05,0,1.43066000460987,2.01754591011527,0
DASCMOP4_BC,2,330,30,1,0.3,30,0,0.0012328883727866,0.00415771538454728,30,20,3,0.00157043396325185,100,0.01126607035783,0.139724375439509,0,20,0,20,0,0.666666666666667,1.37456888027597,1.89005053112897,0,1.89103871491365,1335.06449249938,0.55,0.000376009298543568,0,1.37524070408548,1.89123920729013,0
DASCMOP4_BC,2,331,30,1,0.3,30,0,0.00156897581444448,0.0065287642868088,30,20,3,0.00157043396325185,100,0.0156218935201952,0.139853586596268,0,20,0,20,0,0.666666666666667,1.26201325861692,1.85809739319254,0,1.86018470598246,1627.54656153251,0.55,0.00241679907103799,0,1.26397337806171,1.86054925116753,0
DASCMOP4_BC,2,332,27,1,0.27,27,0,0.00137814814957357,0.00427075418148014,27,20,3,0.00141339056692666,100,0.0126889096230949,0.138108298197594,0,20,0,20,0,0.740740740740741,1.40023887480748,1.92270217976273,0,1.92272735464582,1226.14514397339,0.6,0.0017224913156323,0,1.40035052055869,1.92277089604936,0
DASCMOP4_BC,2,333,28,1,0.28,28,0,0.00155772768711935,0.00585992597900898,28,20,3,0.00146573836570172,100,0.0114686864782608,0.139949143964827,0,20,0,20,0,0.714285714285714,1.3433808188298,1.81761821394248,0,1.81970470780973,1286.4666587478,0.55,0.00106671482342841,0,1.34464219007155,1.82011218256794,0
DASCMOP4_BC,2,334,30,1,0.3,30,0,0.00125257057809194,0.00452732410481029,30,20,3,0.00157043396325185,100,0.0105514647566852,0.141375940526942,0,20,0,20,0,0.666666666666667,1.23442236499875,1.90142983152279,0,1.902080415324,1853.67950778987,0.6,0.00200689730538055,0,1.23639689349795,1.90219149418343,0
DASCMOP4_BC,2,335,32,1,0.32,32,0,0.00166466850729838,0.00582166666135209,32,20,3,0.00167512956080197,100,0.0105514647566852,0.136139935292102,0,20,0,20,0,0.625,1.30863329873954,1.86427959928579,0,1.86522053090385,1855.810133344,0.55,0.00173965936522849,0,1.30985765559587,1.8653659403085,0
DASCMOP4_BC,2,336,30,1,0.3,30,0,0.00139418239211949,0.00553140309283203,30,20,3,0.00157043396325185,100,0.0100616167640495,0.136291937578783,0,20,0,20,0,0.666666666666667,1.22591002480594,1.79263214822538,0,1.79329418046085,1201.7269671979,0.65,0.00172533479004432,0,1.22602063970392,1.79358263806225,0
DASCMOP4_BC,2,337,33,1,0.33,33,0,0.00168873417349054,0.00655171141376795,33,20,3,0.00172747735957703,96.969696969697,0.0107411952886301,0.136063934148761,0,20,0,20,0,0.606060606060606,1.21216738794084,1.83967275222458,0,1.83968870470729,1539.17262096691,0.65,0.00145189815632057,0,1.21312260098618,1.83987371990706,0
DASCMOP4_BC,2,338,33,1,0.33,33,0,0.00153261038778966,0.00570881030066768,33,20,3,0.00172747735957703,96.969696969697,0.00974853172195801,0.136063934148761,0,20,0,20,0,0.606060606060606,1.4214154512098,1.93937849412824,0,1.94023694843583,1705.65332760716,0.55,0.00136775822609234,0,1.42165596302089,1.94034911619441,0
DASCMOP4_BC,2,339,34,1,0.34,34,0,0.00173775676442603,0.00727447984250304,34,20,3,0.00177982515835209,94.1176470588235,0.0108704494184202,0.136748762064776,0,20,0,20,0,0.588235294117647,1.35386370893209,1.86262492104509,0,1.86462731316098,1753.83176004579,0.55,0.00190454772844163,0,1.35506015869146,1.86498238157236,0
DASCMOP4_BC,2,340,30,1,0.3,30,0,0.00141334424159775,0.0052307124383365,30,20,3,0.00157043396325185,100,0.0118423387352634,0.137056037141939,0,20,0,20,0,0.666666666666667,1.33166508696279,1.98635452289785,0,1.98817278673094,1477.63462299351,0.65,0.00154094357321799,0,1.33193900514395,1.988527930254,0
DASCMOP4_BC,2,341,31,1,0.31,31,0,0.00134841313758291,0.00513117899915604,31,20,3,0.00162278176202691,100,0.0121981845496546,0.136979218372648,0,20,0,20,0,0.645161290322581,1.4816372683449,1.92189936593058,0,1.92413826490692,1744.60618084354,0.6,0.00148808445941495,0,1.48223078507863,1.92435159289904,0
DASCMOP4_BC,2,342,32,1,0.32,32,0,0.00151807622142201,0.00581497710943783,32,20,3,0.00167512956080197,100,0.00910417322748518,0.137025310399777,0,20,0,20,0,0.625,1.36302770290252,1.97531380421294,0,1.97755232281113,1358.65073198689,0.55,0.00160931359807754,0,1.36391357566637,1.97790736537723,0
DASCMOP4_BC,2,343,34,1,0.34,34,0,0.00189683608326858,0.00725297631215145,34,20,3,0.00177982515835209,94.1176470588235,0.00938559812595005,0.137055024255992,0,20,0,20,0,0.588235294117647,1.49668739836168,1.84561355900178,0,1.84784616416532,1365.30098858745,0.6,0.00112095704811095,0,1.49864341361209,1.8482010391872,0
DASCMOP4_BC,2,344,33,1,0.33,33,0,0.00154915175118366,0.00611586709808691,33,20,3,0.00172747735957703,96.969696969697,0.0106998592547186,0.13612132722113,0,20,0,20,0,0.606060606060606,1.34749424724043,1.92846640494794,0,1.9302827075994,1312.93247156211,0.65,0.00152479218011033,0,1.34784313266335,1.93063768246923,0
DASCMOP4_BC,2,345,31,1,0.31,31,0,0.00140025802830441,0.00459416756186535,31,20,3,0.00162278176202691,100,0.0119029150880994,0.138412434957938,0,20,0,20,0,0.645161290322581,1.33715815352393,1.73757793627036,0,1.7379515565078,1179.62113090653,0.6,0.00157769065737527,0,1.3389887943301,1.73859891737707,0
DASCMOP4_BC,2,346,33,1,0.33,33,0,0.00200931591635947,0.007454184965091,33,20,3,0.00172747735957703,96.969696969697,0.0140769885160963,0.140547244108591,0,20,0,20,0,0.606060606060606,1.23308026892794,1.84406239305632,0,1.84614480058464,1356.75758424174,0.6,0.00135229996117101,0,1.23369580484985,1.84649953555101,0
DASCMOP4_BC,2,347,34,1,0.34,34,0,0.00208155107179761,0.00692647601014122,34,20,3,0.00177982515835209,94.1176470588235,0.0100035094611172,0.136706637932223,0,20,0,20,0,0.588235294117647,1.44605148151704,1.98285645751239,0,1.98508986269322,1867.13646376569,0.55,0.00180070736850305,0,1.44730448002958,1.98544453059604,0
DASCMOP4_BC,2,348,34,1,0.34,34,0,0.00168822517706028,0.00568223153158786,34,20,3,0.00177982515835209,94.1176470588235,0.00989190991047989,0.136706637932223,0,20,0,20,0,0.588235294117647,1.43983436549291,1.89473229418209,0,1.89673394438604,1621.07190236054,0.6,0.0018540999805455,0,1.44235122598531,1.89708885520557,0
DASCMOP4_BC,2,349,35,1,0.35,35,0,0.00201182953412315,0.00668398793334664,35,20,3,0.00183217295712715,91.4285714285714,0.00966571486565478,0.13591193186208,0,20,0,20,0,0.571428571428571,1.19854073678755,1.90736787136398,0,1.9094521495218,1687.14208785048,0.6,0.00155691061549774,0,1.20024484033409,1.90989481186399,0
DASCMOP4_BC,2,350,38,1,0.38,38,0,0.00202122375834236,0.00688667337329601,38,20,3,0.00198921635345234,84.2105263157895,0.0102928244793791,0.136465462267602,0,20,0,20,0,0.526315789473684,1.38105812821951,2.00541963534527,0,2.00742044084855,1960.47341124356,0.6,0.00196571567423036,0,1.38274677125795,2.00777506967946,0
DASCMOP4_BC,2,351,31,1,0.31,31,0,0.00104626467135557,0.00374670903967564,31,20,3,0.00162278176202691,100,0.00710566865398421,0.137042601199232,0,20,0,20,0,0.645161290322581,1.43325524506558,1.91529224326851,0,1.91737505247295,1480.09257954515,0.6,0.00149451270494306,0,1.4355004146182,1.91772976517099,0
DASCMOP4_BC,2,352,30,1,0.3,30,0,0.00114462024767604,0.00476740476730964,30,20,3,0.00157043396325185,100,0.00785457834136466,0.137434757985779,0,20,0,20,0,0.666666666666667,1.32257580427187,1.87688029550482,0,1.87896298733794,1433.66274979871,0.55,0.00115571348730808,0,1.32501975015102,1.87936738211857,0
DASCMOP4_BC,2,353,31,1,0.31,31,0,0.00107076087477047,0.00400476121019992,31,20,3,0.00162278176202691,100,0.00763327746513718,0.13736344008938,0,20,0,20,0,0.645161290322581,1.32280234597316,1.81013819473462,0,1.81213297261748,1519.51260769686,0.55,0.0018647015667888,0,1.32460921703268,1.81253724875187,0
DASCMOP4_BC,2,354,28,1,0.28,28,0,0.00122473875497792,0.00497231540534139,28,20,3,0.00146573836570172,100,0.00885424483380998,0.137577393778576,0,20,0,20,0,0.714285714285714,1.29251183031888,1.96177720010616,0,1.96357546087785,1341.60127948619,0.65,0.00199249990588644,0,1.29311137741314,1.96393013901274,0
DASCMOP4_BC,2,355,33,1,0.33,33,0,0.00147814462323776,0.00537091288438654,33,20,3,0.00172747735957703,96.969696969697,0.010118104955305,0.138378119762367,0,20,0,20,0,0.606060606060606,1.43343558112569,1.8879279477034,0,1.89001005187723,1613.01124382423,0.5,0.00072397805476488,0,1.435887553792,1.8904143288668,0
DASCMOP4_BC,2,356,28,1,0.28,28,0,0.000900153907304714,0.00371423382804033,28,20,3,0.00146573836570172,100,0.00610009439323259,0.136781901894786,0,20,0,20,0,0.714285714285714,1.3582828024404,1.90362232238058,0,1.90552513492544,1384.93339723049,0.6,0.00209086252512793,0,1.36018463211917,1.90592948081758,0
DASCMOP4_BC,2,357,32,1,0.32,32,0,0.00102168981427085,0.00600478511306864,32,20,3,0.00167512956080197,100,0.00876670121772785,0.136190154230424,0,20,0,20,0,0.625,1.27722129710625,1.89663099984502,0,1.8987128618633,1516.84860431169,0.55,0.00303491636929162,0,1.27873089477802,1.89911708198587,0
DASCMOP4_BC,2,358,30,1,0.3,30,0,0.00107575966234813,0.00452922211463355,30,20,3,0.00157043396325185,100,0.00612753468329604,0.136875055899636,0,20,0,20,0,0.666666666666667,1.38493574083662,1.94453752915772,0,1.94549271840147,1413.9817892711,0.7,0.000708452602754046,0,1.38674648607008,1.945647695452,0
DASCMOP4_BC,2,359,30,1,0.3,30,0,0.00129820095012286,0.00641267013285989,30,20,3,0.00157043396325185,100,0.00861188680464461,0.141463068093438,0,20,0,20,0,0.666666666666667,1.30034953011114,1.94492111966225,0,1.946835811882,1485.4502202961,0.6,0.000614539506419827,0,1.30230279434603,1.94719045659385,0
DASCMOP4_BC,2,360,29,1,0.29,29,0,0.00100762218265839,0.00572505418296054,29,20,3,0.00151808616447678,100,0.0105337136939552,0.139451230757983,0,20,0,20,0,0.689655172413793,1.38772154909713,2.05293305066484,0,2.05484106203377,1571.35221310013,0.7,0.000803122983727721,0,1.38817156801431,2.05524544213799,0
DASCMOP4_BC,2,361,32,1,0.32,32,0,0.00124461433694951,0.00480259096000904,32,20,3,0.00167512956080197,100,0.0103259093246301,0.141773411419855,0,20,0,20,0,0.625,1.3624395075665,1.97747775316126,0,1.97946307183052,1581.35853930336,0.6,0.00150460484734291,0,1.36278427369554,1.97983860661602,0
DASCMOP4_BC,2,362,34,1,0.34,34,0,0.00129085633688717,0.00488455155427305,34,20,3,0.00177982515835209,94.1176470588235,0.0103259093246301,0.143739883093849,0,20,0,20,0,0.588235294117647,1.41239218097478,2.04096904247055,0,2.04294561343321,1882.82427457198,0.65,0.00070590415539059,0,1.41557279297976,2.04332117776212,0
DASCMOP4_BC,2,363,34,1,0.34,34,0,0.00101257810028269,0.00456600788737591,34,20,3,0.00177982515835209,94.1176470588235,0.0105899375863595,0.141133360854429,0,20,0,20,0,0.588235294117647,1.35600115161398,1.90893745981416,0,1.90969763834192,1760.01996671876,0.6,0.000527916598482843,0,1.35759296436852,1.90980939414959,0
DASCMOP4_BC,2,364,33,1,0.33,33,0,0.00104000800134174,0.00420755706999903,33,20,3,0.00172747735957703,96.969696969697,0.00710566865398421,0.140290361343665,0,20,0,20,0,0.606060606060606,1.29437965992668,1.91898918464856,0,1.92096327381646,1468.9748746835,0.55,0.000331018579667781,0,1.29514689447814,1.92137454772673,0
DASCMOP4_BC,2,365,32,1,0.32,32,0,0.00091873152504905,0.00414463658749359,32,20,3,0.00167512956080197,100,0.00908371943569907,0.141535341388666,0,20,0,20,0,0.625,1.41697076591637,1.87253206705501,0,1.8748183506895,1430.54876141066,0.5,5.08823346436899e-05,0,1.41812984507791,1.87707843225668,0
DASCMOP4_BC,2,366,33,1,0.33,33,0,0.00112242419790314,0.00542768825490715,33,20,3,0.00172747735957703,96.969696969697,0.0110617702174139,0.140518344987574,0,20,0,20,0,0.606060606060606,1.34477133431224,1.75420336562069,0,1.75515319663811,1342.15592247542,0.7,0.000631800880257119,0,1.34644097304778,1.7553122049488,0
DASCMOP4_BC,2,367,33,1,0.33,33,0,0.00111652520965572,0.0049495407203122,33,20,3,0.00172747735957703,96.969696969697,0.0110617702174139,0.141334351121548,0,20,0,20,0,0.606060606060606,1.40682424500513,1.85264227734859,0,1.85481282636617,1451.01726884848,0.4,-0.000371513208302775,0,1.40787346754708,1.85707276726546,0
DASCMOP4_BC,2,368,31,1,0.31,31,0,0.000888320079474944,0.0033194691107924,31,20,3,0.00162278176202691,100,0.00710566865398421,0.13736344008938,0,20,0,20,0,0.645161290322581,1.43813846997636,1.93940785916208,0,1.93958784476329,1469.71721328077,0.8,0.000873848714213442,0,1.43961460422836,1.93961375022854,0
DASCMOP4_BC,2,369,32,1,0.32,32,0,0.00107633464450206,0.00513080444392669,32,20,3,0.00167512956080197,100,0.0103242794828164,0.140567588501554,0,20,0,20,0,0.625,1.17621954939245,1.79175151215356,0,1.79361090890228,1457.45024842982,0.7,0.000551015603350663,0,1.17799473923922,1.79402208830846,0
DASCMOP4_BC,2,370,31,1,0.31,31,0,0.0011406520694122,0.00442259453844961,31,20,3,0.00162278176202691,100,0.010118104955305,0.140084310636402,0,20,0,20,0,0.645161290322581,1.33853617452944,1.68775300201467,0,1.68914240105029,1356.9348324792,0.75,0.00147235814040654,0,1.33865287792163,1.68943189572535,0
DASCMOP4_BC,2,371,34,1,0.34,34,0,0.00103847475376414,0.00530093105528279,34,20,3,0.00177982515835209,94.1176470588235,0.0121455528958341,0.141302959914321,0,20,0,20,0,0.588235294117647,1.25177738716362,1.72206533497992,0,1.72267850592276,1458.50952370822,0.6,0.000498404003686712,0,1.2550928349362,1.72327487294067,0
DASCMOP4_BC,2,372,34,1,0.34,34,0,0.00109212590526309,0.00460626923066274,34,20,3,0.00177982515835209,94.1176470588235,0.0131258938537668,0.141111118932897,0,20,0,20,0,0.588235294117647,1.24700645989245,1.65650142602537,0,1.65771464582154,1204.82502906801,0.65,0.000449361275317715,0,1.24875541142581,1.65798827381251,0
DASCMOP4_BC,2,373,33,1,0.33,33,0,0.000932040605132826,0.00506205108674123,33,20,3,0.00172747735957703,96.969696969697,0.00957890787024245,0.141193916411984,0,20,0,20,0,0.606060606060606,1.41931806454807,1.8114423392944,0,1.81313021786584,1629.03697196875,0.45,-9.21696841404626e-05,0,1.42107663948614,1.81374235171674,0
DASCMOP4_BC,2,374,33,1,0.33,33,0,0.00121310333939383,0.00617192980862434,33,20,3,0.00172747735957703,96.969696969697,0.0146032390280869,0.141335509110225,0,20,0,20,0,0.606060606060606,1.32476610941417,1.71139864503901,0,1.7117814875286,1344.38381055542,0.65,0.000500965141964113,0,1.32605727935932,1.71237998230709,0
DASCMOP4_BC,2,375,35,1,0.35,35,0,0.00126873225958702,0.00547635281784547,35,20,3,0.00183217295712715,91.4285714285714,0.0146032390280869,0.141270410718417,0,20,0,20,0,0.571428571428571,1.3778363319056,1.78138491213126,0,1.7820007186581,1794.81588962165,0.6,0.000665856542685972,0,1.37982236257709,1.78259742813637,0
DASCMOP4_BC,2,376,37,1,0.37,37,0,0.00125288678870597,0.00528347933643357,37,20,3,0.00193686855467728,86.4864864864865,0.0147916315391842,0.141530804285647,0,20,0,20,0,0.540540540540541,1.25574190496259,1.70219749259771,0,1.70343956315253,1798.58028916615,0.45,-0.000108837680266496,0,1.26150097422138,1.70401489440286,0
DASCMOP4_BC,2,377,34,1,0.34,34,0,0.00131392688536104,0.00462501355873289,34,20,3,0.00177982515835209,94.1176470588235,0.00970262135863937,0.139396409247164,0,20,0,20,0,0.588235294117647,1.38148312901719,1.8281074865169,0,1.83086491508399,1576.44612654823,0.6,0.000463200264942953,0,1.38213318209188,1.83365562998265,0
DASCMOP4_BC,2,378,35,1,0.35,35,0,0.00137644977614371,0.0056794659832261,35,20,3,0.00183217295712715,91.4285714285714,0.0115802518118158,0.141270410718417,0,20,0,20,0,0.571428571428571,1.33994581368347,1.80351733933484,0,1.80444184967668,1786.51457547069,0.6,0.000664792684020123,0,1.34165645963926,1.80472142847581,0
DASCMOP4_BC,2,379,35,1,0.35,35,0,0.00118974433616354,0.00477482888060733,35,20,3,0.00183217295712715,91.4285714285714,0.0115802518118158,0.139246038168947,0,20,0,20,0,0.571428571428571,1.33174493141987,1.79648888421611,0,1.79685071738599,1833.03808541218,0.5,0.000296697444766389,0,1.33337036022068,1.79729788364517,0
DASCMOP4_BC,2,380,37,1,0.37,37,0,0.00151712796239135,0.00655958795186416,37,20,3,0.00193686855467728,86.4864864864865,0.0147916315391842,0.141516400137759,0,20,0,20,0,0.540540540540541,1.33599164531441,1.67467975069421,0,1.67677570046428,1843.45419997183,0.45,-0.000138338981307898,0,1.33842577645754,1.6789927090108,0
DASCMOP4_BC,2,381,36,1,0.36,36,0,0.00112227112117685,0.00496147417338508,36,20,3,0.00188452075590221,88.8888888888889,0.0115179051420809,0.141390452153728,0,20,0,20,0,0.555555555555556,1.25361108486653,1.63124826208579,0,1.63179535525882,1524.21135032978,0.4,-0.000155401048808027,0,1.25558474005099,1.63223816748907,0
DASCMOP4_BC,2,382,37,1,0.37,37,0,0.00107414414148241,0.00488390474034647,37,20,3,0.00193686855467728,86.4864864864865,0.013241174818173,0.141423067880453,0,20,0,20,0,0.540540540540541,1.42902731427235,1.78679739086001,0,1.78772409815847,1637.46830674594,0.4,-0.000185068417604989,0,1.43217332063849,1.78798414912231,0
DASCMOP4_BC,2,383,35,1,0.35,35,0,0.000920365807240442,0.00460280249352279,35,20,3,0.00183217295712715,91.4285714285714,0.010118104955305,0.140236612341916,0,20,0,20,0,0.571428571428571,1.23393490392884,1.69766544691609,0,1.69858759261595,1379.47654778335,0.4,-0.000197993215431243,0,1.23565033306954,1.69874904506282,0
DASCMOP4_BC,2,384,35,1,0.35,35,0,0.00117597483796981,0.00408211577404686,35,20,3,0.00183217295712715,91.4285714285714,0.010118104955305,0.141577897492594,0,20,0,20,0,0.571428571428571,1.49120912443744,1.73348057968256,0,1.73440662303961,1420.45176933537,0.55,0.000112285798419626,0,1.49377697406655,1.73466676573491,0
DASCMOP4_BC,2,385,38,1,0.38,38,0,0.00105426646128386,0.00418626157289371,38,20,3,0.00198921635345234,84.2105263157895,0.0103242794828164,0.141175511947391,0,20,0,20,0,0.526315789473684,1.14028004498804,1.72476325579411,0,1.72584798014802,1755.8430615969,0.45,-0.00011821359629785,0,1.14254286288069,1.72603187181247,0
DASCMOP4_BC,2,386,35,1,0.35,35,0,0.00114749297839595,0.00459707943079387,35,20,3,0.00183217295712715,91.4285714285714,0.0107671649737747,0.140236612341916,0,20,0,20,0,0.571428571428571,1.44022458753986,1.78567213243085,0,1.78614788343299,1393.93634380852,0.55,0.000207038528141849,0,1.44058647406383,1.78674326328718,0
DASCMOP4_BC,2,387,31,1,0.31,31,0,0.000972378872603819,0.00393332108387816,31,20,3,0.00162278176202691,100,0.0124697748913689,0.141929063260409,0,20,0,20,0,0.645161290322581,1.3524881419234,1.82462813624989,0,1.82484068748553,1340.7077305106,0.6,0.00114597279917932,0,1.35276589239653,1.8248747961296,0
DASCMOP4_BC,2,388,34,1,0.34,34,0,0.00122179880953051,0.00422380474515778,34,20,3,0.00177982515835209,94.1176470588235,0.0137063532483898,0.143662582721529,0,20,0,20,0,0.588235294117647,1.2738339902518,1.70997712669197,0,1.71132711712162,1333.86572247033,0.35,-0.000115769099927734,0,1.27600384271365,1.71165762169261,0
DASCMOP4_BC,2,389,34,1,0.34,34,0,0.000939158635711437,0.00417665121333517,34,20,3,0.00177982515835209,94.1176470588235,0.00949426527801546,0.140829169660068,0,20,0,20,0,0.588235294117647,1.24608016896245,1.75313113847413,0,1.75466629207957,1574.45038756782,0.45,-0.000176995819040258,0,1.24971356689232,1.75484603990718,0
DASCMOP4_BC,2,390,34,1,0.34,34,0,0.000699923468549977,0.003202874576591,34,20,3,0.00177982515835209,94.1176470588235,0.00909856369057303,0.140521681448519,0,20,0,20,0,0.588235294117647,1.25068565541309,1.70515744121859,0,1.70664622204556,1483.88272159726,0.5,1.03003190803086e-07,0,1.25242664360799,1.7072120216305,0
DASCMOP4_BC,2,391,35,1,0.35,35,0,0.000867874696001434,0.0048095013709248,35,20,3,0.00183217295712715,91.4285714285714,0.011270886632695,0.140519406955277,0,20,0,20,0,0.571428571428571,1.36938922787604,1.83426997621151,0,1.83434435128838,1720.95615617586,0.45,-0.000187743111120152,0,1.37302969732458,1.83453228549051,0
DASCMOP4_BC,2,392,37,1,0.37,37,0,0.000759354980843598,0.00379767234789608,37,20,3,0.00193686855467728,86.4864864864865,0.011270886632695,0.140129978694318,0,20,0,20,0,0.540540540540541,1.37917295924631,1.90282117557232,0,1.90391453662421,1945.21479027819,0.3,-0.000388739080107101,0,1.38141416737214,1.90446183744809,0
DASCMOP4_BC,2,393,34,1,0.34,34,0,0.000938920372038825,0.00560703633366164,34,20,3,0.00177982515835209,94.1176470588235,0.0103802780183552,0.140264891803252,0,20,0,20,0,0.588235294117647,1.32746559590296,1.73784529649296,0,1.73980951096817,1535.6020916613,0.35,-0.000131912084341219,0,1.33166679147349,1.74009256382236,0
DASCMOP4_BC,2,394,36,1,0.36,36,0,0.000921268107919332,0.00449048657552548,36,20,3,0.00188452075590221,88.8888888888889,0.0103519934127563,0.140183295518117,0,20,0,20,0,0.555555555555556,1.3611645321279,1.83723612122509,0,1.83820663580766,1747.9764677481,0.35,-0.000287549876236304,0,1.36562209613539,1.83878155033027,0
DASCMOP4_BC,2,395,33,1,0.33,33,0,0.000862665498600778,0.00367836783188146,33,20,3,0.00172747735957703,96.969696969697,0.00856279165102378,0.140594471396536,0,20,0,20,0,0.606060606060606,1.36811312574508,1.99389304979256,0,1.99452131445849,1710.87228643529,0.45,-0.000257036632793015,0,1.37023326513927,1.99462577392137,0
DASCMOP4_BC,2,396,31,1,0.31,31,0,0.000809768390654211,0.00362021465724859,31,20,3,0.00162278176202691,100,0.00838558930578184,0.14034973018726,0,20,0,20,0,0.645161290322581,1.39482531525614,1.80071122080124,0,1.8008265927307,1344.87955360238,0.55,3.40175784709906e-05,0,1.39585334261318,1.80093994644285,0
DASCMOP4_BC,2,397,33,1,0.33,33,0,0.000965768838568432,0.00404458710015802,33,20,3,0.00172747735957703,96.969696969697,0.00856279165102378,0.140523955941761,0,20,0,20,0,0.606060606060606,1.21819229861932,1.79645105025372,0,1.79661660743942,1375.19455956525,0.55,0.000162246824278706,0,1.22038740994934,1.79684915596879,0
DASCMOP4_BC,2,398,32,1,0.32,32,0,0.000832984516023821,0.00364204885810873,32,20,3,0.00167512956080197,100,0.0106610724403462,0.140620631150956,0,20,0,20,0,0.625,1.36190203572683,1.83664670797686,0,1.83698548335716,1410.73013528143,0.45,-2.23449911207901e-05,0,1.36205753888099,1.83745411630823,0
DASCMOP4_BC,2,399,30,1,0.3,30,0,0.000903420840607839,0.00429419723530566,30,20,3,0.00157043396325185,100,0.00937581456617826,0.140661578193584,0,20,0,20,0,0.666666666666667,1.36994237405975,1.78048096983329,0,1.7812767688319,1323.08218962184,0.5,0.000305115105849317,0,1.37006996147806,1.78140532144914,0
DASCMOP4_BC,2,400,32,1,0.32,32,0,0.000843173777205038,0.00385543146902522,32,20,3,0.00167512956080197,100,0.00937581456617826,0.140850208767271,0,20,0,20,0,0.625,1.21035728612661,1.71313841950366,0,1.7131404659988,1506.68258009389,0.6,0.000383082749014343,0,1.2110865023234,1.7133731057936,0
DASCMOP4_BC,2,401,31,1,0.31,31,0,0.000946391095616978,0.00464121176337199,31,20,3,0.00162278176202691,100,0.0189191030176223,0.142348828365383,0,20,0,20,0,0.645161290322581,1.14719793511349,1.72851453464199,0,1.72868030814262,1408.73494018033,0.4,-0.000163836860204991,0,1.15099897299475,1.72891249153891,0
DASCMOP4_BC,2,402,29,1,0.29,29,0,0.000937032285495907,0.00243753814306849,29,20,3,0.00151808616447678,100,0.0134475497815038,0.141344932228097,0,20,0,20,0,0.689655172413793,1.04111997142804,1.61980867849254,0,1.62128741667439,1521.06912679538,0.65,0.0183613397139622,0,1.0460978345809,1.62148891954538,0
DASCMOP4_BC,2,403,26,1,0.26,26,0,0.000676515183656027,0.00221658388988254,26,20,3,0.0013610427681516,100,0.0106610724403462,0.140491127493941,0,20,0,20,0,0.769230769230769,1.29957187030907,1.78772117300608,0,1.78772469270117,1100.44545761868,0.4,-0.000155634423745686,0,1.300300316214,1.78795616596547,0
DASCMOP4_BC,2,404,28,1,0.28,28,0,0.000779345239741036,0.00249268580925599,28,20,3,0.00146573836570172,100,0.0126614818523301,0.141349826617814,0,20,0,20,0,0.714285714285714,1.2602044235806,1.67639935030726,0,1.67736660083083,1245.90064489592,0.6,0.0114180020899202,0,1.26214679593794,1.67788121259454,0
DASCMOP4_BC,2,405,26,1,0.26,26,0,0.000803550759930654,0.00312694983982542,26,20,3,0.0013610427681516,100,0.0542483595915888,0.140539877394456,0,20,0,20,0,0.769230769230769,1.21912177511972,1.78280912622994,0,1.7834267656909,1134.17531377034,0.4,-0.000441347792532083,0,1.21976694757102,1.78357810551262,0
DASCMOP4_BC,2,406,28,1,0.28,28,0,0.000785740617991781,0.0038690044498075,28,20,3,0.00146573836570172,100,0.0550344275207625,0.141349826617814,0,20,0,20,0,0.714285714285714,1.24210438981002,1.63212829286265,0,1.63499965206872,1255.61323224651,0.6,0.00508922398298185,0,1.24563988963001,1.63526026384043,0
DASCMOP4_BC,2,407,30,1,0.3,30,0,0.000756672565091831,0.00374710602287877,30,20,3,0.00157043396325185,100,0.0542483595915888,0.169744732145221,0,20,0,20,0,0.666666666666667,1.29571876946177,1.67966138342423,0,1.68027617500337,1397.82119427034,0.55,0.0014179165973561,0,1.30251221351238,1.68074193973969,0
DASCMOP4_BC,2,408,28,1,0.28,28,0,0.000768711516255791,0.0038170025396015,28,20,3,0.00146573836570172,100,0.0550344275207625,0.140535328407972,0,20,0,20,0,0.714285714285714,1.35823076784712,1.63858067399845,0,1.63885000601494,1250.32567367838,0.5,-4.6965453048893e-05,0,1.36166084271805,1.63909221747186,0
DASCMOP4_BC,2,409,31,1,0.31,31,0,0.000671121883905666,0.00310962747314722,31,20,3,0.00162278176202691,100,0.0185953023433274,0.166462128385262,0,20,0,20,0,0.645161290322581,1.23504731714315,1.75328187030832,0,1.75390499917057,1523.05535814463,0.6,0.00659819495474558,0,1.24034615019517,1.75431980292227,0
DASCMOP4_BC,2,410,31,1,0.31,31,0,0.000776835679997148,0.00320441642964901,31,20,3,0.00162278176202691,100,0.0118754139231563,0.166291522899294,0,20,0,20,0,0.645161290322581,1.38047242691489,1.59571753076775,0,1.59783151782961,1498.83516134191,0.3,-0.000496927681561517,0,1.38245187148018,1.59873414616994,0
DASCMOP4_BC,2,411,28,1,0.28,28,0,0.000722788169264798,0.0030259624617182,28,20,3,0.00146573836570172,100,0.0132512787348162,0.140535328407972,0,20,0,20,0,0.714285714285714,1.12751166198934,1.71192151424174,0,1.71236182199306,1451.37197508863,0.5,-5.59494315666917e-05,0,1.1328048121059,1.71285739152872,0
DASCMOP4_BC,2,412,25,1,0.25,25,0,0.000641933775695722,0.00348914887361,25,20,3,0.00130869496937654,100,0.0151184898846924,0.14080374943189,0,20,0,20,0,0.8,1.31256007782959,1.7156374466589,0,1.71575094784464,1381.65648820384,0.4,-0.000274516676432586,0,1.31659081516619,1.71586473655582,0
DASCMOP4_BC,2,413,25,1,0.25,25,0,0.00063772940815118,0.0031306012604464,25,20,3,0.00130869496937654,100,0.0127367337781977,0.14080374943189,0,20,0,20,0,0.8,1.36475380638065,1.68868525978831,0,1.68937281781629,1360.41476046583,0.45,-8.34220387130116e-05,0,1.36642292285595,1.6989961519295,0
DASCMOP4_BC,2,414,26,1,0.26,26,0,0.000612322662864677,0.00333512428852875,26,20,3,0.0013610427681516,100,0.0116478719480912,0.140777589677471,0,20,0,20,0,0.769230769230769,1.34113734029606,1.8753352864287,0,1.87577304679079,1477.15507330578,0.65,0.00147367677611384,0,1.3443148127282,1.88098007621025,0
DASCMOP4_BC,2,415,26,1,0.26,26,0,0.000569260398792316,0.00310351370862825,26,20,3,0.0013610427681516,100,0.0116478719480912,0.140777589677471,0,20,0,20,0,0.769230769230769,1.40168682251996,1.82743354126121,0,1.82808267248671,1439.59931544284,0.7,0.00142202257135067,0,1.40533807919892,1.83873948303153,0
DASCMOP4_BC,2,416,22,1,0.22,22,0,0.000578697233664246,0.00216932162506963,22,20,3,0.00115165157305135,100,0.00695764766231016,0.140289783113782,0,20,0,20,0,0.909090909090909,1.24767294120732,1.68001453388546,0,1.68019396804544,1248.00073359108,0.6,0.000407427436886681,0,1.25271422784429,1.68040289374028,0
DASCMOP4_BC,2,417,25,1,0.25,25,0,0.000821680243250981,0.00427081067665182,25,20,3,0.00130869496937654,100,0.0130715822669039,0.140413848248138,0,20,0,20,0,0.8,1.37429801097574,1.83590186236474,0,1.83636815642733,1310.81505978074,0.5,-7.29337553943832e-06,0,1.37746093116388,1.84095909901646,0
DASCMOP4_BC,2,418,28,1,0.28,28,0,0.000769807022733743,0.00392214551594568,28,20,3,0.00146573836570172,100,0.0116478719480912,0.140445894987669,0,20,0,20,0,0.714285714285714,1.23006342852819,1.69977442058752,0,1.70042204364214,1439.25234085087,0.65,0.000990148409526478,0,1.23213219085678,1.70973686764507,0
DASCMOP4_BC,2,419,26,1,0.26,26,0,0.000791416613205394,0.00396597593980406,26,20,3,0.0013610427681516,100,0.00828958329076803,0.140377724103452,0,20,0,20,0,0.769230769230769,1.50700010908453,1.82641245550317,0,1.82698501983101,1318.62675111003,0.65,0.00101705611233828,0,1.50958712905243,1.83523333356247,0
DASCMOP4_BC,2,420,28,1,0.28,28,0,0.000815085711973741,0.00431751706525104,28,20,3,0.00146573836570172,100,0.00939086108878842,0.140445894987669,0,20,0,20,0,0.714285714285714,1.33961062386564,1.56223471544593,0,1.56251244815814,1322.21084884303,0.7,0.00122171277641588,0,1.34106909908762,1.56650181486292,0
DASCMOP4_BC,2,421,29,1,0.29,29,0,0.000909846493711228,0.0043786717177515,29,20,3,0.00151808616447678,100,0.0116878091505702,0.140441316882021,0,20,0,20,0,0.689655172413793,1.26625462905806,1.79101564247241,0,1.79166692186986,1465.0015074621,0.65,0.00219482634025768,0,1.2691760633239,1.80269789542178,0
DASCMOP4_BC,2,422,29,1,0.29,29,0,0.000621641771754245,0.00341479961109574,29,20,3,0.00151808616447678,100,0.0086264408086877,0.140441316882021,0,20,0,20,0,0.689655172413793,1.46020371378323,1.95864256666362,0,1.95870366120706,1479.12605028408,0.65,0.00113743661165129,0,1.4618287981807,1.95887392273397,0
DASCMOP4_BC,2,423,30,1,0.3,30,0,0.000967673354385287,0.00427385577206983,30,20,3,0.00157043396325185,100,0.00896978982179485,0.14023322752471,0,20,0,20,0,0.666666666666667,1.2630211113159,1.64471365628501,0,1.64535881115986,1295.70585283297,0.75,0.00153236874644526,0,1.26734412924242,1.65575284964974,0
DASCMOP4_BC,2,424,29,1,0.29,29,0,0.000681654908594874,0.00275181498559902,29,20,3,0.00151808616447678,100,0.00802015392445994,0.140477183472421,0,20,0,20,0,0.689655172413793,1.46459169393009,1.82933626414329,0,1.83119929481512,1399.91187272194,0.5,0.000438697220069659,0,1.46927302221813,1.83151209956658,0
DASCMOP4_BC,2,425,32,1,0.32,32,0,0.000848178896217468,0.00361036446122939,32,20,3,0.00167512956080197,100,0.00793228748026014,0.140526230435003,0,20,0,20,0,0.625,1.29470368452745,1.72536493363648,0,1.72553612833642,1539.58066253407,0.45,-3.90551688117524e-05,0,1.29786497040577,1.72574966362362,0
DASCMOP4_BC,2,426,29,1,0.29,29,0,0.000702825560320298,0.00343397306642342,29,20,3,0.00151808616447678,100,0.00656164532304528,0.140477183472421,0,20,0,20,0,0.689655172413793,1.52520097174277,1.83547884785724,0,1.83581362416134,1487.70145405916,0.5,-3.53107717243617e-06,0,1.52836922003713,1.83912268409712,0
DASCMOP4_BC,2,427,31,1,0.31,31,0,0.000736689331831729,0.00330605923841989,31,20,3,0.00162278176202691,100,0.00656164532304528,0.140197103380025,0,20,0,20,0,0.645161290322581,1.33222406530817,1.70510678019025,0,1.70576290844056,1427.03548696275,0.55,3.27843552599405e-05,0,1.33428948173592,1.71396763465402,0
DASCMOP4_BC,2,428,31,1,0.31,31,0,0.000721334632571549,0.00322321281708554,31,20,3,0.00162278176202691,100,0.00849225443562258,0.140208002746922,0,20,0,20,0,0.645161290322581,1.38397014143418,1.75186202264367,0,1.7520929826654,1467.04580276042,0.55,0.000148896285793364,0,1.38620258459052,1.75610468811651,0
DASCMOP4_BC,2,429,31,1,0.31,31,0,0.000752911358661848,0.00328578415705047,31,20,3,0.00162278176202691,100,0.00918653712691442,0.140208002746922,0,20,0,20,0,0.645161290322581,1.40654687889194,1.64579284371982,0,1.64628264687211,1235.82209841635,0.75,0.000994925147477274,0,1.41125354168695,1.65083697240682,0
DASCMOP4_BC,2,430,33,1,0.33,33,0,0.00086705966620968,0.00433953325527623,33,20,3,0.00172747735957703,96.969696969697,0.00926129897878877,0.140109963962865,0,20,0,20,0,0.606060606060606,1.74144167709454,1.99452315285019,0,1.99607623009948,2119.07675717661,0.35,-0.000200554847714224,0,1.74977914997342,2.0004141093185,0
DASCMOP4_BC,2,431,34,1,0.34,34,0,0.000650401641557944,0.00333994019395912,34,20,3,0.00177982515835209,94.1176470588235,0.00909068857708421,0.140105079996314,0,20,0,20,0,0.588235294117647,1.31327955458221,1.80901748920174,0,1.80969589313954,2130.66765843621,0.4,-0.000185404630993639,0,1.31732378845322,1.81923028757464,0
DASCMOP4_BC,2,432,32,1,0.32,32,0,0.000676583709178916,0.00351370223443455,32,20,3,0.00167512956080197,100,0.0086802463774445,0.140173695163386,0,20,0,20,0,0.625,1.40252064285502,1.85313010202834,0,1.8532901170822,1644.71212479976,0.75,0.000445070058121014,0,1.40744212205953,1.85341162394051,0
DASCMOP4_BC,2,433,33,1,0.33,33,0,0.00068397095243827,0.00336755117948384,33,20,3,0.00172747735957703,96.969696969697,0.00938060367605125,0.140477325874934,0,20,0,20,0,0.606060606060606,1.50563851439924,1.79727966618836,0,1.79793900257814,1599.23739896395,0.6,0.000161399133363077,0,1.50643118539979,1.80580072574287,0
DASCMOP4_BC,2,434,31,1,0.31,31,0,0.000582410420880937,0.00266257951578029,31,20,3,0.00162278176202691,100,0.00841150959203258,0.140208002746922,0,20,0,20,0,0.645161290322581,1.6279161552389,1.86002484745985,0,1.86039171478928,1579.78542988585,0.6,0.000242986851220442,0,1.6356798278685,1.86510777983216,0
DASCMOP4_BC,2,435,28,1,0.28,28,0,0.000716757036245206,0.00287685279998664,28,20,3,0.00146573836570172,100,0.00765650823877754,0.14031092549753,0,20,0,20,0,0.714285714285714,1.45766183272234,1.91854081915509,0,1.91886004542737,1702.90250480423,0.75,0.000366285954779506,0,1.46270718886515,1.92441959776514,0
DASCMOP4_BC,2,436,28,1,0.28,28,0,0.000617813957712613,0.00213665174819281,28,20,3,0.00146573836570172,100,0.00761613581698254,0.14031092549753,0,20,0,20,0,0.714285714285714,1.23940065076128,1.74215794882904,0,1.74288393307613,1694.46328775682,0.7,0.000474389787065453,0,1.2410885676392,1.75236725252475,0
DASCMOP4_BC,2,437,27,1,0.27,27,0,0.00054978376995089,0.00269960747728858,27,20,3,0.00141339056692666,100,0.01009211809366,0.140516491159786,0,20,0,20,0,0.740740740740741,1.62269039693011,1.87009695604527,0,1.87075738949777,1664.00816567357,0.65,0.000387484424043655,0,1.62562611026218,1.87861908075095,0
DASCMOP4_BC,2,438,24,1,0.24,24,0,0.000481687849972889,0.00227642659069811,24,20,3,0.00125634717060148,100,0.00687220610994196,0.140426678612094,0,20,0,20,0,0.833333333333333,1.27010826287482,1.81363502320132,0,1.81543219803617,1218.63186006458,0.75,0.00092044297007967,0,1.27344558473984,1.8156900684565,0
DASCMOP4_BC,2,439,28,1,0.28,28,0,0.000514065379847946,0.00231600718615342,28,20,3,0.00146573836570172,100,0.00844014133256161,0.14036971282266,0,20,0,20,0,0.714285714285714,1.3626654599477,1.69519707769086,0,1.69555850673637,1814.91730308986,0.3,-0.00042153977759387,0,1.36671221989511,1.69939441269551,0
DASCMOP4_BC,2,440,24,1,0.24,24,0,0.000461570896275488,0.00165575257613038,24,20,3,0.00125634717060148,100,0.00747514899385799,0.140445587061536,0,20,0,20,0,0.833333333333333,1.45624160269695,1.6965945896763,0,1.69811221940384,1650.93541782358,0.3,-0.000684797521454658,0,1.46227516388168,1.70272518181701,0
DASCMOP4_BC,2,441,19,1,0.19,19,0,0.00039679656445719,0.00140047531027933,19,20,3,0.000994608176726169,100,0.00723783661511701,0.140355001014168,0,20,0,20,0,1.05263157894737,1.36727273128088,1.67769752860518,0,1.6783181130167,1493.65404940544,0.5,1.05512802654889e-05,0,1.37204313273301,1.67861507573623,0
DASCMOP4_BC,2,442,19,1,0.19,19,0,0.00043257972189503,0.00219822651792376,19,20,3,0.000994608176726169,100,0.00716132336705458,0.140604281128526,0,20,0,20,0,1.05263157894737,1.23362156126083,1.67423645762035,0,1.67468340437389,1288.81895406882,0.5,-4.43871093481069e-05,0,1.23740239561126,1.68299817029519,0
DASCMOP4_BC,2,443,23,1,0.23,23,0,0.000550666397316779,0.00372656544461035,23,20,3,0.00120399937182641,100,0.00849225443562258,0.140296153780198,0,20,0,20,0,0.869565217391304,1.65190906577562,2.08577654740211,0,2.08653138950561,1583.21055382989,0.7,0.000448836386784383,0,1.65991554775633,2.0867149642183,0
DASCMOP4_BC,2,444,25,1,0.25,25,0,0.000637492303569416,0.00406300634807052,25,20,3,0.00130869496937654,100,0.00849225443562258,0.140413848248138,0,20,0,20,0,0.8,1.23135053978903,1.80655886846026,0,1.80796767041213,1310.02607873997,0.75,0.000440999250117216,0,1.23727337072019,1.81316965660158,0
DASCMOP4_BC,2,445,25,1,0.25,25,0,0.000534573567054409,0.00372624353287173,25,20,3,0.00130869496937654,100,0.00849225443562258,0.140266730163212,0,20,0,20,0,0.8,1.26836389117782,1.7040989303271,0,1.70474459939709,1145.52392109103,0.7,0.00041369083983353,0,1.27362556931895,1.70489416174651,0
DASCMOP4_BC,2,446,26,1,0.26,26,0,0.000567613267280861,0.003913380493621,26,20,3,0.0013610427681516,100,0.00851113144353286,0.140188355020401,0,20,0,20,0,0.769230769230769,1.49954215026411,1.96827355064466,0,1.96866177362492,1480.2486348146,0.8,0.000525062816892664,0,1.50272631822434,1.97798550321857,0
DASCMOP4_BC,2,447,31,1,0.31,31,0,0.000715883911900978,0.00452628915647399,31,20,3,0.00162278176202691,100,0.00938043930832,0.140123031349499,0,20,0,20,0,0.645161290322581,1.49530586733805,1.81382896406335,0,1.81382896406335,1825.57361555866,0.6,0.00029316574755953,0,1.4993962277116,1.82836011875581,0
DASCMOP4_BC,2,448,30,1,0.3,30,0,0.000847534340958784,0.004589867140604,30,20,3,0.00157043396325185,100,0.0126262736839028,0.140136096083679,0,20,0,20,0,0.666666666666667,1.43619466077271,1.72081673738702,0,1.72082046087686,1673.01278096597,0.9,0.00109814468877375,0,1.4407734486899,1.72588300238478,0
DASCMOP4_BC,2,449,28,1,0.28,28,0,0.000642153369188377,0.00336964272653353,28,20,3,0.00146573836570172,100,0.00849264559953816,0.140247137040623,0,20,0,20,0,0.714285714285714,1.21571984028459,1.59621784572062,0,1.59621784572062,1404.43268258446,0.3,-0.000736213668111909,0,1.21960649381976,1.60832226126216,0
DASCMOP4_BC,2,450,30,1,0.3,30,0,0.000635360846178754,0.00358921191591056,30,20,3,0.00157043396325185,100,0.00865555027811438,0.140136096083679,0,20,0,20,0,0.666666666666667,1.44243346098343,1.68963710932764,0,1.68963710932764,1652.22036265805,0.75,0.000445893925801119,0,1.44452673216127,1.70109939446136,0
DASCMOP4_BC,2,451,35,1,0.35,35,0,0.00073432595181637,0.00428548930646924,35,20,3,0.00183217295712715,91.4285714285714,0.00983472366381512,0.140399314215025,0,20,0,20,0,0.571428571428571,1.50071800496273,1.72136479399724,0,1.72136479399724,1819.94094326745,0.25,-0.000146778942302278,0,1.50516862286528,1.73242122859362,0
DASCMOP4_BC,2,452,32,1,0.32,32,0,0.0011280008372643,0.00429213843924565,32,20,3,0.00167512956080197,100,0.00988345165814028,0.140109966615319,0,20,0,20,0,0.625,1.28279509914931,1.68623170366599,0,1.68623170366599,1639.38496550983,0.45,-2.18138704019682e-05,0,1.28635355422406,1.69932495063836,0
DASCMOP4_BC,2,453,24,1,0.24,24,0,0.000498239718146675,0.00283178201170772,24,20,3,0.00125634717060148,100,0.00660455155422458,0.139912660214706,0,20,0,20,0,0.833333333333333,1.09349477297836,1.54759878034184,0,1.54759878034184,1260.75593304909,0.8,0.000406564762987324,0,1.09639608245981,1.55985827567001,0
DASCMOP4_BC,2,454,24,1,0.24,24,0,0.00049160484759988,0.00332738648550248,24,20,3,0.00125634717060148,100,0.00718881234546743,0.139998768844884,0,20,0,20,0,0.833333333333333,1.31281484576777,1.77811778607791,0,1.77811778607791,1692.26725971598,0.35,-0.000325086923096192,0,1.3174800681679,1.79244360062542,0
DASCMOP4_BC,2,455,25,1,0.25,25,0,0.000464790031351467,0.00303295810569084,25,20,3,0.00130869496937654,100,0.00849225443562258,0.140070772412778,0,20,0,20,0,0.8,1.19662233632356,1.67943312159268,0,1.68005960320919,1504.46316591531,0.2,-0.000299337148233859,0,1.20013944070156,1.68664593936126,0
DASCMOP4_BC,2,456,26,1,0.26,26,0,0.000550263114466173,0.00322813782272644,26,20,3,0.0013610427681516,100,0.0100900317930964,0.140047283612426,0,20,0,20,0,0.769230769230769,1.30468692241642,1.81825239834156,0,1.81825239834156,1619.95424092927,0.7,0.000218867091783738,0,1.30774288264611,1.83288715107892,0
DASCMOP4_BC,2,457,27,1,0.27,27,0,0.000470856322622466,0.00428040268976186,27,20,3,0.00141339056692666,100,0.00849225443562258,0.139984434271984,0,20,0,20,0,0.740740740740741,1.26100571895094,1.55818887117192,0,1.55818887117192,1543.45714189793,0.65,6.9418175751991e-05,0,1.26557303309914,1.5686514554106,0
DASCMOP4_BC,2,458,24,1,0.24,24,0,0.000388829581584653,0.00225588737714172,24,20,3,0.00125634717060148,100,0.00513515571718575,0.139998768844884,0,20,0,20,0,0.833333333333333,1.1885097682863,1.61683491446192,0,1.61799079383554,1582.16064349587,0.45,-5.56830570421912e-05,0,1.19498654519379,1.62590123317985,0
DASCMOP4_BC,2,459,23,1,0.23,23,0,0.000350212739561335,0.00220398129231705,23,20,3,0.00120399937182641,100,0.00626657291013338,0.140006769241317,0,20,0,20,0,0.869565217391304,1.26507294745614,1.80500096301076,0,1.8050848220428,1613.23176214609,1,0.00024995731035693,0,1.26946173058892,1.817457475646,0
DASCMOP4_BC,2,460,22,1,0.22,22,0,0.000405809776152223,0.00239011993502119,22,20,3,0.00115165157305135,100,0.00598219208953022,0.140070015314778,0,20,0,20,0,0.909090909090909,1.21886519319812,1.76048139621486,0,1.76055750019074,1611.25602573112,0.95,0.000593752964249038,0,1.22535666180433,1.76711101003073,0
DASCMOP4_BC,2,461,25,1,0.25,25,0,0.000367039798975863,0.00238820546845349,25,20,3,0.00130869496937654,100,0.0066683656092267,0.139990768448451,0,20,0,20,0,0.8,1.27292385706206,1.64054311591281,0,1.64054311591281,1460.73038140101,0.55,0.000234846848288853,0,1.2768748889833,1.65475136888557,0
DASCMOP4_BC,2,462,25,1,0.25,25,0,0.000457370794579602,0.00300671437699009,25,20,3,0.00130869496937654,100,0.00650991442126306,0.139990768448451,0,20,0,20,0,0.8,1.23587030483775,1.61536450979314,0,1.61536450979314,1410.63821052819,0.95,0.000199893621982285,0,1.24279028289258,1.62918597433631,0
DASCMOP4_BC,2,463,25,1,0.25,25,0,0.000386831060582956,0.00253338725245291,25,20,3,0.00130869496937654,100,0.00849225443562258,0.140070772412778,0,20,0,20,0,0.8,1.34385655721407,1.84471074271061,0,1.84471074271061,1699.40608972092,0.45,-9.20643546749172e-05,0,1.35087360606778,1.85966443694932,0
DASCMOP4_BC,2,464,22,1,0.22,22,0,0.000317632831643,0.00248107423670645,22,20,3,0.00115165157305135,100,0.0122419639967541,0.140109966615319,0,20,0,20,0,0.909090909090909,1.48537268716923,1.7458431087992,0,1.7458431087992,1597.78946653496,0.2,-0.000244961148080737,0,1.49050575478671,1.76004245898544,0
DASCMOP4_BC,2,465,19,1,0.19,19,0,0.000321232487364595,0.00265214176400034,19,20,3,0.000994608176726169,100,0.00849225443562258,0.14056191510141,0,20,0,20,0,1.05263157894737,1.32815561763842,1.73605675870105,0,1.73605675870105,1464.20476823789,0.75,0.000309173941545636,0,1.33509086151449,1.74945027643945,0
DASCMOP4_BC,2,466,22,1,0.22,22,0,0.000444316437514183,0.00349014470879751,22,20,3,0.00115165157305135,100,0.015503347808571,0.140728082233452,0,20,0,20,0,0.909090909090909,1.29476463846671,1.64656379295269,0,1.64661043806787,1610.14651023119,0.25,-0.000224090314164975,0,1.29873745544844,1.65858213679441,0
DASCMOP4_BC,2,467,27,1,0.27,27,0,0.000705071576903974,0.00360790337181557,27,20,3,0.00141339056692666,100,0.0143584394798555,0.14017529028622,0,20,0,20,0,0.740740740740741,1.2947011417602,1.56904067488407,0,1.56904067488407,1588.45662004338,0.4,-0.000300578997591533,0,1.29846885318467,1.58294542820769,0
DASCMOP4_BC,2,468,22,1,0.22,22,0,0.000335107452340154,0.00229966675556775,22,20,3,0.00115165157305135,100,0.00875892669337489,0.140506573713513,0,20,0,20,0,0.909090909090909,1.48153650086127,1.88554404162628,0,1.88554404162628,1843.78896691206,0.35,-0.000150025299884143,0,1.48478844938753,1.89895699155607,0
DASCMOP4_BC,2,469,18,1,0.18,18,0,0.000234625582316635,0.0020848150752035,18,20,3,0.000942260377951107,100,0.0116596999242284,0.140505418459398,0,20,0,20,0,1.11111111111111,1.26045152780723,1.51406527662239,0,1.51413379139928,1242.42833453416,0.3,-0.00025305985550874,0,1.26641609276579,1.52492974891667,0
DASCMOP4_BC,2,470,24,1,0.24,24,0,0.000460810510306714,0.00407171994197877,24,20,3,0.00125634717060148,100,0.0209768880444312,0.140666496490221,0,20,0,20,0,0.833333333333333,1.01268500391418,1.41653253114975,0,1.41659513076101,1337.68661992088,0.25,-0.00115770620175012,0,1.01558720974301,1.42923720630597,0
DASCMOP4_BC,2,471,22,1,0.22,22,0,0.000632861650704499,0.00368255591846949,22,20,3,0.00115165157305135,100,0.0152725320826289,0.140331704913788,0,20,0,20,0,0.909090909090909,1.03413426546058,1.53677395484095,0,1.53684133351731,1260.68480429398,0.8,0.000802268348594912,0,1.04059299304967,1.54892154812367,0
DASCMOP4_BC,2,472,28,1,0.28,28,0,0.000870037353661564,0.00421474499085036,28,20,3,0.00146573836570172,100,0.0213086045566864,0.140584532111758,0,20,0,20,0,0.714285714285714,1.32551879650272,1.68903404993496,0,1.68909068587848,1438.2329623847,0.85,0.000753975300693557,0,1.33243614126383,1.70279333124328,0
DASCMOP4_BC,2,473,32,1,0.32,32,0,0.000836100791061019,0.00398483428537191,32,20,3,0.00167512956080197,100,0.0155515028788114,0.140266292945696,0,20,0,20,0,0.625,1.3240055036978,1.7398283874556,0,1.73988497645109,1863.0177841564,0.5,7.35177316811206e-05,0,1.32603733429788,1.75411481859276,0
DASCMOP4_BC,2,474,32,1,0.32,32,0,0.000885081250892708,0.0042757238495521,32,20,3,0.00167512956080197,100,0.0145379023569253,0.140331704913788,0,20,0,20,0,0.625,1.49665343262881,1.93520640341718,0,1.9363666250218,1802.08347522186,0.3,-3.63006948916472e-05,0,1.50113359824106,1.94393057250758,0
DASCMOP4_BC,2,475,29,1,0.29,29,0,0.00072682831851985,0.00389939135773785,29,20,3,0.00151808616447678,100,0.0164621244478146,0.140461990072996,0,20,0,20,0,0.689655172413793,1.36686718086816,1.59924578796944,0,1.5992819754841,1427.0795796966,0.9,0.000839831596608775,0,1.37483988966949,1.61143770169862,0
DASCMOP4_BC,2,476,32,1,0.32,32,0,0.000832183630588509,0.00430292135850298,32,20,3,0.00167512956080197,100,0.0148182977884249,0.140331704913788,0,20,0,20,0,0.625,1.54264668543044,1.99433374779472,0,1.99437247741535,1925.26227438938,0.8,5.35399907273248e-05,0,1.54710242377344,2.01182065058662,0
DASCMOP4_BC,2,477,28,1,0.28,28,0,0.000757451798791171,0.00364159736679511,28,20,3,0.00146573836570172,100,0.0125011918984531,0.140189088036095,0,20,0,20,0,0.714285714285714,1.54931143077678,1.96063670968461,0,1.96137957843548,1647.30893690426,0.5,1.44107757304446e-05,0,1.55376438288004,1.9693332324753,0
