variant,archiveParetoFilterMode,archivePairDirectionMode,generatorMode,problem,run,target_FE,actual_FE,gen,Train_AF_count,Train_AI_count,Constrained_population_count,Unconstrained_population_count,GAN_generated_count,standard_outside_constrained,standard_outside_unconstrained,standard_outside_archive_AF,standard_outside_archive_AI,standard_outside_GAN,standard_visible_constrained,standard_visible_unconstrained,standard_visible_archive_AF,standard_visible_archive_AI,standard_visible_GAN,snapshot_file,figure_file
A1_pair_cd,global_af_nd,ai_dominates_af,pair_cd_conditioned,DASCMOP1_BC,1,10000,10080,49,84,84,100,100,20,0,92,0,0,8,100,8,84,84,12,/Users/lanai/Code/Matlab/PlatEMO/PlatEMO/Data/CCMO_GAN_BDG/A1_pair_cd_snapshots_run1_8w_20260608_150610/archive_objective_snapshots/snapshots/A1_pair_cd/DASCMOP1_BC_run1/DASCMOP1_BC_run1_targetFE010000_A1_pair_cd_archive_training.csv,/Users/lanai/Code/Matlab/PlatEMO/PlatEMO/Data/CCMO_GAN_BDG/A1_pair_cd_snapshots_run1_8w_20260608_150610/archive_objective_snapshots/figures/A1_pair_cd/DASCMOP1_BC/A1_pair_cd_DASCMOP1_BC_run1_FE010000_AF_GAN_objective.png
A1_pair_cd,global_af_nd,ai_dominates_af,pair_cd_conditioned,DASCMOP1_BC,1,20000,20180,99,133,133,100,100,20,0,70,0,0,2,100,30,133,133,18,/Users/lanai/Code/Matlab/PlatEMO/PlatEMO/Data/CCMO_GAN_BDG/A1_pair_cd_snapshots_run1_8w_20260608_150610/archive_objective_snapshots/snapshots/A1_pair_cd/DASCMOP1_BC_run1/DASCMOP1_BC_run1_targetFE020000_A1_pair_cd_archive_training.csv,/Users/lanai/Code/Matlab/PlatEMO/PlatEMO/Data/CCMO_GAN_BDG/A1_pair_cd_snapshots_run1_8w_20260608_150610/archive_objective_snapshots/figures/A1_pair_cd/DASCMOP1_BC/A1_pair_cd_DASCMOP1_BC_run1_FE020000_AF_GAN_objective.png
A1_pair_cd,global_af_nd,ai_dominates_af,pair_cd_conditioned,DASCMOP1_BC,1,30000,30080,148,89,89,100,100,20,0,62,0,1,0,100,38,89,88,20,/Users/lanai/Code/Matlab/PlatEMO/PlatEMO/Data/CCMO_GAN_BDG/A1_pair_cd_snapshots_run1_8w_20260608_150610/archive_objective_snapshots/snapshots/A1_pair_cd/DASCMOP1_BC_run1/DASCMOP1_BC_run1_targetFE030000_A1_pair_cd_archive_training.csv,/Users/lanai/Code/Matlab/PlatEMO/PlatEMO/Data/CCMO_GAN_BDG/A1_pair_cd_snapshots_run1_8w_20260608_150610/archive_objective_snapshots/figures/A1_pair_cd/DASCMOP1_BC/A1_pair_cd_DASCMOP1_BC_run1_FE030000_AF_GAN_objective.png
A1_pair_cd,global_af_nd,ai_dominates_af,pair_cd_conditioned,DASCMOP1_BC,1,40000,40180,198,137,137,100,100,20,0,61,0,0,2,100,39,137,137,18,/Users/lanai/Code/Matlab/PlatEMO/PlatEMO/Data/CCMO_GAN_BDG/A1_pair_cd_snapshots_run1_8w_20260608_150610/archive_objective_snapshots/snapshots/A1_pair_cd/DASCMOP1_BC_run1/DASCMOP1_BC_run1_targetFE040000_A1_pair_cd_archive_training.csv,/Users/lanai/Code/Matlab/PlatEMO/PlatEMO/Data/CCMO_GAN_BDG/A1_pair_cd_snapshots_run1_8w_20260608_150610/archive_objective_snapshots/figures/A1_pair_cd/DASCMOP1_BC/A1_pair_cd_DASCMOP1_BC_run1_FE040000_AF_GAN_objective.png
A1_pair_cd,global_af_nd,ai_dominates_af,pair_cd_conditioned,DASCMOP1_BC,1,50000,50080,247,170,170,100,100,20,0,63,0,3,0,100,37,170,167,20,/Users/lanai/Code/Matlab/PlatEMO/PlatEMO/Data/CCMO_GAN_BDG/A1_pair_cd_snapshots_run1_8w_20260608_150610/archive_objective_snapshots/snapshots/A1_pair_cd/DASCMOP1_BC_run1/DASCMOP1_BC_run1_targetFE050000_A1_pair_cd_archive_training.csv,/Users/lanai/Code/Matlab/PlatEMO/PlatEMO/Data/CCMO_GAN_BDG/A1_pair_cd_snapshots_run1_8w_20260608_150610/archive_objective_snapshots/figures/A1_pair_cd/DASCMOP1_BC/A1_pair_cd_DASCMOP1_BC_run1_FE050000_AF_GAN_objective.png
A1_pair_cd,global_af_nd,ai_dominates_af,pair_cd_conditioned,DASCMOP1_BC,1,60000,60180,297,177,177,100,100,20,0,58,0,0,3,100,42,177,177,17,/Users/lanai/Code/Matlab/PlatEMO/PlatEMO/Data/CCMO_GAN_BDG/A1_pair_cd_snapshots_run1_8w_20260608_150610/archive_objective_snapshots/snapshots/A1_pair_cd/DASCMOP1_BC_run1/DASCMOP1_BC_run1_targetFE060000_A1_pair_cd_archive_training.csv,/Users/lanai/Code/Matlab/PlatEMO/PlatEMO/Data/CCMO_GAN_BDG/A1_pair_cd_snapshots_run1_8w_20260608_150610/archive_objective_snapshots/figures/A1_pair_cd/DASCMOP1_BC/A1_pair_cd_DASCMOP1_BC_run1_FE060000_AF_GAN_objective.png
A1_pair_cd,global_af_nd,ai_dominates_af,pair_cd_conditioned,DASCMOP1_BC,1,70000,70080,346,196,196,100,100,20,0,60,0,0,2,100,40,196,196,18,/Users/lanai/Code/Matlab/PlatEMO/PlatEMO/Data/CCMO_GAN_BDG/A1_pair_cd_snapshots_run1_8w_20260608_150610/archive_objective_snapshots/snapshots/A1_pair_cd/DASCMOP1_BC_run1/DASCMOP1_BC_run1_targetFE070000_A1_pair_cd_archive_training.csv,/Users/lanai/Code/Matlab/PlatEMO/PlatEMO/Data/CCMO_GAN_BDG/A1_pair_cd_snapshots_run1_8w_20260608_150610/archive_objective_snapshots/figures/A1_pair_cd/DASCMOP1_BC/A1_pair_cd_DASCMOP1_BC_run1_FE070000_AF_GAN_objective.png
A1_pair_cd,global_af_nd,ai_dominates_af,pair_cd_conditioned,DASCMOP1_BC,1,80000,80180,396,189,189,100,100,20,0,60,0,0,1,100,40,189,189,19,/Users/lanai/Code/Matlab/PlatEMO/PlatEMO/Data/CCMO_GAN_BDG/A1_pair_cd_snapshots_run1_8w_20260608_150610/archive_objective_snapshots/snapshots/A1_pair_cd/DASCMOP1_BC_run1/DASCMOP1_BC_run1_targetFE080000_A1_pair_cd_archive_training.csv,/Users/lanai/Code/Matlab/PlatEMO/PlatEMO/Data/CCMO_GAN_BDG/A1_pair_cd_snapshots_run1_8w_20260608_150610/archive_objective_snapshots/figures/A1_pair_cd/DASCMOP1_BC/A1_pair_cd_DASCMOP1_BC_run1_FE080000_AF_GAN_objective.png
A1_pair_cd,global_af_nd,ai_dominates_af,pair_cd_conditioned,DASCMOP1_BC,1,90000,90080,445,190,190,100,100,20,0,60,0,0,0,100,40,190,190,20,/Users/lanai/Code/Matlab/PlatEMO/PlatEMO/Data/CCMO_GAN_BDG/A1_pair_cd_snapshots_run1_8w_20260608_150610/archive_objective_snapshots/snapshots/A1_pair_cd/DASCMOP1_BC_run1/DASCMOP1_BC_run1_targetFE090000_A1_pair_cd_archive_training.csv,/Users/lanai/Code/Matlab/PlatEMO/PlatEMO/Data/CCMO_GAN_BDG/A1_pair_cd_snapshots_run1_8w_20260608_150610/archive_objective_snapshots/figures/A1_pair_cd/DASCMOP1_BC/A1_pair_cd_DASCMOP1_BC_run1_FE090000_AF_GAN_objective.png
A1_pair_cd,global_af_nd,ai_dominates_af,pair_cd_conditioned,DASCMOP1_BC,1,100000,100180,495,215,215,100,100,20,0,60,0,1,0,100,40,215,214,20,/Users/lanai/Code/Matlab/PlatEMO/PlatEMO/Data/CCMO_GAN_BDG/A1_pair_cd_snapshots_run1_8w_20260608_150610/archive_objective_snapshots/snapshots/A1_pair_cd/DASCMOP1_BC_run1/DASCMOP1_BC_run1_targetFE100000_A1_pair_cd_archive_training.csv,/Users/lanai/Code/Matlab/PlatEMO/PlatEMO/Data/CCMO_GAN_BDG/A1_pair_cd_snapshots_run1_8w_20260608_150610/archive_objective_snapshots/figures/A1_pair_cd/DASCMOP1_BC/A1_pair_cd_DASCMOP1_BC_run1_FE100000_AF_GAN_objective.png
A1_pair_cd,global_af_nd,ai_dominates_af,pair_cd_conditioned,DASCMOP2_BC,1,10000,10080,49,112,112,100,100,20,0,69,0,0,1,100,31,112,112,19,/Users/lanai/Code/Matlab/PlatEMO/PlatEMO/Data/CCMO_GAN_BDG/A1_pair_cd_snapshots_run1_8w_20260608_150610/archive_objective_snapshots/snapshots/A1_pair_cd/DASCMOP2_BC_run1/DASCMOP2_BC_run1_targetFE010000_A1_pair_cd_archive_training.csv,/Users/lanai/Code/Matlab/PlatEMO/PlatEMO/Data/CCMO_GAN_BDG/A1_pair_cd_snapshots_run1_8w_20260608_150610/archive_objective_snapshots/figures/A1_pair_cd/DASCMOP2_BC/A1_pair_cd_DASCMOP2_BC_run1_FE010000_AF_GAN_objective.png
A1_pair_cd,global_af_nd,ai_dominates_af,pair_cd_conditioned,DASCMOP2_BC,1,20000,20180,99,133,133,100,100,20,0,100,0,9,2,100,0,133,124,18,/Users/lanai/Code/Matlab/PlatEMO/PlatEMO/Data/CCMO_GAN_BDG/A1_pair_cd_snapshots_run1_8w_20260608_150610/archive_objective_snapshots/snapshots/A1_pair_cd/DASCMOP2_BC_run1/DASCMOP2_BC_run1_targetFE020000_A1_pair_cd_archive_training.csv,/Users/lanai/Code/Matlab/PlatEMO/PlatEMO/Data/CCMO_GAN_BDG/A1_pair_cd_snapshots_run1_8w_20260608_150610/archive_objective_snapshots/figures/A1_pair_cd/DASCMOP2_BC/A1_pair_cd_DASCMOP2_BC_run1_FE020000_AF_GAN_objective.png
A1_pair_cd,global_af_nd,ai_dominates_af,pair_cd_conditioned,DASCMOP2_BC,1,30000,30080,148,229,229,100,100,20,0,100,0,25,3,100,0,229,204,17,/Users/lanai/Code/Matlab/PlatEMO/PlatEMO/Data/CCMO_GAN_BDG/A1_pair_cd_snapshots_run1_8w_20260608_150610/archive_objective_snapshots/snapshots/A1_pair_cd/DASCMOP2_BC_run1/DASCMOP2_BC_run1_targetFE030000_A1_pair_cd_archive_training.csv,/Users/lanai/Code/Matlab/PlatEMO/PlatEMO/Data/CCMO_GAN_BDG/A1_pair_cd_snapshots_run1_8w_20260608_150610/archive_objective_snapshots/figures/A1_pair_cd/DASCMOP2_BC/A1_pair_cd_DASCMOP2_BC_run1_FE030000_AF_GAN_objective.png
A1_pair_cd,global_af_nd,ai_dominates_af,pair_cd_conditioned,DASCMOP2_BC,1,40000,40180,198,284,284,100,100,20,0,100,0,29,1,100,0,284,255,19,/Users/lanai/Code/Matlab/PlatEMO/PlatEMO/Data/CCMO_GAN_BDG/A1_pair_cd_snapshots_run1_8w_20260608_150610/archive_objective_snapshots/snapshots/A1_pair_cd/DASCMOP2_BC_run1/DASCMOP2_BC_run1_targetFE040000_A1_pair_cd_archive_training.csv,/Users/lanai/Code/Matlab/PlatEMO/PlatEMO/Data/CCMO_GAN_BDG/A1_pair_cd_snapshots_run1_8w_20260608_150610/archive_objective_snapshots/figures/A1_pair_cd/DASCMOP2_BC/A1_pair_cd_DASCMOP2_BC_run1_FE040000_AF_GAN_objective.png
A1_pair_cd,global_af_nd,ai_dominates_af,pair_cd_conditioned,DASCMOP2_BC,1,50000,50080,247,287,287,100,100,20,0,100,0,36,5,100,0,287,251,15,/Users/lanai/Code/Matlab/PlatEMO/PlatEMO/Data/CCMO_GAN_BDG/A1_pair_cd_snapshots_run1_8w_20260608_150610/archive_objective_snapshots/snapshots/A1_pair_cd/DASCMOP2_BC_run1/DASCMOP2_BC_run1_targetFE050000_A1_pair_cd_archive_training.csv,/Users/lanai/Code/Matlab/PlatEMO/PlatEMO/Data/CCMO_GAN_BDG/A1_pair_cd_snapshots_run1_8w_20260608_150610/archive_objective_snapshots/figures/A1_pair_cd/DASCMOP2_BC/A1_pair_cd_DASCMOP2_BC_run1_FE050000_AF_GAN_objective.png
A1_pair_cd,global_af_nd,ai_dominates_af,pair_cd_conditioned,DASCMOP2_BC,1,60000,60180,297,327,327,100,100,20,0,100,0,39,5,100,0,327,288,15,/Users/lanai/Code/Matlab/PlatEMO/PlatEMO/Data/CCMO_GAN_BDG/A1_pair_cd_snapshots_run1_8w_20260608_150610/archive_objective_snapshots/snapshots/A1_pair_cd/DASCMOP2_BC_run1/DASCMOP2_BC_run1_targetFE060000_A1_pair_cd_archive_training.csv,/Users/lanai/Code/Matlab/PlatEMO/PlatEMO/Data/CCMO_GAN_BDG/A1_pair_cd_snapshots_run1_8w_20260608_150610/archive_objective_snapshots/figures/A1_pair_cd/DASCMOP2_BC/A1_pair_cd_DASCMOP2_BC_run1_FE060000_AF_GAN_objective.png
A1_pair_cd,global_af_nd,ai_dominates_af,pair_cd_conditioned,DASCMOP2_BC,1,70000,70080,346,341,341,100,100,20,0,100,0,45,2,100,0,341,296,18,/Users/lanai/Code/Matlab/PlatEMO/PlatEMO/Data/CCMO_GAN_BDG/A1_pair_cd_snapshots_run1_8w_20260608_150610/archive_objective_snapshots/snapshots/A1_pair_cd/DASCMOP2_BC_run1/DASCMOP2_BC_run1_targetFE070000_A1_pair_cd_archive_training.csv,/Users/lanai/Code/Matlab/PlatEMO/PlatEMO/Data/CCMO_GAN_BDG/A1_pair_cd_snapshots_run1_8w_20260608_150610/archive_objective_snapshots/figures/A1_pair_cd/DASCMOP2_BC/A1_pair_cd_DASCMOP2_BC_run1_FE070000_AF_GAN_objective.png
A1_pair_cd,global_af_nd,ai_dominates_af,pair_cd_conditioned,DASCMOP2_BC,1,80000,80180,396,351,351,100,100,20,0,100,0,29,2,100,0,351,322,18,/Users/lanai/Code/Matlab/PlatEMO/PlatEMO/Data/CCMO_GAN_BDG/A1_pair_cd_snapshots_run1_8w_20260608_150610/archive_objective_snapshots/snapshots/A1_pair_cd/DASCMOP2_BC_run1/DASCMOP2_BC_run1_targetFE080000_A1_pair_cd_archive_training.csv,/Users/lanai/Code/Matlab/PlatEMO/PlatEMO/Data/CCMO_GAN_BDG/A1_pair_cd_snapshots_run1_8w_20260608_150610/archive_objective_snapshots/figures/A1_pair_cd/DASCMOP2_BC/A1_pair_cd_DASCMOP2_BC_run1_FE080000_AF_GAN_objective.png
A1_pair_cd,global_af_nd,ai_dominates_af,pair_cd_conditioned,DASCMOP2_BC,1,90000,90080,445,359,359,100,100,20,0,100,0,30,2,100,0,359,329,18,/Users/lanai/Code/Matlab/PlatEMO/PlatEMO/Data/CCMO_GAN_BDG/A1_pair_cd_snapshots_run1_8w_20260608_150610/archive_objective_snapshots/snapshots/A1_pair_cd/DASCMOP2_BC_run1/DASCMOP2_BC_run1_targetFE090000_A1_pair_cd_archive_training.csv,/Users/lanai/Code/Matlab/PlatEMO/PlatEMO/Data/CCMO_GAN_BDG/A1_pair_cd_snapshots_run1_8w_20260608_150610/archive_objective_snapshots/figures/A1_pair_cd/DASCMOP2_BC/A1_pair_cd_DASCMOP2_BC_run1_FE090000_AF_GAN_objective.png
A1_pair_cd,global_af_nd,ai_dominates_af,pair_cd_conditioned,DASCMOP2_BC,1,100000,100180,495,351,351,100,100,20,0,100,0,26,2,100,0,351,325,18,/Users/lanai/Code/Matlab/PlatEMO/PlatEMO/Data/CCMO_GAN_BDG/A1_pair_cd_snapshots_run1_8w_20260608_150610/archive_objective_snapshots/snapshots/A1_pair_cd/DASCMOP2_BC_run1/DASCMOP2_BC_run1_targetFE100000_A1_pair_cd_archive_training.csv,/Users/lanai/Code/Matlab/PlatEMO/PlatEMO/Data/CCMO_GAN_BDG/A1_pair_cd_snapshots_run1_8w_20260608_150610/archive_objective_snapshots/figures/A1_pair_cd/DASCMOP2_BC/A1_pair_cd_DASCMOP2_BC_run1_FE100000_AF_GAN_objective.png
A1_pair_cd,global_af_nd,ai_dominates_af,pair_cd_conditioned,DASCMOP4_BC,1,10000,10000,49,0,0,100,100,0,100,100,0,0,0,0,0,0,0,0,/Users/lanai/Code/Matlab/PlatEMO/PlatEMO/Data/CCMO_GAN_BDG/A1_pair_cd_snapshots_run1_8w_20260608_150610/archive_objective_snapshots/snapshots/A1_pair_cd/DASCMOP4_BC_run1/DASCMOP4_BC_run1_targetFE010000_A1_pair_cd_archive_training.csv,/Users/lanai/Code/Matlab/PlatEMO/PlatEMO/Data/CCMO_GAN_BDG/A1_pair_cd_snapshots_run1_8w_20260608_150610/archive_objective_snapshots/figures/A1_pair_cd/DASCMOP4_BC/A1_pair_cd_DASCMOP4_BC_run1_FE010000_AF_GAN_objective.png
A1_pair_cd,global_af_nd,ai_dominates_af,pair_cd_conditioned,DASCMOP4_BC,1,20000,20000,99,0,0,100,100,0,98,98,0,0,0,2,2,0,0,0,/Users/lanai/Code/Matlab/PlatEMO/PlatEMO/Data/CCMO_GAN_BDG/A1_pair_cd_snapshots_run1_8w_20260608_150610/archive_objective_snapshots/snapshots/A1_pair_cd/DASCMOP4_BC_run1/DASCMOP4_BC_run1_targetFE020000_A1_pair_cd_archive_training.csv,/Users/lanai/Code/Matlab/PlatEMO/PlatEMO/Data/CCMO_GAN_BDG/A1_pair_cd_snapshots_run1_8w_20260608_150610/archive_objective_snapshots/figures/A1_pair_cd/DASCMOP4_BC/A1_pair_cd_DASCMOP4_BC_run1_FE020000_AF_GAN_objective.png
A1_pair_cd,global_af_nd,ai_dominates_af,pair_cd_conditioned,DASCMOP4_BC,1,30000,30000,149,1,1,100,100,0,3,3,0,0,0,97,97,1,1,0,/Users/lanai/Code/Matlab/PlatEMO/PlatEMO/Data/CCMO_GAN_BDG/A1_pair_cd_snapshots_run1_8w_20260608_150610/archive_objective_snapshots/snapshots/A1_pair_cd/DASCMOP4_BC_run1/DASCMOP4_BC_run1_targetFE030000_A1_pair_cd_archive_training.csv,/Users/lanai/Code/Matlab/PlatEMO/PlatEMO/Data/CCMO_GAN_BDG/A1_pair_cd_snapshots_run1_8w_20260608_150610/archive_objective_snapshots/figures/A1_pair_cd/DASCMOP4_BC/A1_pair_cd_DASCMOP4_BC_run1_FE030000_AF_GAN_objective.png
A1_pair_cd,global_af_nd,ai_dominates_af,pair_cd_conditioned,DASCMOP4_BC,1,40000,40080,199,44,44,100,100,20,0,0,0,0,20,100,100,44,44,0,/Users/lanai/Code/Matlab/PlatEMO/PlatEMO/Data/CCMO_GAN_BDG/A1_pair_cd_snapshots_run1_8w_20260608_150610/archive_objective_snapshots/snapshots/A1_pair_cd/DASCMOP4_BC_run1/DASCMOP4_BC_run1_targetFE040000_A1_pair_cd_archive_training.csv,/Users/lanai/Code/Matlab/PlatEMO/PlatEMO/Data/CCMO_GAN_BDG/A1_pair_cd_snapshots_run1_8w_20260608_150610/archive_objective_snapshots/figures/A1_pair_cd/DASCMOP4_BC/A1_pair_cd_DASCMOP4_BC_run1_FE040000_AF_GAN_objective.png
A1_pair_cd,global_af_nd,ai_dominates_af,pair_cd_conditioned,DASCMOP4_BC,1,50000,50180,249,0,0,100,100,20,0,0,0,0,20,100,100,0,0,0,/Users/lanai/Code/Matlab/PlatEMO/PlatEMO/Data/CCMO_GAN_BDG/A1_pair_cd_snapshots_run1_8w_20260608_150610/archive_objective_snapshots/snapshots/A1_pair_cd/DASCMOP4_BC_run1/DASCMOP4_BC_run1_targetFE050000_A1_pair_cd_archive_training.csv,/Users/lanai/Code/Matlab/PlatEMO/PlatEMO/Data/CCMO_GAN_BDG/A1_pair_cd_snapshots_run1_8w_20260608_150610/archive_objective_snapshots/figures/A1_pair_cd/DASCMOP4_BC/A1_pair_cd_DASCMOP4_BC_run1_FE050000_AF_GAN_objective.png
A1_pair_cd,global_af_nd,ai_dominates_af,pair_cd_conditioned,DASCMOP4_BC,1,60000,60020,298,10,10,100,100,20,0,0,0,0,20,100,100,10,10,0,/Users/lanai/Code/Matlab/PlatEMO/PlatEMO/Data/CCMO_GAN_BDG/A1_pair_cd_snapshots_run1_8w_20260608_150610/archive_objective_snapshots/snapshots/A1_pair_cd/DASCMOP4_BC_run1/DASCMOP4_BC_run1_targetFE060000_A1_pair_cd_archive_training.csv,/Users/lanai/Code/Matlab/PlatEMO/PlatEMO/Data/CCMO_GAN_BDG/A1_pair_cd_snapshots_run1_8w_20260608_150610/archive_objective_snapshots/figures/A1_pair_cd/DASCMOP4_BC/A1_pair_cd_DASCMOP4_BC_run1_FE060000_AF_GAN_objective.png
A1_pair_cd,global_af_nd,ai_dominates_af,pair_cd_conditioned,DASCMOP4_BC,1,70000,70120,348,57,57,100,100,20,0,10,0,2,18,100,90,57,55,2,/Users/lanai/Code/Matlab/PlatEMO/PlatEMO/Data/CCMO_GAN_BDG/A1_pair_cd_snapshots_run1_8w_20260608_150610/archive_objective_snapshots/snapshots/A1_pair_cd/DASCMOP4_BC_run1/DASCMOP4_BC_run1_targetFE070000_A1_pair_cd_archive_training.csv,/Users/lanai/Code/Matlab/PlatEMO/PlatEMO/Data/CCMO_GAN_BDG/A1_pair_cd_snapshots_run1_8w_20260608_150610/archive_objective_snapshots/figures/A1_pair_cd/DASCMOP4_BC/A1_pair_cd_DASCMOP4_BC_run1_FE070000_AF_GAN_objective.png
A1_pair_cd,global_af_nd,ai_dominates_af,pair_cd_conditioned,DASCMOP4_BC,1,80000,80020,397,60,60,100,100,20,0,16,0,0,19,100,84,60,60,1,/Users/lanai/Code/Matlab/PlatEMO/PlatEMO/Data/CCMO_GAN_BDG/A1_pair_cd_snapshots_run1_8w_20260608_150610/archive_objective_snapshots/snapshots/A1_pair_cd/DASCMOP4_BC_run1/DASCMOP4_BC_run1_targetFE080000_A1_pair_cd_archive_training.csv,/Users/lanai/Code/Matlab/PlatEMO/PlatEMO/Data/CCMO_GAN_BDG/A1_pair_cd_snapshots_run1_8w_20260608_150610/archive_objective_snapshots/figures/A1_pair_cd/DASCMOP4_BC/A1_pair_cd_DASCMOP4_BC_run1_FE080000_AF_GAN_objective.png
A1_pair_cd,global_af_nd,ai_dominates_af,pair_cd_conditioned,DASCMOP4_BC,1,90000,90120,447,74,74,100,100,20,0,39,0,0,20,100,61,74,74,0,/Users/lanai/Code/Matlab/PlatEMO/PlatEMO/Data/CCMO_GAN_BDG/A1_pair_cd_snapshots_run1_8w_20260608_150610/archive_objective_snapshots/snapshots/A1_pair_cd/DASCMOP4_BC_run1/DASCMOP4_BC_run1_targetFE090000_A1_pair_cd_archive_training.csv,/Users/lanai/Code/Matlab/PlatEMO/PlatEMO/Data/CCMO_GAN_BDG/A1_pair_cd_snapshots_run1_8w_20260608_150610/archive_objective_snapshots/figures/A1_pair_cd/DASCMOP4_BC/A1_pair_cd_DASCMOP4_BC_run1_FE090000_AF_GAN_objective.png
A1_pair_cd,global_af_nd,ai_dominates_af,pair_cd_conditioned,DASCMOP4_BC,1,100000,100020,496,88,88,100,100,20,0,32,0,0,14,100,68,88,88,6,/Users/lanai/Code/Matlab/PlatEMO/PlatEMO/Data/CCMO_GAN_BDG/A1_pair_cd_snapshots_run1_8w_20260608_150610/archive_objective_snapshots/snapshots/A1_pair_cd/DASCMOP4_BC_run1/DASCMOP4_BC_run1_targetFE100000_A1_pair_cd_archive_training.csv,/Users/lanai/Code/Matlab/PlatEMO/PlatEMO/Data/CCMO_GAN_BDG/A1_pair_cd_snapshots_run1_8w_20260608_150610/archive_objective_snapshots/figures/A1_pair_cd/DASCMOP4_BC/A1_pair_cd_DASCMOP4_BC_run1_FE100000_AF_GAN_objective.png
A1_pair_cd,global_af_nd,ai_dominates_af,pair_cd_conditioned,DASCMOP5_BC,1,10000,10000,49,0,0,100,100,0,98,98,0,0,0,2,2,0,0,0,/Users/lanai/Code/Matlab/PlatEMO/PlatEMO/Data/CCMO_GAN_BDG/A1_pair_cd_snapshots_run1_8w_20260608_150610/archive_objective_snapshots/snapshots/A1_pair_cd/DASCMOP5_BC_run1/DASCMOP5_BC_run1_targetFE010000_A1_pair_cd_archive_training.csv,/Users/lanai/Code/Matlab/PlatEMO/PlatEMO/Data/CCMO_GAN_BDG/A1_pair_cd_snapshots_run1_8w_20260608_150610/archive_objective_snapshots/figures/A1_pair_cd/DASCMOP5_BC/A1_pair_cd_DASCMOP5_BC_run1_FE010000_AF_GAN_objective.png
A1_pair_cd,global_af_nd,ai_dominates_af,pair_cd_conditioned,DASCMOP5_BC,1,20000,20020,99,0,0,100,100,20,0,0,0,0,20,100,100,0,0,0,/Users/lanai/Code/Matlab/PlatEMO/PlatEMO/Data/CCMO_GAN_BDG/A1_pair_cd_snapshots_run1_8w_20260608_150610/archive_objective_snapshots/snapshots/A1_pair_cd/DASCMOP5_BC_run1/DASCMOP5_BC_run1_targetFE020000_A1_pair_cd_archive_training.csv,/Users/lanai/Code/Matlab/PlatEMO/PlatEMO/Data/CCMO_GAN_BDG/A1_pair_cd_snapshots_run1_8w_20260608_150610/archive_objective_snapshots/figures/A1_pair_cd/DASCMOP5_BC/A1_pair_cd_DASCMOP5_BC_run1_FE020000_AF_GAN_objective.png
A1_pair_cd,global_af_nd,ai_dominates_af,pair_cd_conditioned,DASCMOP5_BC,1,30000,30080,149,21,21,100,100,20,0,0,0,0,20,100,100,21,21,0,/Users/lanai/Code/Matlab/PlatEMO/PlatEMO/Data/CCMO_GAN_BDG/A1_pair_cd_snapshots_run1_8w_20260608_150610/archive_objective_snapshots/snapshots/A1_pair_cd/DASCMOP5_BC_run1/DASCMOP5_BC_run1_targetFE030000_A1_pair_cd_archive_training.csv,/Users/lanai/Code/Matlab/PlatEMO/PlatEMO/Data/CCMO_GAN_BDG/A1_pair_cd_snapshots_run1_8w_20260608_150610/archive_objective_snapshots/figures/A1_pair_cd/DASCMOP5_BC/A1_pair_cd_DASCMOP5_BC_run1_FE030000_AF_GAN_objective.png
A1_pair_cd,global_af_nd,ai_dominates_af,pair_cd_conditioned,DASCMOP5_BC,1,40000,40180,199,33,33,100,100,20,0,0,0,0,20,100,100,33,33,0,/Users/lanai/Code/Matlab/PlatEMO/PlatEMO/Data/CCMO_GAN_BDG/A1_pair_cd_snapshots_run1_8w_20260608_150610/archive_objective_snapshots/snapshots/A1_pair_cd/DASCMOP5_BC_run1/DASCMOP5_BC_run1_targetFE040000_A1_pair_cd_archive_training.csv,/Users/lanai/Code/Matlab/PlatEMO/PlatEMO/Data/CCMO_GAN_BDG/A1_pair_cd_snapshots_run1_8w_20260608_150610/archive_objective_snapshots/figures/A1_pair_cd/DASCMOP5_BC/A1_pair_cd_DASCMOP5_BC_run1_FE040000_AF_GAN_objective.png
A1_pair_cd,global_af_nd,ai_dominates_af,pair_cd_conditioned,DASCMOP5_BC,1,50000,50080,248,21,21,100,100,20,0,0,0,0,20,100,100,21,21,0,/Users/lanai/Code/Matlab/PlatEMO/PlatEMO/Data/CCMO_GAN_BDG/A1_pair_cd_snapshots_run1_8w_20260608_150610/archive_objective_snapshots/snapshots/A1_pair_cd/DASCMOP5_BC_run1/DASCMOP5_BC_run1_targetFE050000_A1_pair_cd_archive_training.csv,/Users/lanai/Code/Matlab/PlatEMO/PlatEMO/Data/CCMO_GAN_BDG/A1_pair_cd_snapshots_run1_8w_20260608_150610/archive_objective_snapshots/figures/A1_pair_cd/DASCMOP5_BC/A1_pair_cd_DASCMOP5_BC_run1_FE050000_AF_GAN_objective.png
A1_pair_cd,global_af_nd,ai_dominates_af,pair_cd_conditioned,DASCMOP5_BC,1,60000,60180,298,7,7,100,100,20,0,0,0,0,19,100,100,7,7,1,/Users/lanai/Code/Matlab/PlatEMO/PlatEMO/Data/CCMO_GAN_BDG/A1_pair_cd_snapshots_run1_8w_20260608_150610/archive_objective_snapshots/snapshots/A1_pair_cd/DASCMOP5_BC_run1/DASCMOP5_BC_run1_targetFE060000_A1_pair_cd_archive_training.csv,/Users/lanai/Code/Matlab/PlatEMO/PlatEMO/Data/CCMO_GAN_BDG/A1_pair_cd_snapshots_run1_8w_20260608_150610/archive_objective_snapshots/figures/A1_pair_cd/DASCMOP5_BC/A1_pair_cd_DASCMOP5_BC_run1_FE060000_AF_GAN_objective.png
A1_pair_cd,global_af_nd,ai_dominates_af,pair_cd_conditioned,DASCMOP5_BC,1,70000,70040,347,13,13,100,100,20,0,0,0,0,20,100,100,13,13,0,/Users/lanai/Code/Matlab/PlatEMO/PlatEMO/Data/CCMO_GAN_BDG/A1_pair_cd_snapshots_run1_8w_20260608_150610/archive_objective_snapshots/snapshots/A1_pair_cd/DASCMOP5_BC_run1/DASCMOP5_BC_run1_targetFE070000_A1_pair_cd_archive_training.csv,/Users/lanai/Code/Matlab/PlatEMO/PlatEMO/Data/CCMO_GAN_BDG/A1_pair_cd_snapshots_run1_8w_20260608_150610/archive_objective_snapshots/figures/A1_pair_cd/DASCMOP5_BC/A1_pair_cd_DASCMOP5_BC_run1_FE070000_AF_GAN_objective.png
A1_pair_cd,global_af_nd,ai_dominates_af,pair_cd_conditioned,DASCMOP5_BC,1,80000,80140,397,87,87,100,100,20,0,0,0,0,20,100,100,87,87,0,/Users/lanai/Code/Matlab/PlatEMO/PlatEMO/Data/CCMO_GAN_BDG/A1_pair_cd_snapshots_run1_8w_20260608_150610/archive_objective_snapshots/snapshots/A1_pair_cd/DASCMOP5_BC_run1/DASCMOP5_BC_run1_targetFE080000_A1_pair_cd_archive_training.csv,/Users/lanai/Code/Matlab/PlatEMO/PlatEMO/Data/CCMO_GAN_BDG/A1_pair_cd_snapshots_run1_8w_20260608_150610/archive_objective_snapshots/figures/A1_pair_cd/DASCMOP5_BC/A1_pair_cd_DASCMOP5_BC_run1_FE080000_AF_GAN_objective.png
A1_pair_cd,global_af_nd,ai_dominates_af,pair_cd_conditioned,DASCMOP5_BC,1,90000,90040,446,87,87,100,100,20,0,2,0,0,20,100,98,87,87,0,/Users/lanai/Code/Matlab/PlatEMO/PlatEMO/Data/CCMO_GAN_BDG/A1_pair_cd_snapshots_run1_8w_20260608_150610/archive_objective_snapshots/snapshots/A1_pair_cd/DASCMOP5_BC_run1/DASCMOP5_BC_run1_targetFE090000_A1_pair_cd_archive_training.csv,/Users/lanai/Code/Matlab/PlatEMO/PlatEMO/Data/CCMO_GAN_BDG/A1_pair_cd_snapshots_run1_8w_20260608_150610/archive_objective_snapshots/figures/A1_pair_cd/DASCMOP5_BC/A1_pair_cd_DASCMOP5_BC_run1_FE090000_AF_GAN_objective.png
A1_pair_cd,global_af_nd,ai_dominates_af,pair_cd_conditioned,DASCMOP5_BC,1,100000,100140,496,96,96,100,100,20,0,11,0,0,20,100,89,96,96,0,/Users/lanai/Code/Matlab/PlatEMO/PlatEMO/Data/CCMO_GAN_BDG/A1_pair_cd_snapshots_run1_8w_20260608_150610/archive_objective_snapshots/snapshots/A1_pair_cd/DASCMOP5_BC_run1/DASCMOP5_BC_run1_targetFE100000_A1_pair_cd_archive_training.csv,/Users/lanai/Code/Matlab/PlatEMO/PlatEMO/Data/CCMO_GAN_BDG/A1_pair_cd_snapshots_run1_8w_20260608_150610/archive_objective_snapshots/figures/A1_pair_cd/DASCMOP5_BC/A1_pair_cd_DASCMOP5_BC_run1_FE100000_AF_GAN_objective.png
A1_pair_cd,global_af_nd,ai_dominates_af,pair_cd_conditioned,LIRCMOP5_BC,1,10000,10020,49,61,61,100,100,20,38,67,0,0,0,62,33,61,61,20,/Users/lanai/Code/Matlab/PlatEMO/PlatEMO/Data/CCMO_GAN_BDG/A1_pair_cd_snapshots_run1_8w_20260608_150610/archive_objective_snapshots/snapshots/A1_pair_cd/LIRCMOP5_BC_run1/LIRCMOP5_BC_run1_targetFE010000_A1_pair_cd_archive_training.csv,/Users/lanai/Code/Matlab/PlatEMO/PlatEMO/Data/CCMO_GAN_BDG/A1_pair_cd_snapshots_run1_8w_20260608_150610/archive_objective_snapshots/figures/A1_pair_cd/LIRCMOP5_BC/A1_pair_cd_LIRCMOP5_BC_run1_FE010000_AF_GAN_objective.png
A1_pair_cd,global_af_nd,ai_dominates_af,pair_cd_conditioned,LIRCMOP5_BC,1,20000,20120,99,47,47,100,100,20,64,76,0,0,0,36,24,47,47,20,/Users/lanai/Code/Matlab/PlatEMO/PlatEMO/Data/CCMO_GAN_BDG/A1_pair_cd_snapshots_run1_8w_20260608_150610/archive_objective_snapshots/snapshots/A1_pair_cd/LIRCMOP5_BC_run1/LIRCMOP5_BC_run1_targetFE020000_A1_pair_cd_archive_training.csv,/Users/lanai/Code/Matlab/PlatEMO/PlatEMO/Data/CCMO_GAN_BDG/A1_pair_cd_snapshots_run1_8w_20260608_150610/archive_objective_snapshots/figures/A1_pair_cd/LIRCMOP5_BC/A1_pair_cd_LIRCMOP5_BC_run1_FE020000_AF_GAN_objective.png
A1_pair_cd,global_af_nd,ai_dominates_af,pair_cd_conditioned,LIRCMOP5_BC,1,30000,30020,148,93,93,100,100,20,35,63,0,0,0,65,37,93,93,20,/Users/lanai/Code/Matlab/PlatEMO/PlatEMO/Data/CCMO_GAN_BDG/A1_pair_cd_snapshots_run1_8w_20260608_150610/archive_objective_snapshots/snapshots/A1_pair_cd/LIRCMOP5_BC_run1/LIRCMOP5_BC_run1_targetFE030000_A1_pair_cd_archive_training.csv,/Users/lanai/Code/Matlab/PlatEMO/PlatEMO/Data/CCMO_GAN_BDG/A1_pair_cd_snapshots_run1_8w_20260608_150610/archive_objective_snapshots/figures/A1_pair_cd/LIRCMOP5_BC/A1_pair_cd_LIRCMOP5_BC_run1_FE030000_AF_GAN_objective.png
A1_pair_cd,global_af_nd,ai_dominates_af,pair_cd_conditioned,LIRCMOP5_BC,1,40000,40120,198,135,135,100,100,20,2,7,0,0,0,98,93,135,135,20,/Users/lanai/Code/Matlab/PlatEMO/PlatEMO/Data/CCMO_GAN_BDG/A1_pair_cd_snapshots_run1_8w_20260608_150610/archive_objective_snapshots/snapshots/A1_pair_cd/LIRCMOP5_BC_run1/LIRCMOP5_BC_run1_targetFE040000_A1_pair_cd_archive_training.csv,/Users/lanai/Code/Matlab/PlatEMO/PlatEMO/Data/CCMO_GAN_BDG/A1_pair_cd_snapshots_run1_8w_20260608_150610/archive_objective_snapshots/figures/A1_pair_cd/LIRCMOP5_BC/A1_pair_cd_LIRCMOP5_BC_run1_FE040000_AF_GAN_objective.png
A1_pair_cd,global_af_nd,ai_dominates_af,pair_cd_conditioned,LIRCMOP5_BC,1,50000,50020,247,124,124,100,100,20,2,15,0,0,0,98,85,124,124,20,/Users/lanai/Code/Matlab/PlatEMO/PlatEMO/Data/CCMO_GAN_BDG/A1_pair_cd_snapshots_run1_8w_20260608_150610/archive_objective_snapshots/snapshots/A1_pair_cd/LIRCMOP5_BC_run1/LIRCMOP5_BC_run1_targetFE050000_A1_pair_cd_archive_training.csv,/Users/lanai/Code/Matlab/PlatEMO/PlatEMO/Data/CCMO_GAN_BDG/A1_pair_cd_snapshots_run1_8w_20260608_150610/archive_objective_snapshots/figures/A1_pair_cd/LIRCMOP5_BC/A1_pair_cd_LIRCMOP5_BC_run1_FE050000_AF_GAN_objective.png
A1_pair_cd,global_af_nd,ai_dominates_af,pair_cd_conditioned,LIRCMOP5_BC,1,60000,60120,297,35,35,100,100,20,6,8,0,0,0,94,92,35,35,20,/Users/lanai/Code/Matlab/PlatEMO/PlatEMO/Data/CCMO_GAN_BDG/A1_pair_cd_snapshots_run1_8w_20260608_150610/archive_objective_snapshots/snapshots/A1_pair_cd/LIRCMOP5_BC_run1/LIRCMOP5_BC_run1_targetFE060000_A1_pair_cd_archive_training.csv,/Users/lanai/Code/Matlab/PlatEMO/PlatEMO/Data/CCMO_GAN_BDG/A1_pair_cd_snapshots_run1_8w_20260608_150610/archive_objective_snapshots/figures/A1_pair_cd/LIRCMOP5_BC/A1_pair_cd_LIRCMOP5_BC_run1_FE060000_AF_GAN_objective.png
A1_pair_cd,global_af_nd,ai_dominates_af,pair_cd_conditioned,LIRCMOP5_BC,1,70000,70020,346,0,0,100,100,20,0,0,0,0,0,100,100,0,0,20,/Users/lanai/Code/Matlab/PlatEMO/PlatEMO/Data/CCMO_GAN_BDG/A1_pair_cd_snapshots_run1_8w_20260608_150610/archive_objective_snapshots/snapshots/A1_pair_cd/LIRCMOP5_BC_run1/LIRCMOP5_BC_run1_targetFE070000_A1_pair_cd_archive_training.csv,/Users/lanai/Code/Matlab/PlatEMO/PlatEMO/Data/CCMO_GAN_BDG/A1_pair_cd_snapshots_run1_8w_20260608_150610/archive_objective_snapshots/figures/A1_pair_cd/LIRCMOP5_BC/A1_pair_cd_LIRCMOP5_BC_run1_FE070000_AF_GAN_objective.png
A1_pair_cd,global_af_nd,ai_dominates_af,pair_cd_conditioned,LIRCMOP5_BC,1,80000,80080,396,0,0,100,100,20,0,0,0,0,0,100,100,0,0,20,/Users/lanai/Code/Matlab/PlatEMO/PlatEMO/Data/CCMO_GAN_BDG/A1_pair_cd_snapshots_run1_8w_20260608_150610/archive_objective_snapshots/snapshots/A1_pair_cd/LIRCMOP5_BC_run1/LIRCMOP5_BC_run1_targetFE080000_A1_pair_cd_archive_training.csv,/Users/lanai/Code/Matlab/PlatEMO/PlatEMO/Data/CCMO_GAN_BDG/A1_pair_cd_snapshots_run1_8w_20260608_150610/archive_objective_snapshots/figures/A1_pair_cd/LIRCMOP5_BC/A1_pair_cd_LIRCMOP5_BC_run1_FE080000_AF_GAN_objective.png
A1_pair_cd,global_af_nd,ai_dominates_af,pair_cd_conditioned,LIRCMOP5_BC,1,90000,90080,446,0,0,100,100,20,0,0,0,0,0,100,100,0,0,20,/Users/lanai/Code/Matlab/PlatEMO/PlatEMO/Data/CCMO_GAN_BDG/A1_pair_cd_snapshots_run1_8w_20260608_150610/archive_objective_snapshots/snapshots/A1_pair_cd/LIRCMOP5_BC_run1/LIRCMOP5_BC_run1_targetFE090000_A1_pair_cd_archive_training.csv,/Users/lanai/Code/Matlab/PlatEMO/PlatEMO/Data/CCMO_GAN_BDG/A1_pair_cd_snapshots_run1_8w_20260608_150610/archive_objective_snapshots/figures/A1_pair_cd/LIRCMOP5_BC/A1_pair_cd_LIRCMOP5_BC_run1_FE090000_AF_GAN_objective.png
A1_pair_cd,global_af_nd,ai_dominates_af,pair_cd_conditioned,LIRCMOP5_BC,1,100000,100180,496,1,1,100,100,20,0,0,0,0,0,100,100,1,1,20,/Users/lanai/Code/Matlab/PlatEMO/PlatEMO/Data/CCMO_GAN_BDG/A1_pair_cd_snapshots_run1_8w_20260608_150610/archive_objective_snapshots/snapshots/A1_pair_cd/LIRCMOP5_BC_run1/LIRCMOP5_BC_run1_targetFE100000_A1_pair_cd_archive_training.csv,/Users/lanai/Code/Matlab/PlatEMO/PlatEMO/Data/CCMO_GAN_BDG/A1_pair_cd_snapshots_run1_8w_20260608_150610/archive_objective_snapshots/figures/A1_pair_cd/LIRCMOP5_BC/A1_pair_cd_LIRCMOP5_BC_run1_FE100000_AF_GAN_objective.png
A1_pair_cd,global_af_nd,ai_dominates_af,pair_cd_conditioned,LIRCMOP6_BC,1,10000,10000,49,12,12,100,100,0,55,65,0,0,0,45,35,12,12,0,/Users/lanai/Code/Matlab/PlatEMO/PlatEMO/Data/CCMO_GAN_BDG/A1_pair_cd_snapshots_run1_8w_20260608_150610/archive_objective_snapshots/snapshots/A1_pair_cd/LIRCMOP6_BC_run1/LIRCMOP6_BC_run1_targetFE010000_A1_pair_cd_archive_training.csv,/Users/lanai/Code/Matlab/PlatEMO/PlatEMO/Data/CCMO_GAN_BDG/A1_pair_cd_snapshots_run1_8w_20260608_150610/archive_objective_snapshots/figures/A1_pair_cd/LIRCMOP6_BC/A1_pair_cd_LIRCMOP6_BC_run1_FE010000_AF_GAN_objective.png
A1_pair_cd,global_af_nd,ai_dominates_af,pair_cd_conditioned,LIRCMOP6_BC,1,20000,20100,99,91,91,100,100,20,46,67,0,0,1,54,33,91,91,19,/Users/lanai/Code/Matlab/PlatEMO/PlatEMO/Data/CCMO_GAN_BDG/A1_pair_cd_snapshots_run1_8w_20260608_150610/archive_objective_snapshots/snapshots/A1_pair_cd/LIRCMOP6_BC_run1/LIRCMOP6_BC_run1_targetFE020000_A1_pair_cd_archive_training.csv,/Users/lanai/Code/Matlab/PlatEMO/PlatEMO/Data/CCMO_GAN_BDG/A1_pair_cd_snapshots_run1_8w_20260608_150610/archive_objective_snapshots/figures/A1_pair_cd/LIRCMOP6_BC/A1_pair_cd_LIRCMOP6_BC_run1_FE020000_AF_GAN_objective.png
A1_pair_cd,global_af_nd,ai_dominates_af,pair_cd_conditioned,LIRCMOP6_BC,1,30000,30000,148,140,140,100,100,20,20,50,0,0,0,80,50,140,140,20,/Users/lanai/Code/Matlab/PlatEMO/PlatEMO/Data/CCMO_GAN_BDG/A1_pair_cd_snapshots_run1_8w_20260608_150610/archive_objective_snapshots/snapshots/A1_pair_cd/LIRCMOP6_BC_run1/LIRCMOP6_BC_run1_targetFE030000_A1_pair_cd_archive_training.csv,/Users/lanai/Code/Matlab/PlatEMO/PlatEMO/Data/CCMO_GAN_BDG/A1_pair_cd_snapshots_run1_8w_20260608_150610/archive_objective_snapshots/figures/A1_pair_cd/LIRCMOP6_BC/A1_pair_cd_LIRCMOP6_BC_run1_FE030000_AF_GAN_objective.png
A1_pair_cd,global_af_nd,ai_dominates_af,pair_cd_conditioned,LIRCMOP6_BC,1,40000,40100,198,218,218,100,100,20,19,55,0,0,0,81,45,218,218,20,/Users/lanai/Code/Matlab/PlatEMO/PlatEMO/Data/CCMO_GAN_BDG/A1_pair_cd_snapshots_run1_8w_20260608_150610/archive_objective_snapshots/snapshots/A1_pair_cd/LIRCMOP6_BC_run1/LIRCMOP6_BC_run1_targetFE040000_A1_pair_cd_archive_training.csv,/Users/lanai/Code/Matlab/PlatEMO/PlatEMO/Data/CCMO_GAN_BDG/A1_pair_cd_snapshots_run1_8w_20260608_150610/archive_objective_snapshots/figures/A1_pair_cd/LIRCMOP6_BC/A1_pair_cd_LIRCMOP6_BC_run1_FE040000_AF_GAN_objective.png
A1_pair_cd,global_af_nd,ai_dominates_af,pair_cd_conditioned,LIRCMOP6_BC,1,50000,50000,247,194,194,100,100,20,28,45,0,0,0,72,55,194,194,20,/Users/lanai/Code/Matlab/PlatEMO/PlatEMO/Data/CCMO_GAN_BDG/A1_pair_cd_snapshots_run1_8w_20260608_150610/archive_objective_snapshots/snapshots/A1_pair_cd/LIRCMOP6_BC_run1/LIRCMOP6_BC_run1_targetFE050000_A1_pair_cd_archive_training.csv,/Users/lanai/Code/Matlab/PlatEMO/PlatEMO/Data/CCMO_GAN_BDG/A1_pair_cd_snapshots_run1_8w_20260608_150610/archive_objective_snapshots/figures/A1_pair_cd/LIRCMOP6_BC/A1_pair_cd_LIRCMOP6_BC_run1_FE050000_AF_GAN_objective.png
A1_pair_cd,global_af_nd,ai_dominates_af,pair_cd_conditioned,LIRCMOP6_BC,1,60000,60100,297,188,188,100,100,20,21,51,0,0,0,79,49,188,188,20,/Users/lanai/Code/Matlab/PlatEMO/PlatEMO/Data/CCMO_GAN_BDG/A1_pair_cd_snapshots_run1_8w_20260608_150610/archive_objective_snapshots/snapshots/A1_pair_cd/LIRCMOP6_BC_run1/LIRCMOP6_BC_run1_targetFE060000_A1_pair_cd_archive_training.csv,/Users/lanai/Code/Matlab/PlatEMO/PlatEMO/Data/CCMO_GAN_BDG/A1_pair_cd_snapshots_run1_8w_20260608_150610/archive_objective_snapshots/figures/A1_pair_cd/LIRCMOP6_BC/A1_pair_cd_LIRCMOP6_BC_run1_FE060000_AF_GAN_objective.png
A1_pair_cd,global_af_nd,ai_dominates_af,pair_cd_conditioned,LIRCMOP6_BC,1,70000,70000,346,234,234,100,100,20,2,18,0,0,1,98,82,234,234,19,/Users/lanai/Code/Matlab/PlatEMO/PlatEMO/Data/CCMO_GAN_BDG/A1_pair_cd_snapshots_run1_8w_20260608_150610/archive_objective_snapshots/snapshots/A1_pair_cd/LIRCMOP6_BC_run1/LIRCMOP6_BC_run1_targetFE070000_A1_pair_cd_archive_training.csv,/Users/lanai/Code/Matlab/PlatEMO/PlatEMO/Data/CCMO_GAN_BDG/A1_pair_cd_snapshots_run1_8w_20260608_150610/archive_objective_snapshots/figures/A1_pair_cd/LIRCMOP6_BC/A1_pair_cd_LIRCMOP6_BC_run1_FE070000_AF_GAN_objective.png
A1_pair_cd,global_af_nd,ai_dominates_af,pair_cd_conditioned,LIRCMOP6_BC,1,80000,80100,396,6,6,100,100,20,3,0,0,0,0,97,100,6,6,20,/Users/lanai/Code/Matlab/PlatEMO/PlatEMO/Data/CCMO_GAN_BDG/A1_pair_cd_snapshots_run1_8w_20260608_150610/archive_objective_snapshots/snapshots/A1_pair_cd/LIRCMOP6_BC_run1/LIRCMOP6_BC_run1_targetFE080000_A1_pair_cd_archive_training.csv,/Users/lanai/Code/Matlab/PlatEMO/PlatEMO/Data/CCMO_GAN_BDG/A1_pair_cd_snapshots_run1_8w_20260608_150610/archive_objective_snapshots/figures/A1_pair_cd/LIRCMOP6_BC/A1_pair_cd_LIRCMOP6_BC_run1_FE080000_AF_GAN_objective.png
A1_pair_cd,global_af_nd,ai_dominates_af,pair_cd_conditioned,LIRCMOP6_BC,1,90000,90140,446,0,0,100,100,20,0,0,0,0,0,100,100,0,0,20,/Users/lanai/Code/Matlab/PlatEMO/PlatEMO/Data/CCMO_GAN_BDG/A1_pair_cd_snapshots_run1_8w_20260608_150610/archive_objective_snapshots/snapshots/A1_pair_cd/LIRCMOP6_BC_run1/LIRCMOP6_BC_run1_targetFE090000_A1_pair_cd_archive_training.csv,/Users/lanai/Code/Matlab/PlatEMO/PlatEMO/Data/CCMO_GAN_BDG/A1_pair_cd_snapshots_run1_8w_20260608_150610/archive_objective_snapshots/figures/A1_pair_cd/LIRCMOP6_BC/A1_pair_cd_LIRCMOP6_BC_run1_FE090000_AF_GAN_objective.png
A1_pair_cd,global_af_nd,ai_dominates_af,pair_cd_conditioned,LIRCMOP6_BC,1,100000,100000,495,2,2,100,100,20,0,0,0,0,0,100,100,2,2,20,/Users/lanai/Code/Matlab/PlatEMO/PlatEMO/Data/CCMO_GAN_BDG/A1_pair_cd_snapshots_run1_8w_20260608_150610/archive_objective_snapshots/snapshots/A1_pair_cd/LIRCMOP6_BC_run1/LIRCMOP6_BC_run1_targetFE100000_A1_pair_cd_archive_training.csv,/Users/lanai/Code/Matlab/PlatEMO/PlatEMO/Data/CCMO_GAN_BDG/A1_pair_cd_snapshots_run1_8w_20260608_150610/archive_objective_snapshots/figures/A1_pair_cd/LIRCMOP6_BC/A1_pair_cd_LIRCMOP6_BC_run1_FE100000_AF_GAN_objective.png
A1_pair_cd,global_af_nd,ai_dominates_af,pair_cd_conditioned,LIRCMOP7_BC,1,10000,10060,49,64,64,100,100,20,22,42,1,0,0,78,58,63,64,20,/Users/lanai/Code/Matlab/PlatEMO/PlatEMO/Data/CCMO_GAN_BDG/A1_pair_cd_snapshots_run1_8w_20260608_150610/archive_objective_snapshots/snapshots/A1_pair_cd/LIRCMOP7_BC_run1/LIRCMOP7_BC_run1_targetFE010000_A1_pair_cd_archive_training.csv,/Users/lanai/Code/Matlab/PlatEMO/PlatEMO/Data/CCMO_GAN_BDG/A1_pair_cd_snapshots_run1_8w_20260608_150610/archive_objective_snapshots/figures/A1_pair_cd/LIRCMOP7_BC/A1_pair_cd_LIRCMOP7_BC_run1_FE010000_AF_GAN_objective.png
A1_pair_cd,global_af_nd,ai_dominates_af,pair_cd_conditioned,LIRCMOP7_BC,1,20000,20160,99,94,94,100,100,20,24,40,0,0,0,76,60,94,94,20,/Users/lanai/Code/Matlab/PlatEMO/PlatEMO/Data/CCMO_GAN_BDG/A1_pair_cd_snapshots_run1_8w_20260608_150610/archive_objective_snapshots/snapshots/A1_pair_cd/LIRCMOP7_BC_run1/LIRCMOP7_BC_run1_targetFE020000_A1_pair_cd_archive_training.csv,/Users/lanai/Code/Matlab/PlatEMO/PlatEMO/Data/CCMO_GAN_BDG/A1_pair_cd_snapshots_run1_8w_20260608_150610/archive_objective_snapshots/figures/A1_pair_cd/LIRCMOP7_BC/A1_pair_cd_LIRCMOP7_BC_run1_FE020000_AF_GAN_objective.png
A1_pair_cd,global_af_nd,ai_dominates_af,pair_cd_conditioned,LIRCMOP7_BC,1,30000,30060,148,139,139,100,100,20,16,35,0,0,0,84,65,139,139,20,/Users/lanai/Code/Matlab/PlatEMO/PlatEMO/Data/CCMO_GAN_BDG/A1_pair_cd_snapshots_run1_8w_20260608_150610/archive_objective_snapshots/snapshots/A1_pair_cd/LIRCMOP7_BC_run1/LIRCMOP7_BC_run1_targetFE030000_A1_pair_cd_archive_training.csv,/Users/lanai/Code/Matlab/PlatEMO/PlatEMO/Data/CCMO_GAN_BDG/A1_pair_cd_snapshots_run1_8w_20260608_150610/archive_objective_snapshots/figures/A1_pair_cd/LIRCMOP7_BC/A1_pair_cd_LIRCMOP7_BC_run1_FE030000_AF_GAN_objective.png
A1_pair_cd,global_af_nd,ai_dominates_af,pair_cd_conditioned,LIRCMOP7_BC,1,40000,40160,198,149,149,100,100,20,14,38,1,1,0,86,62,148,148,20,/Users/lanai/Code/Matlab/PlatEMO/PlatEMO/Data/CCMO_GAN_BDG/A1_pair_cd_snapshots_run1_8w_20260608_150610/archive_objective_snapshots/snapshots/A1_pair_cd/LIRCMOP7_BC_run1/LIRCMOP7_BC_run1_targetFE040000_A1_pair_cd_archive_training.csv,/Users/lanai/Code/Matlab/PlatEMO/PlatEMO/Data/CCMO_GAN_BDG/A1_pair_cd_snapshots_run1_8w_20260608_150610/archive_objective_snapshots/figures/A1_pair_cd/LIRCMOP7_BC/A1_pair_cd_LIRCMOP7_BC_run1_FE040000_AF_GAN_objective.png
A1_pair_cd,global_af_nd,ai_dominates_af,pair_cd_conditioned,LIRCMOP7_BC,1,50000,50060,247,185,185,100,100,20,35,41,0,0,0,65,59,185,185,20,/Users/lanai/Code/Matlab/PlatEMO/PlatEMO/Data/CCMO_GAN_BDG/A1_pair_cd_snapshots_run1_8w_20260608_150610/archive_objective_snapshots/snapshots/A1_pair_cd/LIRCMOP7_BC_run1/LIRCMOP7_BC_run1_targetFE050000_A1_pair_cd_archive_training.csv,/Users/lanai/Code/Matlab/PlatEMO/PlatEMO/Data/CCMO_GAN_BDG/A1_pair_cd_snapshots_run1_8w_20260608_150610/archive_objective_snapshots/figures/A1_pair_cd/LIRCMOP7_BC/A1_pair_cd_LIRCMOP7_BC_run1_FE050000_AF_GAN_objective.png
A1_pair_cd,global_af_nd,ai_dominates_af,pair_cd_conditioned,LIRCMOP7_BC,1,60000,60160,297,181,181,100,100,20,31,36,0,0,0,69,64,181,181,20,/Users/lanai/Code/Matlab/PlatEMO/PlatEMO/Data/CCMO_GAN_BDG/A1_pair_cd_snapshots_run1_8w_20260608_150610/archive_objective_snapshots/snapshots/A1_pair_cd/LIRCMOP7_BC_run1/LIRCMOP7_BC_run1_targetFE060000_A1_pair_cd_archive_training.csv,/Users/lanai/Code/Matlab/PlatEMO/PlatEMO/Data/CCMO_GAN_BDG/A1_pair_cd_snapshots_run1_8w_20260608_150610/archive_objective_snapshots/figures/A1_pair_cd/LIRCMOP7_BC/A1_pair_cd_LIRCMOP7_BC_run1_FE060000_AF_GAN_objective.png
A1_pair_cd,global_af_nd,ai_dominates_af,pair_cd_conditioned,LIRCMOP7_BC,1,70000,70060,346,163,163,100,100,20,27,51,0,0,0,73,49,163,163,20,/Users/lanai/Code/Matlab/PlatEMO/PlatEMO/Data/CCMO_GAN_BDG/A1_pair_cd_snapshots_run1_8w_20260608_150610/archive_objective_snapshots/snapshots/A1_pair_cd/LIRCMOP7_BC_run1/LIRCMOP7_BC_run1_targetFE070000_A1_pair_cd_archive_training.csv,/Users/lanai/Code/Matlab/PlatEMO/PlatEMO/Data/CCMO_GAN_BDG/A1_pair_cd_snapshots_run1_8w_20260608_150610/archive_objective_snapshots/figures/A1_pair_cd/LIRCMOP7_BC/A1_pair_cd_LIRCMOP7_BC_run1_FE070000_AF_GAN_objective.png
A1_pair_cd,global_af_nd,ai_dominates_af,pair_cd_conditioned,LIRCMOP7_BC,1,80000,80160,396,182,182,100,100,20,7,22,0,0,0,93,78,182,182,20,/Users/lanai/Code/Matlab/PlatEMO/PlatEMO/Data/CCMO_GAN_BDG/A1_pair_cd_snapshots_run1_8w_20260608_150610/archive_objective_snapshots/snapshots/A1_pair_cd/LIRCMOP7_BC_run1/LIRCMOP7_BC_run1_targetFE080000_A1_pair_cd_archive_training.csv,/Users/lanai/Code/Matlab/PlatEMO/PlatEMO/Data/CCMO_GAN_BDG/A1_pair_cd_snapshots_run1_8w_20260608_150610/archive_objective_snapshots/figures/A1_pair_cd/LIRCMOP7_BC/A1_pair_cd_LIRCMOP7_BC_run1_FE080000_AF_GAN_objective.png
A1_pair_cd,global_af_nd,ai_dominates_af,pair_cd_conditioned,LIRCMOP7_BC,1,90000,90060,445,219,219,100,100,20,4,15,0,0,0,96,85,219,219,20,/Users/lanai/Code/Matlab/PlatEMO/PlatEMO/Data/CCMO_GAN_BDG/A1_pair_cd_snapshots_run1_8w_20260608_150610/archive_objective_snapshots/snapshots/A1_pair_cd/LIRCMOP7_BC_run1/LIRCMOP7_BC_run1_targetFE090000_A1_pair_cd_archive_training.csv,/Users/lanai/Code/Matlab/PlatEMO/PlatEMO/Data/CCMO_GAN_BDG/A1_pair_cd_snapshots_run1_8w_20260608_150610/archive_objective_snapshots/figures/A1_pair_cd/LIRCMOP7_BC/A1_pair_cd_LIRCMOP7_BC_run1_FE090000_AF_GAN_objective.png
A1_pair_cd,global_af_nd,ai_dominates_af,pair_cd_conditioned,LIRCMOP7_BC,1,100000,100160,495,259,259,100,100,20,2,12,0,0,0,98,88,259,259,20,/Users/lanai/Code/Matlab/PlatEMO/PlatEMO/Data/CCMO_GAN_BDG/A1_pair_cd_snapshots_run1_8w_20260608_150610/archive_objective_snapshots/snapshots/A1_pair_cd/LIRCMOP7_BC_run1/LIRCMOP7_BC_run1_targetFE100000_A1_pair_cd_archive_training.csv,/Users/lanai/Code/Matlab/PlatEMO/PlatEMO/Data/CCMO_GAN_BDG/A1_pair_cd_snapshots_run1_8w_20260608_150610/archive_objective_snapshots/figures/A1_pair_cd/LIRCMOP7_BC/A1_pair_cd_LIRCMOP7_BC_run1_FE100000_AF_GAN_objective.png
A1_pair_cd,global_af_nd,ai_dominates_af,pair_cd_conditioned,LIRCMOP8_BC,1,10000,10020,49,48,48,100,100,20,55,76,6,3,19,45,24,42,45,1,/Users/lanai/Code/Matlab/PlatEMO/PlatEMO/Data/CCMO_GAN_BDG/A1_pair_cd_snapshots_run1_8w_20260608_150610/archive_objective_snapshots/snapshots/A1_pair_cd/LIRCMOP8_BC_run1/LIRCMOP8_BC_run1_targetFE010000_A1_pair_cd_archive_training.csv,/Users/lanai/Code/Matlab/PlatEMO/PlatEMO/Data/CCMO_GAN_BDG/A1_pair_cd_snapshots_run1_8w_20260608_150610/archive_objective_snapshots/figures/A1_pair_cd/LIRCMOP8_BC/A1_pair_cd_LIRCMOP8_BC_run1_FE010000_AF_GAN_objective.png
A1_pair_cd,global_af_nd,ai_dominates_af,pair_cd_conditioned,LIRCMOP8_BC,1,20000,20120,99,85,85,100,100,20,41,77,1,1,0,59,23,84,84,20,/Users/lanai/Code/Matlab/PlatEMO/PlatEMO/Data/CCMO_GAN_BDG/A1_pair_cd_snapshots_run1_8w_20260608_150610/archive_objective_snapshots/snapshots/A1_pair_cd/LIRCMOP8_BC_run1/LIRCMOP8_BC_run1_targetFE020000_A1_pair_cd_archive_training.csv,/Users/lanai/Code/Matlab/PlatEMO/PlatEMO/Data/CCMO_GAN_BDG/A1_pair_cd_snapshots_run1_8w_20260608_150610/archive_objective_snapshots/figures/A1_pair_cd/LIRCMOP8_BC/A1_pair_cd_LIRCMOP8_BC_run1_FE020000_AF_GAN_objective.png
A1_pair_cd,global_af_nd,ai_dominates_af,pair_cd_conditioned,LIRCMOP8_BC,1,30000,30020,148,155,155,100,100,20,32,74,0,0,1,68,26,155,155,19,/Users/lanai/Code/Matlab/PlatEMO/PlatEMO/Data/CCMO_GAN_BDG/A1_pair_cd_snapshots_run1_8w_20260608_150610/archive_objective_snapshots/snapshots/A1_pair_cd/LIRCMOP8_BC_run1/LIRCMOP8_BC_run1_targetFE030000_A1_pair_cd_archive_training.csv,/Users/lanai/Code/Matlab/PlatEMO/PlatEMO/Data/CCMO_GAN_BDG/A1_pair_cd_snapshots_run1_8w_20260608_150610/archive_objective_snapshots/figures/A1_pair_cd/LIRCMOP8_BC/A1_pair_cd_LIRCMOP8_BC_run1_FE030000_AF_GAN_objective.png
A1_pair_cd,global_af_nd,ai_dominates_af,pair_cd_conditioned,LIRCMOP8_BC,1,40000,40120,198,51,51,100,100,20,53,56,1,1,1,47,44,50,50,19,/Users/lanai/Code/Matlab/PlatEMO/PlatEMO/Data/CCMO_GAN_BDG/A1_pair_cd_snapshots_run1_8w_20260608_150610/archive_objective_snapshots/snapshots/A1_pair_cd/LIRCMOP8_BC_run1/LIRCMOP8_BC_run1_targetFE040000_A1_pair_cd_archive_training.csv,/Users/lanai/Code/Matlab/PlatEMO/PlatEMO/Data/CCMO_GAN_BDG/A1_pair_cd_snapshots_run1_8w_20260608_150610/archive_objective_snapshots/figures/A1_pair_cd/LIRCMOP8_BC/A1_pair_cd_LIRCMOP8_BC_run1_FE040000_AF_GAN_objective.png
A1_pair_cd,global_af_nd,ai_dominates_af,pair_cd_conditioned,LIRCMOP8_BC,1,50000,50020,247,94,94,100,100,20,32,51,0,0,0,68,49,94,94,20,/Users/lanai/Code/Matlab/PlatEMO/PlatEMO/Data/CCMO_GAN_BDG/A1_pair_cd_snapshots_run1_8w_20260608_150610/archive_objective_snapshots/snapshots/A1_pair_cd/LIRCMOP8_BC_run1/LIRCMOP8_BC_run1_targetFE050000_A1_pair_cd_archive_training.csv,/Users/lanai/Code/Matlab/PlatEMO/PlatEMO/Data/CCMO_GAN_BDG/A1_pair_cd_snapshots_run1_8w_20260608_150610/archive_objective_snapshots/figures/A1_pair_cd/LIRCMOP8_BC/A1_pair_cd_LIRCMOP8_BC_run1_FE050000_AF_GAN_objective.png
A1_pair_cd,global_af_nd,ai_dominates_af,pair_cd_conditioned,LIRCMOP8_BC,1,60000,60120,297,122,122,100,100,20,15,45,3,0,0,85,55,119,122,20,/Users/lanai/Code/Matlab/PlatEMO/PlatEMO/Data/CCMO_GAN_BDG/A1_pair_cd_snapshots_run1_8w_20260608_150610/archive_objective_snapshots/snapshots/A1_pair_cd/LIRCMOP8_BC_run1/LIRCMOP8_BC_run1_targetFE060000_A1_pair_cd_archive_training.csv,/Users/lanai/Code/Matlab/PlatEMO/PlatEMO/Data/CCMO_GAN_BDG/A1_pair_cd_snapshots_run1_8w_20260608_150610/archive_objective_snapshots/figures/A1_pair_cd/LIRCMOP8_BC/A1_pair_cd_LIRCMOP8_BC_run1_FE060000_AF_GAN_objective.png
A1_pair_cd,global_af_nd,ai_dominates_af,pair_cd_conditioned,LIRCMOP8_BC,1,70000,70020,346,160,160,100,100,20,4,14,0,0,0,96,86,160,160,20,/Users/lanai/Code/Matlab/PlatEMO/PlatEMO/Data/CCMO_GAN_BDG/A1_pair_cd_snapshots_run1_8w_20260608_150610/archive_objective_snapshots/snapshots/A1_pair_cd/LIRCMOP8_BC_run1/LIRCMOP8_BC_run1_targetFE070000_A1_pair_cd_archive_training.csv,/Users/lanai/Code/Matlab/PlatEMO/PlatEMO/Data/CCMO_GAN_BDG/A1_pair_cd_snapshots_run1_8w_20260608_150610/archive_objective_snapshots/figures/A1_pair_cd/LIRCMOP8_BC/A1_pair_cd_LIRCMOP8_BC_run1_FE070000_AF_GAN_objective.png
A1_pair_cd,global_af_nd,ai_dominates_af,pair_cd_conditioned,LIRCMOP8_BC,1,80000,80120,396,193,193,100,100,20,0,0,0,0,0,100,100,193,193,20,/Users/lanai/Code/Matlab/PlatEMO/PlatEMO/Data/CCMO_GAN_BDG/A1_pair_cd_snapshots_run1_8w_20260608_150610/archive_objective_snapshots/snapshots/A1_pair_cd/LIRCMOP8_BC_run1/LIRCMOP8_BC_run1_targetFE080000_A1_pair_cd_archive_training.csv,/Users/lanai/Code/Matlab/PlatEMO/PlatEMO/Data/CCMO_GAN_BDG/A1_pair_cd_snapshots_run1_8w_20260608_150610/archive_objective_snapshots/figures/A1_pair_cd/LIRCMOP8_BC/A1_pair_cd_LIRCMOP8_BC_run1_FE080000_AF_GAN_objective.png
A1_pair_cd,global_af_nd,ai_dominates_af,pair_cd_conditioned,LIRCMOP8_BC,1,90000,90020,445,265,265,100,100,20,0,0,0,0,0,100,100,265,265,20,/Users/lanai/Code/Matlab/PlatEMO/PlatEMO/Data/CCMO_GAN_BDG/A1_pair_cd_snapshots_run1_8w_20260608_150610/archive_objective_snapshots/snapshots/A1_pair_cd/LIRCMOP8_BC_run1/LIRCMOP8_BC_run1_targetFE090000_A1_pair_cd_archive_training.csv,/Users/lanai/Code/Matlab/PlatEMO/PlatEMO/Data/CCMO_GAN_BDG/A1_pair_cd_snapshots_run1_8w_20260608_150610/archive_objective_snapshots/figures/A1_pair_cd/LIRCMOP8_BC/A1_pair_cd_LIRCMOP8_BC_run1_FE090000_AF_GAN_objective.png
A1_pair_cd,global_af_nd,ai_dominates_af,pair_cd_conditioned,LIRCMOP8_BC,1,100000,100120,495,263,263,100,100,20,0,0,0,0,0,100,100,263,263,20,/Users/lanai/Code/Matlab/PlatEMO/PlatEMO/Data/CCMO_GAN_BDG/A1_pair_cd_snapshots_run1_8w_20260608_150610/archive_objective_snapshots/snapshots/A1_pair_cd/LIRCMOP8_BC_run1/LIRCMOP8_BC_run1_targetFE100000_A1_pair_cd_archive_training.csv,/Users/lanai/Code/Matlab/PlatEMO/PlatEMO/Data/CCMO_GAN_BDG/A1_pair_cd_snapshots_run1_8w_20260608_150610/archive_objective_snapshots/figures/A1_pair_cd/LIRCMOP8_BC/A1_pair_cd_LIRCMOP8_BC_run1_FE100000_AF_GAN_objective.png
A1_pair_cd,global_af_nd,ai_dominates_af,pair_cd_conditioned,LIRCMOP9_BC,1,10000,10060,49,11,11,100,100,20,0,0,0,0,0,100,100,11,11,20,/Users/lanai/Code/Matlab/PlatEMO/PlatEMO/Data/CCMO_GAN_BDG/A1_pair_cd_snapshots_run1_8w_20260608_150610/archive_objective_snapshots/snapshots/A1_pair_cd/LIRCMOP9_BC_run1/LIRCMOP9_BC_run1_targetFE010000_A1_pair_cd_archive_training.csv,/Users/lanai/Code/Matlab/PlatEMO/PlatEMO/Data/CCMO_GAN_BDG/A1_pair_cd_snapshots_run1_8w_20260608_150610/archive_objective_snapshots/figures/A1_pair_cd/LIRCMOP9_BC/A1_pair_cd_LIRCMOP9_BC_run1_FE010000_AF_GAN_objective.png
A1_pair_cd,global_af_nd,ai_dominates_af,pair_cd_conditioned,LIRCMOP9_BC,1,20000,20160,99,16,16,100,100,20,0,0,0,0,0,100,100,16,16,20,/Users/lanai/Code/Matlab/PlatEMO/PlatEMO/Data/CCMO_GAN_BDG/A1_pair_cd_snapshots_run1_8w_20260608_150610/archive_objective_snapshots/snapshots/A1_pair_cd/LIRCMOP9_BC_run1/LIRCMOP9_BC_run1_targetFE020000_A1_pair_cd_archive_training.csv,/Users/lanai/Code/Matlab/PlatEMO/PlatEMO/Data/CCMO_GAN_BDG/A1_pair_cd_snapshots_run1_8w_20260608_150610/archive_objective_snapshots/figures/A1_pair_cd/LIRCMOP9_BC/A1_pair_cd_LIRCMOP9_BC_run1_FE020000_AF_GAN_objective.png
A1_pair_cd,global_af_nd,ai_dominates_af,pair_cd_conditioned,LIRCMOP9_BC,1,30000,30060,148,10,10,100,100,20,0,0,0,0,0,100,100,10,10,20,/Users/lanai/Code/Matlab/PlatEMO/PlatEMO/Data/CCMO_GAN_BDG/A1_pair_cd_snapshots_run1_8w_20260608_150610/archive_objective_snapshots/snapshots/A1_pair_cd/LIRCMOP9_BC_run1/LIRCMOP9_BC_run1_targetFE030000_A1_pair_cd_archive_training.csv,/Users/lanai/Code/Matlab/PlatEMO/PlatEMO/Data/CCMO_GAN_BDG/A1_pair_cd_snapshots_run1_8w_20260608_150610/archive_objective_snapshots/figures/A1_pair_cd/LIRCMOP9_BC/A1_pair_cd_LIRCMOP9_BC_run1_FE030000_AF_GAN_objective.png
A1_pair_cd,global_af_nd,ai_dominates_af,pair_cd_conditioned,LIRCMOP9_BC,1,40000,40160,198,8,8,100,100,20,0,0,0,0,5,100,100,8,8,15,/Users/lanai/Code/Matlab/PlatEMO/PlatEMO/Data/CCMO_GAN_BDG/A1_pair_cd_snapshots_run1_8w_20260608_150610/archive_objective_snapshots/snapshots/A1_pair_cd/LIRCMOP9_BC_run1/LIRCMOP9_BC_run1_targetFE040000_A1_pair_cd_archive_training.csv,/Users/lanai/Code/Matlab/PlatEMO/PlatEMO/Data/CCMO_GAN_BDG/A1_pair_cd_snapshots_run1_8w_20260608_150610/archive_objective_snapshots/figures/A1_pair_cd/LIRCMOP9_BC/A1_pair_cd_LIRCMOP9_BC_run1_FE040000_AF_GAN_objective.png
A1_pair_cd,global_af_nd,ai_dominates_af,pair_cd_conditioned,LIRCMOP9_BC,1,50000,50060,247,10,10,100,100,20,0,0,0,0,10,100,100,10,10,10,/Users/lanai/Code/Matlab/PlatEMO/PlatEMO/Data/CCMO_GAN_BDG/A1_pair_cd_snapshots_run1_8w_20260608_150610/archive_objective_snapshots/snapshots/A1_pair_cd/LIRCMOP9_BC_run1/LIRCMOP9_BC_run1_targetFE050000_A1_pair_cd_archive_training.csv,/Users/lanai/Code/Matlab/PlatEMO/PlatEMO/Data/CCMO_GAN_BDG/A1_pair_cd_snapshots_run1_8w_20260608_150610/archive_objective_snapshots/figures/A1_pair_cd/LIRCMOP9_BC/A1_pair_cd_LIRCMOP9_BC_run1_FE050000_AF_GAN_objective.png
A1_pair_cd,global_af_nd,ai_dominates_af,pair_cd_conditioned,LIRCMOP9_BC,1,60000,60160,297,7,7,100,100,20,0,0,0,0,9,100,100,7,7,11,/Users/lanai/Code/Matlab/PlatEMO/PlatEMO/Data/CCMO_GAN_BDG/A1_pair_cd_snapshots_run1_8w_20260608_150610/archive_objective_snapshots/snapshots/A1_pair_cd/LIRCMOP9_BC_run1/LIRCMOP9_BC_run1_targetFE060000_A1_pair_cd_archive_training.csv,/Users/lanai/Code/Matlab/PlatEMO/PlatEMO/Data/CCMO_GAN_BDG/A1_pair_cd_snapshots_run1_8w_20260608_150610/archive_objective_snapshots/figures/A1_pair_cd/LIRCMOP9_BC/A1_pair_cd_LIRCMOP9_BC_run1_FE060000_AF_GAN_objective.png
A1_pair_cd,global_af_nd,ai_dominates_af,pair_cd_conditioned,LIRCMOP9_BC,1,70000,70060,346,10,10,100,100,20,0,0,0,0,10,100,100,10,10,10,/Users/lanai/Code/Matlab/PlatEMO/PlatEMO/Data/CCMO_GAN_BDG/A1_pair_cd_snapshots_run1_8w_20260608_150610/archive_objective_snapshots/snapshots/A1_pair_cd/LIRCMOP9_BC_run1/LIRCMOP9_BC_run1_targetFE070000_A1_pair_cd_archive_training.csv,/Users/lanai/Code/Matlab/PlatEMO/PlatEMO/Data/CCMO_GAN_BDG/A1_pair_cd_snapshots_run1_8w_20260608_150610/archive_objective_snapshots/figures/A1_pair_cd/LIRCMOP9_BC/A1_pair_cd_LIRCMOP9_BC_run1_FE070000_AF_GAN_objective.png
A1_pair_cd,global_af_nd,ai_dominates_af,pair_cd_conditioned,LIRCMOP9_BC,1,80000,80160,396,18,18,100,100,20,0,0,0,0,12,100,100,18,18,8,/Users/lanai/Code/Matlab/PlatEMO/PlatEMO/Data/CCMO_GAN_BDG/A1_pair_cd_snapshots_run1_8w_20260608_150610/archive_objective_snapshots/snapshots/A1_pair_cd/LIRCMOP9_BC_run1/LIRCMOP9_BC_run1_targetFE080000_A1_pair_cd_archive_training.csv,/Users/lanai/Code/Matlab/PlatEMO/PlatEMO/Data/CCMO_GAN_BDG/A1_pair_cd_snapshots_run1_8w_20260608_150610/archive_objective_snapshots/figures/A1_pair_cd/LIRCMOP9_BC/A1_pair_cd_LIRCMOP9_BC_run1_FE080000_AF_GAN_objective.png
A1_pair_cd,global_af_nd,ai_dominates_af,pair_cd_conditioned,LIRCMOP9_BC,1,90000,90060,445,20,20,100,100,20,0,0,0,0,11,100,100,20,20,9,/Users/lanai/Code/Matlab/PlatEMO/PlatEMO/Data/CCMO_GAN_BDG/A1_pair_cd_snapshots_run1_8w_20260608_150610/archive_objective_snapshots/snapshots/A1_pair_cd/LIRCMOP9_BC_run1/LIRCMOP9_BC_run1_targetFE090000_A1_pair_cd_archive_training.csv,/Users/lanai/Code/Matlab/PlatEMO/PlatEMO/Data/CCMO_GAN_BDG/A1_pair_cd_snapshots_run1_8w_20260608_150610/archive_objective_snapshots/figures/A1_pair_cd/LIRCMOP9_BC/A1_pair_cd_LIRCMOP9_BC_run1_FE090000_AF_GAN_objective.png
A1_pair_cd,global_af_nd,ai_dominates_af,pair_cd_conditioned,LIRCMOP9_BC,1,100000,100160,495,15,15,100,100,20,0,0,0,0,9,100,100,15,15,11,/Users/lanai/Code/Matlab/PlatEMO/PlatEMO/Data/CCMO_GAN_BDG/A1_pair_cd_snapshots_run1_8w_20260608_150610/archive_objective_snapshots/snapshots/A1_pair_cd/LIRCMOP9_BC_run1/LIRCMOP9_BC_run1_targetFE100000_A1_pair_cd_archive_training.csv,/Users/lanai/Code/Matlab/PlatEMO/PlatEMO/Data/CCMO_GAN_BDG/A1_pair_cd_snapshots_run1_8w_20260608_150610/archive_objective_snapshots/figures/A1_pair_cd/LIRCMOP9_BC/A1_pair_cd_LIRCMOP9_BC_run1_FE100000_AF_GAN_objective.png
A1_pair_cd,global_af_nd,ai_dominates_af,pair_cd_conditioned,LIRCMOP10_BC,1,10000,10040,49,16,16,100,100,20,0,0,0,0,0,100,100,16,16,20,/Users/lanai/Code/Matlab/PlatEMO/PlatEMO/Data/CCMO_GAN_BDG/A1_pair_cd_snapshots_run1_8w_20260608_150610/archive_objective_snapshots/snapshots/A1_pair_cd/LIRCMOP10_BC_run1/LIRCMOP10_BC_run1_targetFE010000_A1_pair_cd_archive_training.csv,/Users/lanai/Code/Matlab/PlatEMO/PlatEMO/Data/CCMO_GAN_BDG/A1_pair_cd_snapshots_run1_8w_20260608_150610/archive_objective_snapshots/figures/A1_pair_cd/LIRCMOP10_BC/A1_pair_cd_LIRCMOP10_BC_run1_FE010000_AF_GAN_objective.png
A1_pair_cd,global_af_nd,ai_dominates_af,pair_cd_conditioned,LIRCMOP10_BC,1,20000,20140,99,2,2,100,100,20,0,0,0,0,2,100,100,2,2,18,/Users/lanai/Code/Matlab/PlatEMO/PlatEMO/Data/CCMO_GAN_BDG/A1_pair_cd_snapshots_run1_8w_20260608_150610/archive_objective_snapshots/snapshots/A1_pair_cd/LIRCMOP10_BC_run1/LIRCMOP10_BC_run1_targetFE020000_A1_pair_cd_archive_training.csv,/Users/lanai/Code/Matlab/PlatEMO/PlatEMO/Data/CCMO_GAN_BDG/A1_pair_cd_snapshots_run1_8w_20260608_150610/archive_objective_snapshots/figures/A1_pair_cd/LIRCMOP10_BC/A1_pair_cd_LIRCMOP10_BC_run1_FE020000_AF_GAN_objective.png
A1_pair_cd,global_af_nd,ai_dominates_af,pair_cd_conditioned,LIRCMOP10_BC,1,30000,30160,149,0,0,100,100,20,0,0,0,0,0,100,100,0,0,20,/Users/lanai/Code/Matlab/PlatEMO/PlatEMO/Data/CCMO_GAN_BDG/A1_pair_cd_snapshots_run1_8w_20260608_150610/archive_objective_snapshots/snapshots/A1_pair_cd/LIRCMOP10_BC_run1/LIRCMOP10_BC_run1_targetFE030000_A1_pair_cd_archive_training.csv,/Users/lanai/Code/Matlab/PlatEMO/PlatEMO/Data/CCMO_GAN_BDG/A1_pair_cd_snapshots_run1_8w_20260608_150610/archive_objective_snapshots/figures/A1_pair_cd/LIRCMOP10_BC/A1_pair_cd_LIRCMOP10_BC_run1_FE030000_AF_GAN_objective.png
A1_pair_cd,global_af_nd,ai_dominates_af,pair_cd_conditioned,LIRCMOP10_BC,1,40000,40000,198,4,4,100,100,20,0,0,0,0,0,100,100,4,4,20,/Users/lanai/Code/Matlab/PlatEMO/PlatEMO/Data/CCMO_GAN_BDG/A1_pair_cd_snapshots_run1_8w_20260608_150610/archive_objective_snapshots/snapshots/A1_pair_cd/LIRCMOP10_BC_run1/LIRCMOP10_BC_run1_targetFE040000_A1_pair_cd_archive_training.csv,/Users/lanai/Code/Matlab/PlatEMO/PlatEMO/Data/CCMO_GAN_BDG/A1_pair_cd_snapshots_run1_8w_20260608_150610/archive_objective_snapshots/figures/A1_pair_cd/LIRCMOP10_BC/A1_pair_cd_LIRCMOP10_BC_run1_FE040000_AF_GAN_objective.png
A1_pair_cd,global_af_nd,ai_dominates_af,pair_cd_conditioned,LIRCMOP10_BC,1,50000,50040,248,1,1,100,100,20,0,0,0,0,0,100,100,1,1,20,/Users/lanai/Code/Matlab/PlatEMO/PlatEMO/Data/CCMO_GAN_BDG/A1_pair_cd_snapshots_run1_8w_20260608_150610/archive_objective_snapshots/snapshots/A1_pair_cd/LIRCMOP10_BC_run1/LIRCMOP10_BC_run1_targetFE050000_A1_pair_cd_archive_training.csv,/Users/lanai/Code/Matlab/PlatEMO/PlatEMO/Data/CCMO_GAN_BDG/A1_pair_cd_snapshots_run1_8w_20260608_150610/archive_objective_snapshots/figures/A1_pair_cd/LIRCMOP10_BC/A1_pair_cd_LIRCMOP10_BC_run1_FE050000_AF_GAN_objective.png
A1_pair_cd,global_af_nd,ai_dominates_af,pair_cd_conditioned,LIRCMOP10_BC,1,60000,60120,298,1,1,100,100,20,0,0,0,0,0,100,100,1,1,20,/Users/lanai/Code/Matlab/PlatEMO/PlatEMO/Data/CCMO_GAN_BDG/A1_pair_cd_snapshots_run1_8w_20260608_150610/archive_objective_snapshots/snapshots/A1_pair_cd/LIRCMOP10_BC_run1/LIRCMOP10_BC_run1_targetFE060000_A1_pair_cd_archive_training.csv,/Users/lanai/Code/Matlab/PlatEMO/PlatEMO/Data/CCMO_GAN_BDG/A1_pair_cd_snapshots_run1_8w_20260608_150610/archive_objective_snapshots/figures/A1_pair_cd/LIRCMOP10_BC/A1_pair_cd_LIRCMOP10_BC_run1_FE060000_AF_GAN_objective.png
A1_pair_cd,global_af_nd,ai_dominates_af,pair_cd_conditioned,LIRCMOP10_BC,1,70000,70180,348,1,1,100,100,20,0,0,0,0,0,100,100,1,1,20,/Users/lanai/Code/Matlab/PlatEMO/PlatEMO/Data/CCMO_GAN_BDG/A1_pair_cd_snapshots_run1_8w_20260608_150610/archive_objective_snapshots/snapshots/A1_pair_cd/LIRCMOP10_BC_run1/LIRCMOP10_BC_run1_targetFE070000_A1_pair_cd_archive_training.csv,/Users/lanai/Code/Matlab/PlatEMO/PlatEMO/Data/CCMO_GAN_BDG/A1_pair_cd_snapshots_run1_8w_20260608_150610/archive_objective_snapshots/figures/A1_pair_cd/LIRCMOP10_BC/A1_pair_cd_LIRCMOP10_BC_run1_FE070000_AF_GAN_objective.png
A1_pair_cd,global_af_nd,ai_dominates_af,pair_cd_conditioned,LIRCMOP10_BC,1,80000,80040,397,1,1,100,100,20,0,0,0,0,0,100,100,1,1,20,/Users/lanai/Code/Matlab/PlatEMO/PlatEMO/Data/CCMO_GAN_BDG/A1_pair_cd_snapshots_run1_8w_20260608_150610/archive_objective_snapshots/snapshots/A1_pair_cd/LIRCMOP10_BC_run1/LIRCMOP10_BC_run1_targetFE080000_A1_pair_cd_archive_training.csv,/Users/lanai/Code/Matlab/PlatEMO/PlatEMO/Data/CCMO_GAN_BDG/A1_pair_cd_snapshots_run1_8w_20260608_150610/archive_objective_snapshots/figures/A1_pair_cd/LIRCMOP10_BC/A1_pair_cd_LIRCMOP10_BC_run1_FE080000_AF_GAN_objective.png
A1_pair_cd,global_af_nd,ai_dominates_af,pair_cd_conditioned,LIRCMOP10_BC,1,90000,90140,447,1,1,100,100,20,0,0,0,0,0,100,100,1,1,20,/Users/lanai/Code/Matlab/PlatEMO/PlatEMO/Data/CCMO_GAN_BDG/A1_pair_cd_snapshots_run1_8w_20260608_150610/archive_objective_snapshots/snapshots/A1_pair_cd/LIRCMOP10_BC_run1/LIRCMOP10_BC_run1_targetFE090000_A1_pair_cd_archive_training.csv,/Users/lanai/Code/Matlab/PlatEMO/PlatEMO/Data/CCMO_GAN_BDG/A1_pair_cd_snapshots_run1_8w_20260608_150610/archive_objective_snapshots/figures/A1_pair_cd/LIRCMOP10_BC/A1_pair_cd_LIRCMOP10_BC_run1_FE090000_AF_GAN_objective.png
A1_pair_cd,global_af_nd,ai_dominates_af,pair_cd_conditioned,LIRCMOP10_BC,1,100000,100020,496,1,1,100,100,20,0,0,0,0,0,100,100,1,1,20,/Users/lanai/Code/Matlab/PlatEMO/PlatEMO/Data/CCMO_GAN_BDG/A1_pair_cd_snapshots_run1_8w_20260608_150610/archive_objective_snapshots/snapshots/A1_pair_cd/LIRCMOP10_BC_run1/LIRCMOP10_BC_run1_targetFE100000_A1_pair_cd_archive_training.csv,/Users/lanai/Code/Matlab/PlatEMO/PlatEMO/Data/CCMO_GAN_BDG/A1_pair_cd_snapshots_run1_8w_20260608_150610/archive_objective_snapshots/figures/A1_pair_cd/LIRCMOP10_BC/A1_pair_cd_LIRCMOP10_BC_run1_FE100000_AF_GAN_objective.png
