variant,archiveParetoFilterMode,archivePairDirectionMode,archiveSourceCapMode,archivePairRefMode,trainFilterMode,conditionKNNRetainRatio,conditionMode,targetRealLabelMode,generatorMode,ganCriticMode,generatorLossMode,problem,family,run,seed,N,D,maxFE,target_FE,actual_FE,gen,has_GAN,AF_size,AI_size,BoundaryHit_all,ObjInterfaceScore,RefCov,DuplicateRate,GAN_to_Segment_Dist50,GAN_to_Segment_Dist90,GAN_to_Decision_Segment_Dist50,GAN_to_Decision_Segment_Dist90,GAN_to_AF_Dist90,AF_Cover_epsilon,AF_CoverEpsilon,PairCover_epsilon,PairCoverEpsilon,LargestClusterRate_epsilon,EffectiveClusterCount_epsilon,ClusterEpsilon,RawGANOutsideStandardRangeCount,RawGANFeasibleRate,InjectedCount,GAN_to_AF_ObjNN_mean,GAN_to_AF_ObjNN_median,GAN_to_AF_ObjNN_p90,GAN_to_AF_DecNN_mean,GAN_to_AF_DecNN_median,GAN_to_AF_DecNN_p90,RawGANVarClipRate
C4_keep80,ref_af_nd,af_not_dominates_ai,none,neighbor4,condition_knn,0.8,yt_dt,binary,objective_target_conditioned,target_conditioned,conditional_adversarial,DASCMOP1_BC,DASCMOP_BC,1,1,100,30,100000,10000,10100,41,1,41,41,0.03,0.147151776468577,0.31,0,3.79442459682557,11.6918549043714,0.120161757683513,0.168127235667374,11.6918549043714,0.0975609756097561,0.05,0.146341463414634,0.05,0.015,183.48623853211,0.05,73,0.2,NaN,5.41469158632765,3.88634711574728,11.6918549043714,0.131217719857441,0.128296823161362,0.174742783773129,0
C4_keep80,ref_af_nd,af_not_dominates_ai,none,neighbor4,condition_knn,0.8,yt_dt,binary,objective_target_conditioned,target_conditioned,conditional_adversarial,DASCMOP1_BC,DASCMOP_BC,1,1,100,30,100000,30000,30100,121,1,66,66,0.04,0.00590881934418173,0.26,0,2.13653974811861,5.80021634387694,0.0643878006425357,0.0905056960420629,5.80021634387694,0.136363636363636,0.05,0.303030303030303,0.05,0.02,176.991150442478,0.05,20,0.23,NaN,2.73759793484033,2.1720247149311,5.80021634387694,0.0717232148738823,0.0707980191427368,0.0931900397223767,0
C4_keep80,ref_af_nd,af_not_dominates_ai,none,neighbor4,condition_knn,0.8,yt_dt,binary,objective_target_conditioned,target_conditioned,conditional_adversarial,DASCMOP1_BC,DASCMOP_BC,1,1,100,30,100000,50000,50100,201,1,137,137,0.225,0.00392421166571876,0.76,0,0.091005515227535,0.247589512559662,0.0564082165724655,0.10038382219817,0.247718657579254,0.605839416058394,0.05,0.62043795620438,0.05,0.315,7.18648939992813,0.05,20,0.325,NaN,0.121233205553376,0.096301489384264,0.247718657579254,0.069783222264215,0.0625365342885486,0.105967380643086,0
C4_keep80,ref_af_nd,af_not_dominates_ai,none,neighbor4,condition_knn,0.8,yt_dt,binary,objective_target_conditioned,target_conditioned,conditional_adversarial,DASCMOP1_BC,DASCMOP_BC,1,1,100,30,100000,70000,70100,281,1,180,180,0.105,0.00111326462713842,0.76,0,0.0973934472760474,0.215856181987396,0.0452552670863179,0.0673009521741508,0.220073830232155,0.727777777777778,0.05,0.733333333333333,0.05,0.265,9.1533180778032,0.05,20,0.245,NaN,0.112232201761849,0.101890980612235,0.220073830232155,0.0518955387335517,0.0503785265370339,0.0700396429630142,0
C4_keep80,ref_af_nd,af_not_dominates_ai,none,neighbor4,condition_knn,0.8,yt_dt,binary,objective_target_conditioned,target_conditioned,conditional_adversarial,DASCMOP1_BC,DASCMOP_BC,1,1,100,30,100000,100000,100100,401,1,220,220,0.05,0.000358672363696619,0.73,0,0.0886223796340728,0.199581858762735,0.0448455148060273,0.0638337352743631,0.203086603763252,0.768181818181818,0.05,0.772727272727273,0.05,0.6,2.70745904968188,0.05,22,0.425,NaN,0.110569019256748,0.0919943678940596,0.203086603763252,0.0503720247963526,0.0492211666162768,0.0648519913223494,0
C4_keep80,ref_af_nd,af_not_dominates_ai,none,neighbor4,condition_knn,0.8,yt_dt,binary,objective_target_conditioned,target_conditioned,conditional_adversarial,DASCMOP1_BC,DASCMOP_BC,2,2,100,30,100000,10000,10000,41,1,90,90,0.19,0.0621417584955085,0.55,0,0.414527627935189,3.08356101239198,0.101272877630228,0.164443167956021,3.08356101239198,0.388888888888889,0.05,0.477777777777778,0.05,0.08,59.1715976331361,0.05,76,0.13,NaN,1.11254488337202,0.414556099024072,3.08356101239198,0.121782696705147,0.115122609251556,0.176695667382003,0
C4_keep80,ref_af_nd,af_not_dominates_ai,none,neighbor4,condition_knn,0.8,yt_dt,binary,objective_target_conditioned,target_conditioned,conditional_adversarial,DASCMOP1_BC,DASCMOP_BC,2,2,100,30,100000,30000,30000,121,1,152,152,0.13,0.00106425804859877,0.7,0,0.104056835469776,0.245817746907694,0.0450072356675918,0.0882559822411482,0.249123103710711,0.736842105263158,0.05,0.776315789473684,0.05,0.415,5.28401585204756,0.05,17,0.295,NaN,0.133169045586725,0.108625193596359,0.249123103710711,0.0611467796522939,0.0567313019563753,0.093119399581325,0
C4_keep80,ref_af_nd,af_not_dominates_ai,none,neighbor4,condition_knn,0.8,yt_dt,binary,objective_target_conditioned,target_conditioned,conditional_adversarial,DASCMOP1_BC,DASCMOP_BC,2,2,100,30,100000,50000,50000,201,1,192,192,0.16,0.00389084769020975,0.68,0,0.0708567646450922,0.167361939589247,0.0379318109087291,0.0644311815011988,0.170381214102605,0.796875,0.05,0.807291666666667,0.05,0.675,2.16966804078976,0.05,14,0.35,NaN,0.0880713642679889,0.0717989911668989,0.170381214102605,0.0466515694249561,0.0423069504648033,0.06742864735543,0
C4_keep80,ref_af_nd,af_not_dominates_ai,none,neighbor4,condition_knn,0.8,yt_dt,binary,objective_target_conditioned,target_conditioned,conditional_adversarial,DASCMOP1_BC,DASCMOP_BC,2,2,100,30,100000,70000,70000,281,1,204,204,0.155,0.00207537875131927,0.66,0,0.0643985555213281,0.168182085637135,0.038825026636788,0.0632629047216896,0.168182085637135,0.803921568627451,0.05,0.803921568627451,0.05,0.68,2.10084033613445,0.05,17,0.295,NaN,0.0853875320362452,0.0654720740207961,0.168182085637135,0.0471458205425898,0.0436201300783172,0.068788786431196,0
C4_keep80,ref_af_nd,af_not_dominates_ai,none,neighbor4,condition_knn,0.8,yt_dt,binary,objective_target_conditioned,target_conditioned,conditional_adversarial,DASCMOP1_BC,DASCMOP_BC,2,2,100,30,100000,100000,100000,401,1,233,233,0.155,0.00110522793292395,0.72,0,0.049737977765522,0.152502096847123,0.0367003486151834,0.0559535820837953,0.154475198943033,0.802575107296137,0.05,0.802575107296137,0.05,0.67,2.06483584555028,0.05,11,0.32,NaN,0.0700749724706007,0.0524274511212173,0.154475198943033,0.0422595687568661,0.0410155576311977,0.0612679670711736,0
C4_keep80,ref_af_nd,af_not_dominates_ai,none,neighbor4,condition_knn,0.8,yt_dt,binary,objective_target_conditioned,target_conditioned,conditional_adversarial,DASCMOP1_BC,DASCMOP_BC,3,3,100,30,100000,10000,10100,41,1,49,49,0.105,0.231764047938009,0.22,0,1.98347962034439,5.92265042893036,0.13399301667209,0.184122602945251,5.92265042893036,0.387755102040816,0.05,0.571428571428571,0.05,0.02,163.934426229508,0.05,32,0.315,NaN,2.84255810003259,2.03795092266307,5.92265042893036,0.144570858541908,0.145940795256452,0.190646206097851,0
C4_keep80,ref_af_nd,af_not_dominates_ai,none,neighbor4,condition_knn,0.8,yt_dt,binary,objective_target_conditioned,target_conditioned,conditional_adversarial,DASCMOP1_BC,DASCMOP_BC,3,3,100,30,100000,30000,30100,121,1,130,130,0.115,0.00333803565722509,0.81,0,0.157968567338737,0.332376806256252,0.058572159443622,0.104965456811987,0.342536599120223,0.653846153846154,0.05,0.692307692307692,0.05,0.26,9.92063492063492,0.05,42,0.265,NaN,0.193113286611871,0.166922556641008,0.342536599120223,0.0732614454142522,0.0646558525028617,0.108852248232708,0
C4_keep80,ref_af_nd,af_not_dominates_ai,none,neighbor4,condition_knn,0.8,yt_dt,binary,objective_target_conditioned,target_conditioned,conditional_adversarial,DASCMOP1_BC,DASCMOP_BC,3,3,100,30,100000,50000,50100,201,1,185,185,0.07,0.00188209932697867,0.69,0,0.107695223537944,0.214604703750861,0.0412229830667847,0.0586972307043355,0.218945564228082,0.691891891891892,0.05,0.718918918918919,0.05,0.625,2.46062992125984,0.05,12,0.275,NaN,0.116226651418117,0.109926079696877,0.218945564228082,0.0462974799724957,0.0449137766227526,0.061174760800806,0
C4_keep80,ref_af_nd,af_not_dominates_ai,none,neighbor4,condition_knn,0.8,yt_dt,binary,objective_target_conditioned,target_conditioned,conditional_adversarial,DASCMOP1_BC,DASCMOP_BC,3,3,100,30,100000,70000,70100,281,1,206,206,0.1,0.00159226501259777,0.74,0,0.0759344767835983,0.177275049006484,0.0413780635926157,0.0632214467090344,0.183906922533659,0.742718446601942,0.05,0.747572815533981,0.05,0.465,3.6556388228843,0.05,9,0.255,NaN,0.0987270679280779,0.0833315612456198,0.183906922533659,0.0487179802784851,0.0474924449973633,0.0698042347301805,0
C4_keep80,ref_af_nd,af_not_dominates_ai,none,neighbor4,condition_knn,0.8,yt_dt,binary,objective_target_conditioned,target_conditioned,conditional_adversarial,DASCMOP1_BC,DASCMOP_BC,3,3,100,30,100000,100000,100100,401,1,232,232,0.08,0.000160755425373272,0.66,0,0.0872243845581789,0.222543047069896,0.0390913626989088,0.0531752727007143,0.222543047069896,0.758620689655172,0.05,0.78448275862069,0.05,0.685,2.11193241816262,0.05,19,0.375,NaN,0.115394061058719,0.0890260058842181,0.222543047069896,0.0430258195409492,0.0431020662348684,0.0572279413694917,0
C4_keep80,ref_af_nd,af_not_dominates_ai,none,neighbor4,condition_knn,0.8,yt_dt,binary,objective_target_conditioned,target_conditioned,conditional_adversarial,DASCMOP2_BC,DASCMOP_BC,1,1,100,30,100000,10000,10050,41,1,29,29,0.01,0.114042626763147,0.25,0,8.20828758820717,19.6354189401578,0.108610742667903,0.155496436938397,19.6354189401578,0.137931034482759,0.05,0.137931034482759,0.05,0.01,188.679245283019,0.05,78,0.155,NaN,9.96022897496624,8.2084808349493,19.6354189401578,0.124789993097043,0.119044486687569,0.158093319485106,0
C4_keep80,ref_af_nd,af_not_dominates_ai,none,neighbor4,condition_knn,0.8,yt_dt,binary,objective_target_conditioned,target_conditioned,conditional_adversarial,DASCMOP2_BC,DASCMOP_BC,1,1,100,30,100000,30000,30050,121,1,92,92,0.075,0.00294168054937145,0.65,0,0.316485880951345,0.951476361246295,0.0848020245560322,0.115954702899742,0.951476361246295,0.782608695652174,0.05,0.804347826086957,0.05,0.065,50,0.05,11,0.285,NaN,0.439597439836157,0.320515379007574,0.951476361246295,0.0962974464962371,0.0953587193893409,0.120504042695209,0
C4_keep80,ref_af_nd,af_not_dominates_ai,none,neighbor4,condition_knn,0.8,yt_dt,binary,objective_target_conditioned,target_conditioned,conditional_adversarial,DASCMOP2_BC,DASCMOP_BC,1,1,100,30,100000,50000,50050,201,1,138,138,0.045,4.66123186511148e-05,0.74,0,0.264729601842461,0.561496391808298,0.0676270264008104,0.0923154399629549,0.564657121646879,0.644927536231884,0.05,0.659420289855073,0.05,0.085,47.6190476190476,0.05,57,0.25,NaN,0.31243389223314,0.270607321002478,0.564657121646879,0.0784557082212494,0.0766164247954997,0.100204229851659,0
C4_keep80,ref_af_nd,af_not_dominates_ai,none,neighbor4,condition_knn,0.8,yt_dt,binary,objective_target_conditioned,target_conditioned,conditional_adversarial,DASCMOP2_BC,DASCMOP_BC,1,1,100,30,100000,70000,70050,281,1,181,181,0.065,1.55497303277636e-05,0.7,0,0.21071549460805,0.477266114112955,0.0629587519968369,0.0924299635783617,0.480149993108893,0.756906077348066,0.05,0.762430939226519,0.05,0.195,19.8609731876862,0.05,45,0.3,NaN,0.248745353890668,0.218910515678309,0.480149993108893,0.0757416158177493,0.0718349811574763,0.100447558520665,0
C4_keep80,ref_af_nd,af_not_dominates_ai,none,neighbor4,condition_knn,0.8,yt_dt,binary,objective_target_conditioned,target_conditioned,conditional_adversarial,DASCMOP2_BC,DASCMOP_BC,1,1,100,30,100000,100000,100050,401,1,218,218,0.07,0.000730088528363896,0.78,0,0.192696935179448,0.549084790472066,0.0742324718181843,0.105857581017176,0.549084790472066,0.669724770642202,0.05,0.678899082568807,0.05,0.14,24.2718446601942,0.05,42,0.43,NaN,0.260236798377026,0.19751483875845,0.549084790472066,0.0857971385009334,0.0845980469656838,0.116977121577423,0
C4_keep80,ref_af_nd,af_not_dominates_ai,none,neighbor4,condition_knn,0.8,yt_dt,binary,objective_target_conditioned,target_conditioned,conditional_adversarial,DASCMOP2_BC,DASCMOP_BC,2,2,100,30,100000,10000,10000,41,1,81,81,0.105,0.034195624278909,0.65,0,0.34499797369183,2.2664184349761,0.0936545302727087,0.142974767632217,2.2664184349761,0.567901234567901,0.05,0.62962962962963,0.05,0.03,102.040816326531,0.05,42,0.32,NaN,0.88526061322906,0.356774650254555,2.2664184349761,0.108088440465639,0.103057951707973,0.149761498251514,0
C4_keep80,ref_af_nd,af_not_dominates_ai,none,neighbor4,condition_knn,0.8,yt_dt,binary,objective_target_conditioned,target_conditioned,conditional_adversarial,DASCMOP2_BC,DASCMOP_BC,2,2,100,30,100000,30000,30000,121,1,118,118,0.075,0.000593911064520512,0.74,0,0.217847454283294,0.489087195125285,0.0658896737429693,0.0987567225640451,0.494614391780245,0.601694915254237,0.05,0.661016949152542,0.05,0.04,56.0224089635855,0.05,73,0.28,NaN,0.263007387594964,0.232971630870422,0.494614391780245,0.0782666406600603,0.0762086201647534,0.105453996754481,0
C4_keep80,ref_af_nd,af_not_dominates_ai,none,neighbor4,condition_knn,0.8,yt_dt,binary,objective_target_conditioned,target_conditioned,conditional_adversarial,DASCMOP2_BC,DASCMOP_BC,2,2,100,30,100000,50000,50000,201,1,148,148,0.045,0.000104683200618847,0.73,0,0.212134796000515,0.480202082607197,0.0621121965988174,0.0955849551017187,0.486343729833302,0.405405405405405,0.05,0.459459459459459,0.05,0.18,18.5873605947955,0.05,45,0.295,NaN,0.255708535646589,0.217418891517864,0.486343729833302,0.0725471760890131,0.0682356728567633,0.102765642609677,0
C4_keep80,ref_af_nd,af_not_dominates_ai,none,neighbor4,condition_knn,0.8,yt_dt,binary,objective_target_conditioned,target_conditioned,conditional_adversarial,DASCMOP2_BC,DASCMOP_BC,2,2,100,30,100000,70000,70000,281,1,169,169,0.07,0.000242349871535035,0.76,0,0.214933573359918,0.471106352413736,0.0614289383366488,0.0900581489995233,0.479808615659948,0.680473372781065,0.05,0.698224852071006,0.05,0.065,38.9105058365759,0.05,66,0.33,NaN,0.246036878554984,0.219290343221314,0.479808615659948,0.0732797285224138,0.069992784162906,0.098852617885724,0
C4_keep80,ref_af_nd,af_not_dominates_ai,none,neighbor4,condition_knn,0.8,yt_dt,binary,objective_target_conditioned,target_conditioned,conditional_adversarial,DASCMOP2_BC,DASCMOP_BC,2,2,100,30,100000,100000,100000,401,1,201,201,0.04,0.000202803963743382,0.71,0,0.169425823071567,0.372661271663378,0.0584031181187538,0.0876816872167516,0.375486152787721,0.791044776119403,0.05,0.81592039800995,0.05,0.075,35.650623885918,0.05,43,0.32,NaN,0.204726090030505,0.1723837670717,0.375486152787721,0.0690081302964671,0.0654473141403124,0.0947038052058516,0
C4_keep80,ref_af_nd,af_not_dominates_ai,none,neighbor4,condition_knn,0.8,yt_dt,binary,objective_target_conditioned,target_conditioned,conditional_adversarial,DASCMOP2_BC,DASCMOP_BC,3,3,100,30,100000,10000,10100,41,1,82,82,0.145,0.0877867343237916,0.56,0,0.341142620674524,1.80880896973376,0.0937519338073281,0.142818843268302,1.80880896973376,0.353658536585366,0.05,0.353658536585366,0.05,0.405,5.83430571761961,0.05,17,0.475,NaN,0.674721687527356,0.342358513587047,1.80880896973376,0.103212843667261,0.0983123016624044,0.143713663742779,0
C4_keep80,ref_af_nd,af_not_dominates_ai,none,neighbor4,condition_knn,0.8,yt_dt,binary,objective_target_conditioned,target_conditioned,conditional_adversarial,DASCMOP2_BC,DASCMOP_BC,3,3,100,30,100000,30000,30100,121,1,120,120,0.095,0.00444999634911552,0.68,0,0.230941167836493,0.549277736534818,0.0657783469538189,0.0955464618231764,0.553392507854016,0.758333333333333,0.05,0.8,0.05,0.16,23.4466588511137,0.05,39,0.385,NaN,0.278308200380682,0.236418628439823,0.553392507854016,0.0778419175362748,0.0773956956694934,0.110054762060958,0
C4_keep80,ref_af_nd,af_not_dominates_ai,none,neighbor4,condition_knn,0.8,yt_dt,binary,objective_target_conditioned,target_conditioned,conditional_adversarial,DASCMOP2_BC,DASCMOP_BC,3,3,100,30,100000,50000,50100,201,1,166,166,0.105,0.000745907792202026,0.73,0,0.137476104105515,0.461569077821976,0.0571982395226709,0.0942765263039894,0.461771969882652,0.692771084337349,0.05,0.704819277108434,0.05,0.375,6.21697233447311,0.05,45,0.435,NaN,0.205866903682875,0.141013876177249,0.461771969882652,0.0706755622822052,0.0690259787664548,0.105272721721135,0
C4_keep80,ref_af_nd,af_not_dominates_ai,none,neighbor4,condition_knn,0.8,yt_dt,binary,objective_target_conditioned,target_conditioned,conditional_adversarial,DASCMOP2_BC,DASCMOP_BC,3,3,100,30,100000,70000,70100,281,1,185,185,0.07,8.29251993509383e-05,0.73,0,0.158105766911632,0.297062148445407,0.0585410099501775,0.0822847104646092,0.301890528174508,0.767567567567568,0.05,0.789189189189189,0.05,0.245,11.5141047783535,0.05,55,0.335,NaN,0.167935048837724,0.161743718912694,0.301890528174508,0.0654549810014793,0.0667736659265995,0.0930208456577346,0
C4_keep80,ref_af_nd,af_not_dominates_ai,none,neighbor4,condition_knn,0.8,yt_dt,binary,objective_target_conditioned,target_conditioned,conditional_adversarial,DASCMOP2_BC,DASCMOP_BC,3,3,100,30,100000,100000,100100,401,1,209,209,0.115,0.000461323300610224,0.73,0,0.0966238593348431,0.287841535746698,0.0653130749067852,0.0966917489378496,0.287841535746698,0.875598086124402,0.05,0.894736842105263,0.05,0.43,5.1413881748072,0.05,33,0.36,NaN,0.132867874149089,0.0990384952928383,0.287841535746698,0.0710722226824293,0.0716784100754221,0.105007850646667,0
C4_keep80,ref_af_nd,af_not_dominates_ai,none,neighbor4,condition_knn,0.8,yt_dt,binary,objective_target_conditioned,target_conditioned,conditional_adversarial,DASCMOP4_BC,DASCMOP_BC,1,1,100,30,100000,10000,10000,49,0,0,0,NaN,NaN,NaN,NaN,NaN,NaN,NaN,NaN,NaN,NaN,0.05,NaN,0.05,NaN,NaN,0.05,NaN,NaN,NaN,NaN,NaN,NaN,NaN,NaN,NaN,NaN
C4_keep80,ref_af_nd,af_not_dominates_ai,none,neighbor4,condition_knn,0.8,yt_dt,binary,objective_target_conditioned,target_conditioned,conditional_adversarial,DASCMOP4_BC,DASCMOP_BC,1,1,100,30,100000,30000,30000,149,0,0,0,NaN,NaN,NaN,NaN,NaN,NaN,NaN,NaN,NaN,NaN,0.05,NaN,0.05,NaN,NaN,0.05,NaN,NaN,NaN,NaN,NaN,NaN,NaN,NaN,NaN,NaN
C4_keep80,ref_af_nd,af_not_dominates_ai,none,neighbor4,condition_knn,0.8,yt_dt,binary,objective_target_conditioned,target_conditioned,conditional_adversarial,DASCMOP4_BC,DASCMOP_BC,1,1,100,30,100000,50000,50150,230,1,68,68,0,0,0.25,0,7.37496202055169,10.3714733411342,0.00981381168441021,0.0131906710903261,10.3734074699293,0,0.05,0,0.05,0.015,162.60162601626,0.05,200,0,NaN,7.55809488700638,7.3836233963979,10.3734074699293,0.012705295176597,0.0124081665248616,0.0168675794264884,0
C4_keep80,ref_af_nd,af_not_dominates_ai,none,neighbor4,condition_knn,0.8,yt_dt,binary,objective_target_conditioned,target_conditioned,conditional_adversarial,DASCMOP4_BC,DASCMOP_BC,1,1,100,30,100000,70000,70150,310,1,88,88,0,0,0.22,0,6.09621944314235,10.8366546692118,0.00977601469327862,0.0140080317152413,10.8664823127278,0,0.05,0,0.05,0.02,125,0.05,200,0,NaN,6.48375077980855,6.1653655693292,10.8664823127278,0.0111417695517018,0.0106727732542596,0.0159337620309751,0
C4_keep80,ref_af_nd,af_not_dominates_ai,none,neighbor4,condition_knn,0.8,yt_dt,binary,objective_target_conditioned,target_conditioned,conditional_adversarial,DASCMOP4_BC,DASCMOP_BC,1,1,100,30,100000,100000,100150,430,1,113,113,0,0,0.26,0,3.62540886660857,6.1128154645057,0.00814621937000085,0.0118415759273225,6.1128154645057,0,0.05,0,0.05,0.025,117.647058823529,0.05,195,0,NaN,3.76698565479373,3.65233544935166,6.1128154645057,0.00952198137494179,0.00930650013850477,0.012737703614338,0
C4_keep80,ref_af_nd,af_not_dominates_ai,none,neighbor4,condition_knn,0.8,yt_dt,binary,objective_target_conditioned,target_conditioned,conditional_adversarial,DASCMOP4_BC,DASCMOP_BC,2,2,100,30,100000,10000,10000,49,0,0,0,NaN,NaN,NaN,NaN,NaN,NaN,NaN,NaN,NaN,NaN,0.05,NaN,0.05,NaN,NaN,0.05,NaN,NaN,NaN,NaN,NaN,NaN,NaN,NaN,NaN,NaN
C4_keep80,ref_af_nd,af_not_dominates_ai,none,neighbor4,condition_knn,0.8,yt_dt,binary,objective_target_conditioned,target_conditioned,conditional_adversarial,DASCMOP4_BC,DASCMOP_BC,2,2,100,30,100000,30000,30150,137,1,26,26,0,0,0.07,0,27.5863105798334,40.8114002507375,0.0220873664658645,0.0341152412215873,40.8725697089016,0,0.05,0,0.05,0.015,180.18018018018,0.05,200,0,NaN,27.5548457305801,27.7780273232162,40.8725697089016,0.0236374718475813,0.0223496932816488,0.0341159461454162,0
C4_keep80,ref_af_nd,af_not_dominates_ai,none,neighbor4,condition_knn,0.8,yt_dt,binary,objective_target_conditioned,target_conditioned,conditional_adversarial,DASCMOP4_BC,DASCMOP_BC,2,2,100,30,100000,50000,50150,217,1,56,56,0.035,0.000484492023100884,0.41,0,2.17811942000132,5.35459645401309,0.00729517479759632,0.0103553280236751,5.36761521075534,0.0357142857142857,0.05,0.0535714285714286,0.05,0.025,114.942528735632,0.05,161,0.015,NaN,2.67018044802465,2.19440828656185,5.36761521075534,0.00816349038637479,0.00777960472349496,0.011279348947037,0
C4_keep80,ref_af_nd,af_not_dominates_ai,none,neighbor4,condition_knn,0.8,yt_dt,binary,objective_target_conditioned,target_conditioned,conditional_adversarial,DASCMOP4_BC,DASCMOP_BC,2,2,100,30,100000,70000,70150,297,1,66,66,0,0,0.3,0,4.1707129578845,7.28437511144183,0.00911036620638818,0.0119906878583567,7.34761146062411,0,0.05,0,0.05,0.025,129.87012987013,0.05,198,0,NaN,4.69720206953336,4.23927212893265,7.34761146062411,0.010424850420406,0.0100593650568452,0.013421308273567,0
C4_keep80,ref_af_nd,af_not_dominates_ai,none,neighbor4,condition_knn,0.8,yt_dt,binary,objective_target_conditioned,target_conditioned,conditional_adversarial,DASCMOP4_BC,DASCMOP_BC,2,2,100,30,100000,100000,100150,417,1,99,99,0,0,0.29,0,4.9520680020143,9.41969849814473,0.00996385947751091,0.0152060990584878,9.44352790325051,0,0.05,0,0.05,0.02,142.857142857143,0.05,199,0,NaN,5.39241670071007,5.04938000000706,9.44352790325051,0.0120000771706079,0.0113443074284666,0.0174867666162718,0
C4_keep80,ref_af_nd,af_not_dominates_ai,none,neighbor4,condition_knn,0.8,yt_dt,binary,objective_target_conditioned,target_conditioned,conditional_adversarial,DASCMOP4_BC,DASCMOP_BC,3,3,100,30,100000,10000,10000,49,0,0,0,NaN,NaN,NaN,NaN,NaN,NaN,NaN,NaN,NaN,NaN,0.05,NaN,0.05,NaN,NaN,0.05,NaN,NaN,NaN,NaN,NaN,NaN,NaN,NaN,NaN,NaN
C4_keep80,ref_af_nd,af_not_dominates_ai,none,neighbor4,condition_knn,0.8,yt_dt,binary,objective_target_conditioned,target_conditioned,conditional_adversarial,DASCMOP4_BC,DASCMOP_BC,3,3,100,30,100000,30000,30100,137,1,43,43,0,0,0.08,0,14.4115177096616,24.2072275850873,0.0178371361709352,0.0280011181548247,24.2072275850873,0,0.05,0,0.05,0.01,185.185185185185,0.05,200,0,NaN,14.9806520126112,14.4374381894865,24.2072275850873,0.0202902818573826,0.01867546415602,0.0298454013744031,0
C4_keep80,ref_af_nd,af_not_dominates_ai,none,neighbor4,condition_knn,0.8,yt_dt,binary,objective_target_conditioned,target_conditioned,conditional_adversarial,DASCMOP4_BC,DASCMOP_BC,3,3,100,30,100000,50000,50100,217,1,64,64,0,0,0.3,0,6.51005304275484,12.3606128906903,0.011009752381337,0.016153022958272,12.3703808151759,0,0.05,0,0.05,0.02,144.927536231884,0.05,200,0,NaN,7.47808337716384,6.59506700589753,12.3703808151759,0.0129536269853386,0.0120981022223076,0.0176953549418133,0
C4_keep80,ref_af_nd,af_not_dominates_ai,none,neighbor4,condition_knn,0.8,yt_dt,binary,objective_target_conditioned,target_conditioned,conditional_adversarial,DASCMOP4_BC,DASCMOP_BC,3,3,100,30,100000,70000,70100,297,1,73,73,0,0,0.28,0,5.84592544620697,9.94077908360136,0.0104177197849529,0.0161617471384173,9.94077908360136,0,0.05,0,0.05,0.015,158.730158730159,0.05,200,0,NaN,6.32464459053209,5.85241728314264,9.94077908360136,0.012738877014259,0.0120640013988792,0.0176961567688339,0
C4_keep80,ref_af_nd,af_not_dominates_ai,none,neighbor4,condition_knn,0.8,yt_dt,binary,objective_target_conditioned,target_conditioned,conditional_adversarial,DASCMOP4_BC,DASCMOP_BC,3,3,100,30,100000,100000,100100,417,1,139,139,1,0,0.36,0,7.46697340124596,12.2503383508772,0.0113592922084676,0.0192615737037625,12.2503383508772,0,0.05,0,0.05,0.015,163.934426229508,0.05,198,0,NaN,7.44213292365494,7.47658496912096,12.2503383508772,0.0153270439453695,0.0148350113998971,0.0243474082860292,0
C4_keep80,ref_af_nd,af_not_dominates_ai,none,neighbor4,condition_knn,0.8,yt_dt,binary,objective_target_conditioned,target_conditioned,conditional_adversarial,DASCMOP5_BC,DASCMOP_BC,1,1,100,30,100000,10000,10000,49,0,0,0,NaN,NaN,NaN,NaN,NaN,NaN,NaN,NaN,NaN,NaN,0.05,NaN,0.05,NaN,NaN,0.05,NaN,NaN,NaN,NaN,NaN,NaN,NaN,NaN,NaN,NaN
C4_keep80,ref_af_nd,af_not_dominates_ai,none,neighbor4,condition_knn,0.8,yt_dt,binary,objective_target_conditioned,target_conditioned,conditional_adversarial,DASCMOP5_BC,DASCMOP_BC,1,1,100,30,100000,30000,30100,136,1,73,73,0,0,0.29,0,4.93229382524412,10.5019080664013,0.00954846608732897,0.01931467335164,10.5019080664013,0,0.05,0,0.05,0.015,161.290322580645,0.05,196,0,NaN,5.94912308779688,4.94702397117339,10.5019080664013,0.0110672951684381,0.00969421113021183,0.0193631549949209,0
C4_keep80,ref_af_nd,af_not_dominates_ai,none,neighbor4,condition_knn,0.8,yt_dt,binary,objective_target_conditioned,target_conditioned,conditional_adversarial,DASCMOP5_BC,DASCMOP_BC,1,1,100,30,100000,50000,50100,216,1,82,82,0,0,0.43,0,6.90548840098317,10.8639939060066,0.0115493586315162,0.0257556465015304,10.8639939060066,0,0.05,0,0.05,0.02,143.884892086331,0.05,198,0,NaN,6.7173938002871,6.93268964431307,10.8639939060066,0.016999140663408,0.0140756216069849,0.0332474754026514,0
C4_keep80,ref_af_nd,af_not_dominates_ai,none,neighbor4,condition_knn,0.8,yt_dt,binary,objective_target_conditioned,target_conditioned,conditional_adversarial,DASCMOP5_BC,DASCMOP_BC,1,1,100,30,100000,70000,70100,296,1,85,85,0,0,0.27,0,9.23306621426867,15.9672450516689,0.0159488861042257,0.0238220181998678,15.9672450516689,0,0.05,0,0.05,0.025,129.87012987013,0.05,200,0,NaN,10.4119240104244,9.23321149071996,15.9672450516689,0.0181025757254143,0.0164141310967151,0.0247246711743384,0
C4_keep80,ref_af_nd,af_not_dominates_ai,none,neighbor4,condition_knn,0.8,yt_dt,binary,objective_target_conditioned,target_conditioned,conditional_adversarial,DASCMOP5_BC,DASCMOP_BC,1,1,100,30,100000,100000,100100,416,1,101,101,0,0,0.28,0,7.50493610256704,13.8856091034081,0.0119144536780104,0.0174116315590394,13.8856091034081,0,0.05,0,0.05,0.02,168.067226890756,0.05,200,0,NaN,8.40506714511704,7.54055814246726,13.8856091034081,0.0141454373851859,0.013749479082528,0.0187503937491256,0
C4_keep80,ref_af_nd,af_not_dominates_ai,none,neighbor4,condition_knn,0.8,yt_dt,binary,objective_target_conditioned,target_conditioned,conditional_adversarial,DASCMOP5_BC,DASCMOP_BC,2,2,100,30,100000,10000,10000,49,0,0,0,NaN,NaN,NaN,NaN,NaN,NaN,NaN,NaN,NaN,NaN,0.05,NaN,0.05,NaN,NaN,0.05,NaN,NaN,NaN,NaN,NaN,NaN,NaN,NaN,NaN,NaN
C4_keep80,ref_af_nd,af_not_dominates_ai,none,neighbor4,condition_knn,0.8,yt_dt,binary,objective_target_conditioned,target_conditioned,conditional_adversarial,DASCMOP5_BC,DASCMOP_BC,2,2,100,30,100000,30000,30100,140,1,18,18,1,0,0.05,0,57.9632433827654,90.4320045690967,0.017903327599547,0.0257368951935576,90.4345028836,0,0.05,0,0.05,0.01,192.307692307692,0.05,200,0,NaN,61.2922707993541,58.1378221391596,90.4345028836,0.0193912652381754,0.0182910523326187,0.0271434156745558,0
C4_keep80,ref_af_nd,af_not_dominates_ai,none,neighbor4,condition_knn,0.8,yt_dt,binary,objective_target_conditioned,target_conditioned,conditional_adversarial,DASCMOP5_BC,DASCMOP_BC,2,2,100,30,100000,50000,50100,220,1,69,69,0,0,0.27,0,6.28928138079416,12.5451472094652,0.0122696618962016,0.0201180198888078,12.5523414267412,0,0.05,0,0.05,0.015,169.491525423729,0.05,200,0,NaN,7.2401557055175,6.33005346327794,12.5523414267412,0.0154332760575026,0.014807792084649,0.0213185646742989,0
C4_keep80,ref_af_nd,af_not_dominates_ai,none,neighbor4,condition_knn,0.8,yt_dt,binary,objective_target_conditioned,target_conditioned,conditional_adversarial,DASCMOP5_BC,DASCMOP_BC,2,2,100,30,100000,70000,70100,300,1,85,85,0,0,0.27,0,10.2153219287584,18.0234388291339,0.0130409563508294,0.0218480307833079,18.0234388291339,0,0.05,0,0.05,0.02,170.940170940171,0.05,200,0,NaN,10.8446526549478,10.2212328714537,18.0234388291339,0.0154968900685069,0.0146819655971562,0.0224667056402585,0
C4_keep80,ref_af_nd,af_not_dominates_ai,none,neighbor4,condition_knn,0.8,yt_dt,binary,objective_target_conditioned,target_conditioned,conditional_adversarial,DASCMOP5_BC,DASCMOP_BC,2,2,100,30,100000,100000,100100,420,1,82,82,0,0,0.21,0,12.6907602320743,17.4983392033428,0.0134360733295807,0.017548475716319,17.4983392033428,0,0.05,0,0.05,0.015,163.934426229508,0.05,200,0,NaN,13.161428813115,12.7547915595616,17.4983392033428,0.0156792821167083,0.0151447706640599,0.0191055431923887,0
C4_keep80,ref_af_nd,af_not_dominates_ai,none,neighbor4,condition_knn,0.8,yt_dt,binary,objective_target_conditioned,target_conditioned,conditional_adversarial,DASCMOP5_BC,DASCMOP_BC,3,3,100,30,100000,10000,10000,49,0,0,0,NaN,NaN,NaN,NaN,NaN,NaN,NaN,NaN,NaN,NaN,0.05,NaN,0.05,NaN,NaN,0.05,NaN,NaN,NaN,NaN,NaN,NaN,NaN,NaN,NaN,NaN
C4_keep80,ref_af_nd,af_not_dominates_ai,none,neighbor4,condition_knn,0.8,yt_dt,binary,objective_target_conditioned,target_conditioned,conditional_adversarial,DASCMOP5_BC,DASCMOP_BC,3,3,100,30,100000,30000,30150,132,1,34,34,0,0,0.11,0,8.91883156564419,21.9762722776164,0.0111420818935244,0.0207057746243956,21.9762722776164,0,0.05,0,0.05,0.015,175.438596491228,0.05,200,0,NaN,11.5633098568969,9.05208391783547,21.9762722776164,0.0138787117373719,0.0123043371141808,0.0207649510007615,0
C4_keep80,ref_af_nd,af_not_dominates_ai,none,neighbor4,condition_knn,0.8,yt_dt,binary,objective_target_conditioned,target_conditioned,conditional_adversarial,DASCMOP5_BC,DASCMOP_BC,3,3,100,30,100000,50000,50150,212,1,48,48,0.01,0.000321119385201724,0.3,0,3.02351885453112,8.81214271683891,0.00805412070211201,0.0142326204661356,8.81214271683891,0.0416666666666667,0.05,0.0416666666666667,0.05,0.02,151.515151515151,0.05,167,0.015,NaN,4.09610800279545,3.04175513855785,8.81214271683891,0.00995854947945147,0.00907461093549107,0.0153927540392313,0
C4_keep80,ref_af_nd,af_not_dominates_ai,none,neighbor4,condition_knn,0.8,yt_dt,binary,objective_target_conditioned,target_conditioned,conditional_adversarial,DASCMOP5_BC,DASCMOP_BC,3,3,100,30,100000,70000,70150,292,1,74,74,0,0.000195408249335925,0.22,0,4.00523458317047,10.7301172228227,0.00850235533222211,0.0146740225090786,10.7301172228227,0,0.05,0,0.05,0.03,133.333333333333,0.05,187,0.005,NaN,5.301212938,4.04135506209243,10.7301172228227,0.0102581872213157,0.00939549093871051,0.0150963278537399,0
C4_keep80,ref_af_nd,af_not_dominates_ai,none,neighbor4,condition_knn,0.8,yt_dt,binary,objective_target_conditioned,target_conditioned,conditional_adversarial,DASCMOP5_BC,DASCMOP_BC,3,3,100,30,100000,100000,100150,412,1,142,142,0.005,0.000491500141229908,0.32,0,3.42203540518416,8.33810697271674,0.00783747849351383,0.0127305253162411,8.36754305324276,0.0140845070422535,0.05,0.0140845070422535,0.05,0.03,136.054421768707,0.05,155,0.08,NaN,4.15041928287337,3.49551744098559,8.36754305324276,0.00929295590489072,0.00904277988573534,0.0135929634769964,0
C4_keep80,ref_af_nd,af_not_dominates_ai,none,neighbor4,condition_knn,0.8,yt_dt,binary,objective_target_conditioned,target_conditioned,conditional_adversarial,LIRCMOP5_BC,LIRCMOP_BC,1,1,100,30,100000,10000,10200,47,1,44,44,0.76,0.455767971933879,0.78,0,0.110602002355605,0.332710111928676,0.0601833674957545,0.0880326679490715,0.358267447370774,0.522727272727273,0.05,0.704545454545455,0.05,0.16,16.3265306122449,0.05,13,0.52,NaN,0.180742536748126,0.147866846519824,0.358267447370774,0.0755312947649179,0.0741558187604837,0.0945493711568513,0
C4_keep80,ref_af_nd,af_not_dominates_ai,none,neighbor4,condition_knn,0.8,yt_dt,binary,objective_target_conditioned,target_conditioned,conditional_adversarial,LIRCMOP5_BC,LIRCMOP_BC,1,1,100,30,100000,30000,30200,127,1,76,76,0.515,0.0208855269958455,0.82,0,0.041159012425791,0.112602734564012,0.0446283006156548,0.0639692137669039,0.145013587954951,0.75,0.05,0.789473684210526,0.05,0.83,1.44498229896684,0.05,15,0.185,NaN,0.0723480000282603,0.057523982159445,0.145013587954951,0.0513523958017567,0.0495928003282372,0.0676956173531638,0
C4_keep80,ref_af_nd,af_not_dominates_ai,none,neighbor4,condition_knn,0.8,yt_dt,binary,objective_target_conditioned,target_conditioned,conditional_adversarial,LIRCMOP5_BC,LIRCMOP_BC,1,1,100,30,100000,50000,50200,207,1,137,137,0.13,0.000436295517155386,0.85,0,0.0935010996761906,0.201850934297038,0.0417389498468452,0.0651945352919178,0.205802487286988,0.868613138686131,0.05,0.934306569343066,0.05,0.625,2.52079657171666,0.05,6,0.29,NaN,0.113550265905909,0.0968680274152087,0.205802487286988,0.0497703601242131,0.0485579277300568,0.0690741129565413,0
C4_keep80,ref_af_nd,af_not_dominates_ai,none,neighbor4,condition_knn,0.8,yt_dt,binary,objective_target_conditioned,target_conditioned,conditional_adversarial,LIRCMOP5_BC,LIRCMOP_BC,1,1,100,30,100000,70000,70200,287,1,156,156,0.125,0.00110594491289488,0.72,0,0.0836729196537222,0.506376025900228,0.0413701337391307,0.0569791488793273,0.506376025900228,0.67948717948718,0.05,0.737179487179487,0.05,0.555,3.18369945877109,0.05,4,0.22,NaN,0.187209423768119,0.0882685681854593,0.506376025900228,0.0474843911754234,0.0471691020302541,0.0619790416052858,0
C4_keep80,ref_af_nd,af_not_dominates_ai,none,neighbor4,condition_knn,0.8,yt_dt,binary,objective_target_conditioned,target_conditioned,conditional_adversarial,LIRCMOP5_BC,LIRCMOP_BC,1,1,100,30,100000,100000,100200,407,1,22,22,0,0.122017509290606,0.66,0,1.28476363720386,2.13805734502571,0.0578288195588298,0.130875091982069,2.15944376711346,0,0.05,0,0.05,0.075,43.7636761487965,0.05,0,0.21,NaN,1.31295499987619,1.30991003134556,2.15944376711346,0.0757473993999118,0.0597487550067413,0.130875091982069,0
C4_keep80,ref_af_nd,af_not_dominates_ai,none,neighbor4,condition_knn,0.8,yt_dt,binary,objective_target_conditioned,target_conditioned,conditional_adversarial,LIRCMOP5_BC,LIRCMOP_BC,2,2,100,30,100000,10000,10050,45,1,32,32,0.85,0.0645601447746595,0.53,0,0.0672757453753455,0.135272997919435,0.0221524832675698,0.0474169925225228,0.159227254283225,0.46875,0.05,0.5625,0.05,0.785,1.61329353875938,0.05,0,0.18,NaN,0.0884655654217592,0.0806688876802672,0.159227254283225,0.0314592237207624,0.0258138965818308,0.0579729997373381,0
C4_keep80,ref_af_nd,af_not_dominates_ai,none,neighbor4,condition_knn,0.8,yt_dt,binary,objective_target_conditioned,target_conditioned,conditional_adversarial,LIRCMOP5_BC,LIRCMOP_BC,2,2,100,30,100000,30000,30050,125,1,55,55,0.28,0.0106159783881905,0.69,0,0.0881373890010447,0.171382987106622,0.0323664471941855,0.0527462304866802,0.178295375426281,0.836363636363636,0.05,0.872727272727273,0.05,0.86,1.35034771453649,0.05,13,0.22,NaN,0.165124863285636,0.103161735609459,0.178295375426281,0.0413215002414489,0.0385825013101118,0.0549325001908983,0
C4_keep80,ref_af_nd,af_not_dominates_ai,none,neighbor4,condition_knn,0.8,yt_dt,binary,objective_target_conditioned,target_conditioned,conditional_adversarial,LIRCMOP5_BC,LIRCMOP_BC,2,2,100,30,100000,50000,50050,205,1,85,85,0.11,0.00517087853833164,0.84,0,0.108289422282262,0.639795685032235,0.0426170101454414,0.0757409221115766,0.639795685032235,0.517647058823529,0.05,0.576470588235294,0.05,0.425,4.79616306954437,0.05,15,0.195,NaN,0.275262515833154,0.127625232185885,0.639795685032235,0.0521467621231561,0.047713685998102,0.0783666016163738,0
C4_keep80,ref_af_nd,af_not_dominates_ai,none,neighbor4,condition_knn,0.8,yt_dt,binary,objective_target_conditioned,target_conditioned,conditional_adversarial,LIRCMOP5_BC,LIRCMOP_BC,2,2,100,30,100000,70000,70050,285,1,90,90,0.385,0.014274840411337,0.75,0,0.069664088964189,0.165250771385401,0.0272385348020324,0.0402131069990598,0.17235133870334,0.688888888888889,0.05,0.8,0.05,0.26,6.04047115675023,0.05,0,0.355,NaN,0.087852189175193,0.0761958423358333,0.17235133870334,0.0292451696283024,0.0311571012822529,0.0468450301160983,0
C4_keep80,ref_af_nd,af_not_dominates_ai,none,neighbor4,condition_knn,0.8,yt_dt,binary,objective_target_conditioned,target_conditioned,conditional_adversarial,LIRCMOP5_BC,LIRCMOP_BC,2,2,100,30,100000,100000,100050,405,1,63,63,0.19,0.00426185607279296,0.63,0,0.0954240707871827,0.20775258901268,0.0355252277293841,0.0474574856382738,0.218624857471958,0.666666666666667,0.05,0.714285714285714,0.05,0.67,2.1654395842356,0.05,0,0.25,NaN,0.11129121561392,0.098994093661046,0.218624857471958,0.0381085737397231,0.038282945634831,0.0538649411568465,0
C4_keep80,ref_af_nd,af_not_dominates_ai,none,neighbor4,condition_knn,0.8,yt_dt,binary,objective_target_conditioned,target_conditioned,conditional_adversarial,LIRCMOP5_BC,LIRCMOP_BC,3,3,100,30,100000,10000,10000,48,1,9,9,1,0,0.6,0,8.39836106523918,9.76090658762852,0.217170710341637,0.228275966721163,9.76090658762852,0,0.05,0,0.05,0.02,160,0.05,200,1,NaN,8.50258016087833,8.39989385453453,9.76090658762852,0.218318587738462,0.217240863108057,0.228275966721163,0
C4_keep80,ref_af_nd,af_not_dominates_ai,none,neighbor4,condition_knn,0.8,yt_dt,binary,objective_target_conditioned,target_conditioned,conditional_adversarial,LIRCMOP5_BC,LIRCMOP_BC,3,3,100,30,100000,30000,30000,128,1,106,106,0.325,0.0130044609040874,0.82,0,0.0621554012467092,0.179214265202554,0.043943575508699,0.0664570694003767,0.186544190661068,0.773584905660377,0.05,0.792452830188679,0.05,0.685,2.10570646451885,0.05,8,0.215,NaN,0.0917540913149991,0.0763429275690306,0.186544190661068,0.052877853358471,0.0493894096361553,0.0732606066176063,0
C4_keep80,ref_af_nd,af_not_dominates_ai,none,neighbor4,condition_knn,0.8,yt_dt,binary,objective_target_conditioned,target_conditioned,conditional_adversarial,LIRCMOP5_BC,LIRCMOP_BC,3,3,100,30,100000,50000,50000,208,1,103,103,0.22,0.00674672945801707,0.77,0,0.0593662916180582,0.148461032277261,0.0387770524082636,0.0557744601774358,0.148461032277261,0.757281553398058,0.05,0.757281553398058,0.05,0.825,1.4655235582912,0.05,3,0.2,NaN,0.0858046353925021,0.0649134067836091,0.148461032277261,0.0462040586483886,0.0442796477916921,0.0593391798963491,0
C4_keep80,ref_af_nd,af_not_dominates_ai,none,neighbor4,condition_knn,0.8,yt_dt,binary,objective_target_conditioned,target_conditioned,conditional_adversarial,LIRCMOP5_BC,LIRCMOP_BC,3,3,100,30,100000,70000,70000,288,1,69,69,0.45,0.0526489463733055,0.85,0,0.0476082289834479,0.335089479652199,0.0357758578148309,0.0703544208927213,0.335089479652199,0.72463768115942,0.05,0.72463768115942,0.05,0.505,3.80517503805175,0.05,2,0.39,NaN,0.117458020470791,0.0549740820642609,0.335089479652199,0.0449960620603901,0.0412954054812814,0.0711993061836367,0
C4_keep80,ref_af_nd,af_not_dominates_ai,none,neighbor4,condition_knn,0.8,yt_dt,binary,objective_target_conditioned,target_conditioned,conditional_adversarial,LIRCMOP5_BC,LIRCMOP_BC,3,3,100,30,100000,100000,100000,408,1,34,34,0.815,0.399386940137983,0.51,0,0.0102573310818972,0.068819069009856,0.0182173583880071,0.0248277197752403,0.0948306937430612,0.735294117647059,0.05,0.911764705882353,0.05,0.455,3.16505776230416,0.05,3,0.57,NaN,0.0568027334530497,0.052039143738391,0.0948306937430612,0.0202938861157959,0.0205200221107453,0.026309279398449,0
C4_keep80,ref_af_nd,af_not_dominates_ai,none,neighbor4,condition_knn,0.8,yt_dt,binary,objective_target_conditioned,target_conditioned,conditional_adversarial,LIRCMOP6_BC,LIRCMOP_BC,1,1,100,30,100000,10000,10050,49,1,9,9,0,0,0.61,0,13.7480637110993,16.5336375250103,0.255564340519239,0.289572836357453,16.5336375250103,0,0.05,0,0.05,0.015,178.571428571428,0.05,200,1,NaN,14.1861446988824,13.7567441630924,16.5336375250103,0.259758296259025,0.256752465136144,0.289664677066708,0
C4_keep80,ref_af_nd,af_not_dominates_ai,none,neighbor4,condition_knn,0.8,yt_dt,binary,objective_target_conditioned,target_conditioned,conditional_adversarial,LIRCMOP6_BC,LIRCMOP_BC,1,1,100,30,100000,30000,30050,129,1,102,102,0.37,0.0448049336445132,0.9,0,0.0408848196891605,0.0955339030918278,0.036265079742188,0.0509993653714103,0.106951433477654,0.862745098039216,0.05,0.96078431372549,0.05,0.79,1.5890672175433,0.05,18,0.31,NaN,0.0527578667654512,0.0450189262676743,0.106951433477654,0.0424997076871796,0.0414759337319729,0.0544557629448921,0
C4_keep80,ref_af_nd,af_not_dominates_ai,none,neighbor4,condition_knn,0.8,yt_dt,binary,objective_target_conditioned,target_conditioned,conditional_adversarial,LIRCMOP6_BC,LIRCMOP_BC,1,1,100,30,100000,50000,50050,209,1,179,179,0.19,0.0084840592610097,0.8,0,0.0267878056227066,0.0530339232282787,0.0318295352326409,0.0452847376041365,0.0607061479226284,0.955307262569832,0.05,1,0.05,0.875,1.30352603793261,0.05,16,0.29,NaN,0.0345677251569973,0.0298356797178236,0.0607061479226284,0.0366754820387549,0.0348580160661708,0.0485322471996432,0
C4_keep80,ref_af_nd,af_not_dominates_ai,none,neighbor4,condition_knn,0.8,yt_dt,binary,objective_target_conditioned,target_conditioned,conditional_adversarial,LIRCMOP6_BC,LIRCMOP_BC,1,1,100,30,100000,70000,70050,289,1,187,187,0.155,0.000940285120383733,0.81,0,0.0589881084362275,0.115816416652653,0.0337233712471994,0.0481154235351992,0.121455693563701,0.946524064171123,0.05,0.951871657754011,0.05,0.83,1.44571345959231,0.05,0,0.15,NaN,0.0714421190255497,0.0665591510349058,0.121455693563701,0.0392949832818991,0.0382103764931106,0.0508505877052891,0
C4_keep80,ref_af_nd,af_not_dominates_ai,none,neighbor4,condition_knn,0.8,yt_dt,binary,objective_target_conditioned,target_conditioned,conditional_adversarial,LIRCMOP6_BC,LIRCMOP_BC,1,1,100,30,100000,100000,100050,409,1,242,242,0.17,0.00476150583164582,0.83,0,0.0416582847461899,0.124735423387246,0.0341832278346145,0.047823480596696,0.124735423387246,0.867768595041322,0.05,0.871900826446281,0.05,0.75,1.70357751277683,0.05,1,0.225,NaN,0.0622387732944506,0.0450513869018504,0.124735423387246,0.0390067325477214,0.0379240223429324,0.0496707540119829,0
C4_keep80,ref_af_nd,af_not_dominates_ai,none,neighbor4,condition_knn,0.8,yt_dt,binary,objective_target_conditioned,target_conditioned,conditional_adversarial,LIRCMOP6_BC,LIRCMOP_BC,2,2,100,30,100000,10000,10050,48,1,6,6,0,0,0.75,0,18.5685319466985,22.7286871443469,0.235511208840042,0.24250232031779,22.7286871443469,0,0.05,0,0.05,0.015,185.185185185185,0.05,200,1,NaN,19.0237273420771,18.5697680348063,22.7286871443469,0.235888059638597,0.235546850129433,0.24250232031779,0
C4_keep80,ref_af_nd,af_not_dominates_ai,none,neighbor4,condition_knn,0.8,yt_dt,binary,objective_target_conditioned,target_conditioned,conditional_adversarial,LIRCMOP6_BC,LIRCMOP_BC,2,2,100,30,100000,30000,30050,128,1,116,116,0.39,0.0505805496371653,0.82,0,0.0460441229069155,0.137329602601451,0.0320062675192868,0.04470023993163,0.137329602601451,0.887931034482759,0.05,0.913793103448276,0.05,0.89,1.26095454258874,0.05,11,0.305,NaN,0.0631538703357439,0.0486890973885516,0.137329602601451,0.0362546880301347,0.0350346965917018,0.047385251168556,0
C4_keep80,ref_af_nd,af_not_dominates_ai,none,neighbor4,condition_knn,0.8,yt_dt,binary,objective_target_conditioned,target_conditioned,conditional_adversarial,LIRCMOP6_BC,LIRCMOP_BC,2,2,100,30,100000,50000,50050,208,1,199,199,0.21,0.014498531699899,0.88,0,0.047462980787713,0.136940356506443,0.0332242056166333,0.0542388006868546,0.150540685353168,0.864321608040201,0.05,0.884422110552764,0.05,0.63,2.19611288020204,0.05,4,0.275,NaN,0.0775973999600189,0.0509929645553856,0.150540685353168,0.0399330547947077,0.0372264877197288,0.057258165354497,0
C4_keep80,ref_af_nd,af_not_dominates_ai,none,neighbor4,condition_knn,0.8,yt_dt,binary,objective_target_conditioned,target_conditioned,conditional_adversarial,LIRCMOP6_BC,LIRCMOP_BC,2,2,100,30,100000,70000,70050,288,1,204,204,0.12,0.0015881603312655,0.78,0,0.0808416796741462,0.42856366217576,0.0380902897767853,0.0554055528343181,0.42856366217576,0.892156862745098,0.05,0.892156862745098,0.05,0.28,5.98623166716552,0.05,7,0.29,NaN,0.173754740811538,0.0844603309941346,0.42856366217576,0.0436807692377208,0.0422238434304415,0.0592110764650687,0
C4_keep80,ref_af_nd,af_not_dominates_ai,none,neighbor4,condition_knn,0.8,yt_dt,binary,objective_target_conditioned,target_conditioned,conditional_adversarial,LIRCMOP6_BC,LIRCMOP_BC,2,2,100,30,100000,100000,100050,408,1,29,29,0.09,0.000155342324526193,0.72,0,0.216068725377463,0.719435847395743,0.0522410264289597,0.0860518044809233,0.719435847395743,0.310344827586207,0.05,0.379310344827586,0.05,0.465,3.73831775700935,0.05,0,0.145,NaN,0.305042563327277,0.238543272244151,0.719435847395743,0.0563605628463764,0.0535564431170618,0.0891546488173174,0
C4_keep80,ref_af_nd,af_not_dominates_ai,none,neighbor4,condition_knn,0.8,yt_dt,binary,objective_target_conditioned,target_conditioned,conditional_adversarial,LIRCMOP6_BC,LIRCMOP_BC,3,3,100,30,100000,10000,10200,48,1,14,14,1,0,0.66,0,8.43859143931783,10.3044753459953,0.210794781040308,0.224101333358452,10.3044753459953,0,0.05,0,0.05,0.015,168.067226890756,0.05,200,1,NaN,8.28561805544384,8.48300850911555,10.3044753459953,0.207761157003135,0.210869411675125,0.224101333358452,0
C4_keep80,ref_af_nd,af_not_dominates_ai,none,neighbor4,condition_knn,0.8,yt_dt,binary,objective_target_conditioned,target_conditioned,conditional_adversarial,LIRCMOP6_BC,LIRCMOP_BC,3,3,100,30,100000,30000,30200,128,1,98,98,0.44,0.0487023709058324,0.87,0,0.0439199069391331,0.101239217672295,0.0355034701827147,0.0590381064789781,0.116115821668743,0.897959183673469,0.05,1,0.05,0.655,2.16262975778547,0.05,24,0.395,NaN,0.0585013780518249,0.0521277871671133,0.116115821668743,0.0418638357656311,0.0391198940225616,0.0604160398853112,0
C4_keep80,ref_af_nd,af_not_dominates_ai,none,neighbor4,condition_knn,0.8,yt_dt,binary,objective_target_conditioned,target_conditioned,conditional_adversarial,LIRCMOP6_BC,LIRCMOP_BC,3,3,100,30,100000,50000,50200,208,1,142,142,0.28,0.0226037963536309,0.86,0,0.030432520907542,0.0638718846830203,0.032709584840218,0.0529586213399141,0.0978295652076034,0.950704225352113,0.05,1,0.05,0.785,1.61433529744128,0.05,23,0.33,NaN,0.0463662085925992,0.0389483431744914,0.0978295652076034,0.0384714678365602,0.0349632021672898,0.0541161471581912,0
C4_keep80,ref_af_nd,af_not_dominates_ai,none,neighbor4,condition_knn,0.8,yt_dt,binary,objective_target_conditioned,target_conditioned,conditional_adversarial,LIRCMOP6_BC,LIRCMOP_BC,3,3,100,30,100000,70000,70200,288,1,157,157,0.18,0.0101839506757691,0.84,0,0.0734355140772774,0.430474419620042,0.0424813816259903,0.0730939475348599,0.430474419620042,0.808917197452229,0.05,0.821656050955414,0.05,0.66,2.26014238897051,0.05,12,0.35,NaN,0.189783086350681,0.0794718202133722,0.430474419620042,0.0495686716186186,0.0447516249929953,0.0741070060186904,0
C4_keep80,ref_af_nd,af_not_dominates_ai,none,neighbor4,condition_knn,0.8,yt_dt,binary,objective_target_conditioned,target_conditioned,conditional_adversarial,LIRCMOP6_BC,LIRCMOP_BC,3,3,100,30,100000,100000,100200,408,1,218,218,0.13,0.00390790948069642,0.76,0,0.124747048083118,1.04977431362568,0.0441135717724781,0.0695307988005848,1.04977431362568,0.68348623853211,0.05,0.68348623853211,0.05,0.3,9.94530084535057,0.05,20,0.42,NaN,0.355111714748558,0.129474788288214,1.04977431362568,0.0516085840825925,0.0488114273464118,0.0741602266252978,0
C4_keep80,ref_af_nd,af_not_dominates_ai,none,neighbor4,condition_knn,0.8,yt_dt,binary,objective_target_conditioned,target_conditioned,conditional_adversarial,LIRCMOP7_BC,LIRCMOP_BC,1,1,100,30,100000,10000,10200,45,1,79,79,0.43,0.0588952291750179,0.75,0,0.0979129925458036,0.20482902037331,0.062529186315064,0.0880971731065474,0.206839983038756,0.594936708860759,0.05,0.69620253164557,0.05,0.41,3.53794445427207,0.05,66,0.405,NaN,0.122979255014479,0.106164976644969,0.206839983038756,0.0717015306451816,0.0687433582415081,0.0911592935557958,0
C4_keep80,ref_af_nd,af_not_dominates_ai,none,neighbor4,condition_knn,0.8,yt_dt,binary,objective_target_conditioned,target_conditioned,conditional_adversarial,LIRCMOP7_BC,LIRCMOP_BC,1,1,100,30,100000,30000,30200,125,1,95,95,0.385,0.0655713330117009,0.8,0,0.0537109342367795,0.206268499498709,0.0440153602695181,0.0597255401810014,0.212423435791991,0.842105263157895,0.05,0.842105263157895,0.05,0.635,2.34686693264492,0.05,22,0.375,NaN,0.109541555364543,0.0579315402811704,0.212423435791991,0.0501008558021452,0.0488573800073534,0.0645217930995903,0
C4_keep80,ref_af_nd,af_not_dominates_ai,none,neighbor4,condition_knn,0.8,yt_dt,binary,objective_target_conditioned,target_conditioned,conditional_adversarial,LIRCMOP7_BC,LIRCMOP_BC,1,1,100,30,100000,50000,50200,205,1,142,142,0.28,0.0186450031665519,0.78,0,0.0464378456620555,0.222341771359522,0.0344823755547326,0.0553052329364413,0.222341771359522,0.880281690140845,0.05,0.894366197183099,0.05,0.635,2.39177230327673,0.05,11,0.225,NaN,0.101716261707652,0.0485780316520527,0.222341771359522,0.040919008837694,0.0394810357152702,0.0572669775005107,0
C4_keep80,ref_af_nd,af_not_dominates_ai,none,neighbor4,condition_knn,0.8,yt_dt,binary,objective_target_conditioned,target_conditioned,conditional_adversarial,LIRCMOP7_BC,LIRCMOP_BC,1,1,100,30,100000,70000,70200,285,1,194,194,0.09,0.000183000221782032,0.81,0,0.111728835799419,0.279612082349227,0.0298993884542391,0.0473180645972386,0.279612082349227,0.768041237113402,0.05,0.798969072164949,0.05,0.275,8.20008200082001,0.05,0,0.115,NaN,0.161940422631555,0.115839844174884,0.279612082349227,0.0387299124819721,0.0364218667036368,0.0521456282830765,0
C4_keep80,ref_af_nd,af_not_dominates_ai,none,neighbor4,condition_knn,0.8,yt_dt,binary,objective_target_conditioned,target_conditioned,conditional_adversarial,LIRCMOP7_BC,LIRCMOP_BC,1,1,100,30,100000,100000,100200,405,1,243,243,0.125,0.000492912224977133,0.8,0,0.0889864127467003,0.225609505322563,0.0305504671554395,0.0423829247560588,0.225609505322563,0.790123456790123,0.05,0.798353909465021,0.05,0.225,11.3314447592068,0.05,0,0.19,NaN,0.1293119935656,0.091192474863549,0.225609505322563,0.0362369756318507,0.0358386192364034,0.046070938609419,0
C4_keep80,ref_af_nd,af_not_dominates_ai,none,neighbor4,condition_knn,0.8,yt_dt,binary,objective_target_conditioned,target_conditioned,conditional_adversarial,LIRCMOP7_BC,LIRCMOP_BC,2,2,100,30,100000,10000,10000,44,1,43,43,0.615,0.0386969269001501,0.52,0,0.060103168677918,0.111029066191546,0.0340271624834189,0.0410707330923972,0.128325430940304,0.441860465116279,0.05,0.488372093023256,0.05,0.89,1.25778252940067,0.05,7,0.11,NaN,0.0730271739802884,0.0696950109142254,0.128325430940304,0.0381837206844424,0.0373985414147406,0.0439675554557022,0
C4_keep80,ref_af_nd,af_not_dominates_ai,none,neighbor4,condition_knn,0.8,yt_dt,binary,objective_target_conditioned,target_conditioned,conditional_adversarial,LIRCMOP7_BC,LIRCMOP_BC,2,2,100,30,100000,30000,30000,124,1,141,141,0.3,0.00182636831703209,0.78,0,0.0712437315191548,0.126167807834807,0.0226842538002135,0.0466014139528036,0.133983424727305,0.602836879432624,0.05,0.673758865248227,0.05,0.605,2.36322816967978,0.05,13,0.18,NaN,0.0871202053678578,0.0810146055669569,0.133983424727305,0.0305380336755124,0.0264320457701065,0.0521952378219489,0
C4_keep80,ref_af_nd,af_not_dominates_ai,none,neighbor4,condition_knn,0.8,yt_dt,binary,objective_target_conditioned,target_conditioned,conditional_adversarial,LIRCMOP7_BC,LIRCMOP_BC,2,2,100,30,100000,50000,50000,204,1,162,162,0.075,0.000212139896004826,0.77,0,0.0814522014295904,0.156394498069038,0.0230731857850871,0.0399707302305554,0.156394498069038,0.691358024691358,0.05,0.703703703703704,0.05,0.675,2.05761316872428,0.05,5,0.085,NaN,0.0924157371955603,0.0867059452738402,0.156394498069038,0.0310988458367301,0.0294222468222233,0.0426980266996022,0
C4_keep80,ref_af_nd,af_not_dominates_ai,none,neighbor4,condition_knn,0.8,yt_dt,binary,objective_target_conditioned,target_conditioned,conditional_adversarial,LIRCMOP7_BC,LIRCMOP_BC,2,2,100,30,100000,70000,70000,284,1,193,193,0.135,0.00046401992766727,0.78,0,0.0581204586647846,0.152735233858226,0.0281898366315495,0.0468997231341615,0.152735233858226,0.89119170984456,0.05,0.896373056994819,0.05,0.51,3.08071472581639,0.05,13,0.175,NaN,0.0924075829213956,0.0607104407366947,0.152735233858226,0.0355595011248649,0.0320620019121653,0.0517409057164648,0
C4_keep80,ref_af_nd,af_not_dominates_ai,none,neighbor4,condition_knn,0.8,yt_dt,binary,objective_target_conditioned,target_conditioned,conditional_adversarial,LIRCMOP7_BC,LIRCMOP_BC,2,2,100,30,100000,100000,100000,404,1,236,236,0.075,2.80457232029415e-06,0.76,0,0.068801643600373,0.123721734359558,0.025955624018908,0.0361145038944654,0.127013379861288,0.88135593220339,0.05,0.885593220338983,0.05,0.935,1.14279184046626,0.05,0,0.095,NaN,0.0762822327739434,0.071583316733358,0.127013379861288,0.0320862696156868,0.0309306322716946,0.0429600819498724,0
C4_keep80,ref_af_nd,af_not_dominates_ai,none,neighbor4,condition_knn,0.8,yt_dt,binary,objective_target_conditioned,target_conditioned,conditional_adversarial,LIRCMOP7_BC,LIRCMOP_BC,3,3,100,30,100000,10000,10050,45,1,20,20,0.59,0.446062662037236,0.69,0,0.140248009393911,0.287834209141474,0.0757788590648604,0.10056517303248,0.300650455726658,0.45,0.05,0.65,0.05,0.62,2.50281566762608,0.05,81,0.535,NaN,0.167699752169356,0.157503544299785,0.300650455726658,0.0882728160947702,0.0877019751117732,0.108026839041426,0
C4_keep80,ref_af_nd,af_not_dominates_ai,none,neighbor4,condition_knn,0.8,yt_dt,binary,objective_target_conditioned,target_conditioned,conditional_adversarial,LIRCMOP7_BC,LIRCMOP_BC,3,3,100,30,100000,30000,30050,125,1,119,119,0.255,0.0213122552274543,0.84,0,0.0757945996229155,0.265682431833698,0.0493551679226778,0.0665234310994306,0.265682431833698,0.92436974789916,0.05,1,0.05,0.335,5.56483027267668,0.05,29,0.275,NaN,0.116532936672783,0.0811289706384933,0.265682431833698,0.0558789753549932,0.0540279898242212,0.0719787893857889,0
C4_keep80,ref_af_nd,af_not_dominates_ai,none,neighbor4,condition_knn,0.8,yt_dt,binary,objective_target_conditioned,target_conditioned,conditional_adversarial,LIRCMOP7_BC,LIRCMOP_BC,3,3,100,30,100000,50000,50050,205,1,149,149,0.26,0.00574240123162555,0.79,0,0.0589917330351308,0.427382498529748,0.0367759043564838,0.0680465506669611,0.427382498529748,0.953020134228188,0.05,0.973154362416107,0.05,0.545,3.29543582138738,0.05,6,0.17,NaN,0.17206713944002,0.0637968917811763,0.427382498529748,0.0474360246485918,0.0426602015926796,0.0714198668642142,0
C4_keep80,ref_af_nd,af_not_dominates_ai,none,neighbor4,condition_knn,0.8,yt_dt,binary,objective_target_conditioned,target_conditioned,conditional_adversarial,LIRCMOP7_BC,LIRCMOP_BC,3,3,100,30,100000,70000,70050,285,1,210,210,0.14,0.000289666510915872,0.81,0,0.0505947683774343,0.150685414334668,0.0322228497579165,0.0446683340607746,0.150685414334668,0.904761904761905,0.05,0.904761904761905,0.05,0.5,3.2599837000815,0.05,9,0.175,NaN,0.0711243500688999,0.0564742710451896,0.150685414334668,0.0367994083443728,0.0360583429319378,0.0489333507643294,0
C4_keep80,ref_af_nd,af_not_dominates_ai,none,neighbor4,condition_knn,0.8,yt_dt,binary,objective_target_conditioned,target_conditioned,conditional_adversarial,LIRCMOP7_BC,LIRCMOP_BC,3,3,100,30,100000,100000,100050,405,1,245,245,0.15,0.000297595758367984,0.84,0,0.0517023086167389,0.164140513468174,0.0321951459756741,0.0492810423815517,0.164140513468174,0.975510204081633,0.05,0.987755102040816,0.05,0.47,3.33333333333334,0.05,2,0.22,NaN,0.0814372466616224,0.0525349682828992,0.164140513468174,0.0378243204260191,0.0379135594038267,0.0526038781177481,0
C4_keep80,ref_af_nd,af_not_dominates_ai,none,neighbor4,condition_knn,0.8,yt_dt,binary,objective_target_conditioned,target_conditioned,conditional_adversarial,LIRCMOP8_BC,LIRCMOP_BC,1,1,100,30,100000,10000,10050,46,1,69,69,0.475,0.0784486235037035,0.59,0,0.117440471163599,0.283956073957574,0.0582350227700621,0.0785486834346748,0.288951008491153,0.405797101449275,0.05,0.434782608695652,0.05,0.79,1.59451486885115,0.05,26,0.325,NaN,0.169148801860179,0.133249993035179,0.288951008491153,0.0659009672166776,0.0653997744311878,0.0824533355263835,0
C4_keep80,ref_af_nd,af_not_dominates_ai,none,neighbor4,condition_knn,0.8,yt_dt,binary,objective_target_conditioned,target_conditioned,conditional_adversarial,LIRCMOP8_BC,LIRCMOP_BC,1,1,100,30,100000,30000,30050,126,1,115,115,0.205,0.00922269910977841,0.77,0,0.0658492158090851,0.1393427265476,0.040960963957972,0.0657026923900172,0.147610820306736,0.860869565217391,0.05,0.91304347826087,0.05,0.57,2.50187640730548,0.05,13,0.25,NaN,0.0809437563544224,0.0713421353017808,0.147610820306736,0.0491596102650673,0.046341645296049,0.068545629920776,0
C4_keep80,ref_af_nd,af_not_dominates_ai,none,neighbor4,condition_knn,0.8,yt_dt,binary,objective_target_conditioned,target_conditioned,conditional_adversarial,LIRCMOP8_BC,LIRCMOP_BC,1,1,100,30,100000,50000,50050,206,1,156,156,0.235,0.0169749710969149,0.82,0,0.0252423973948994,0.102957994791721,0.0300065742961282,0.0469789752961297,0.106839822890098,0.948717948717949,0.05,0.974358974358974,0.05,0.84,1.41193081539004,0.05,20,0.27,NaN,0.0440756051728049,0.0274451710388594,0.106839822890098,0.0345398994849169,0.0320478803049807,0.0490234749874454,0
C4_keep80,ref_af_nd,af_not_dominates_ai,none,neighbor4,condition_knn,0.8,yt_dt,binary,objective_target_conditioned,target_conditioned,conditional_adversarial,LIRCMOP8_BC,LIRCMOP_BC,1,1,100,30,100000,70000,70050,286,1,182,182,0.21,0.00583163613063725,0.88,0,0.0208819633564768,0.0857261303665572,0.0260674387540256,0.0452624526679646,0.0949745643041391,0.923076923076923,0.05,0.956043956043956,0.05,0.805,1.51595543091033,0.05,6,0.215,NaN,0.0385439837091758,0.0228712027639864,0.0949745643041391,0.0333641106818866,0.0309039073817397,0.0478658227249202,0
C4_keep80,ref_af_nd,af_not_dominates_ai,none,neighbor4,condition_knn,0.8,yt_dt,binary,objective_target_conditioned,target_conditioned,conditional_adversarial,LIRCMOP8_BC,LIRCMOP_BC,1,1,100,30,100000,100000,100050,406,1,226,226,0.16,0.00368363257485563,0.65,0,0.089912826706909,0.292395188767594,0.0278755819355218,0.0379918610275839,0.292395188767594,0.752212389380531,0.05,0.752212389380531,0.05,0.475,3.82189948404357,0.05,0,0.25,NaN,0.152269504392877,0.0917314712481344,0.292395188767594,0.0318020047420597,0.0313930310358131,0.0411456543447849,0
C4_keep80,ref_af_nd,af_not_dominates_ai,none,neighbor4,condition_knn,0.8,yt_dt,binary,objective_target_conditioned,target_conditioned,conditional_adversarial,LIRCMOP8_BC,LIRCMOP_BC,2,2,100,30,100000,10000,10150,47,1,55,55,0.74,0.341154420166853,0.79,0,0.0705833084341063,0.175230980595109,0.0548238075589591,0.0791814616484002,0.191177848104894,0.527272727272727,0.05,0.690909090909091,0.05,0.8,1.55738981467061,0.05,68,0.52,NaN,0.116384611350453,0.0898472267771651,0.191177848104894,0.0649993807662298,0.0629546868219965,0.0877135857765461,0
C4_keep80,ref_af_nd,af_not_dominates_ai,none,neighbor4,condition_knn,0.8,yt_dt,binary,objective_target_conditioned,target_conditioned,conditional_adversarial,LIRCMOP8_BC,LIRCMOP_BC,2,2,100,30,100000,30000,30150,127,1,123,123,0.305,0.0190935639491328,0.84,0,0.0740640696079709,0.180492149683656,0.041440668809012,0.0547989241038405,0.182081284328085,0.910569105691057,0.05,0.934959349593496,0.05,0.635,2.36406619385343,0.05,12,0.23,NaN,0.0926059979856496,0.0803125474795475,0.182081284328085,0.0474627794794913,0.0460029904906075,0.0588596173036897,0
C4_keep80,ref_af_nd,af_not_dominates_ai,none,neighbor4,condition_knn,0.8,yt_dt,binary,objective_target_conditioned,target_conditioned,conditional_adversarial,LIRCMOP8_BC,LIRCMOP_BC,2,2,100,30,100000,50000,50150,207,1,133,133,0.12,0.00220935505342726,0.81,0,0.06759916984082,0.126857112923718,0.0419389187459078,0.0592611291979999,0.138886876674447,0.947368421052632,0.05,0.984962406015038,0.05,0.565,2.24340998317443,0.05,14,0.24,NaN,0.0757175990489615,0.0709629047960438,0.138886876674447,0.0502686682954748,0.0487813435296567,0.0637663803856734,0
C4_keep80,ref_af_nd,af_not_dominates_ai,none,neighbor4,condition_knn,0.8,yt_dt,binary,objective_target_conditioned,target_conditioned,conditional_adversarial,LIRCMOP8_BC,LIRCMOP_BC,2,2,100,30,100000,70000,70150,287,1,140,140,0.27,0.0150752112816157,0.65,0,0.0414325034029071,0.116975802917462,0.0400894737045815,0.058014818591384,0.150512635965461,0.75,0.05,0.764285714285714,0.05,0.58,2.58297817383443,0.05,8,0.23,NaN,0.070547269469233,0.0462661310436236,0.150512635965461,0.0458628744570106,0.0426508031466286,0.0624051708351499,0
C4_keep80,ref_af_nd,af_not_dominates_ai,none,neighbor4,condition_knn,0.8,yt_dt,binary,objective_target_conditioned,target_conditioned,conditional_adversarial,LIRCMOP8_BC,LIRCMOP_BC,2,2,100,30,100000,100000,100150,407,1,179,179,0.295,0.0255305354429089,0.74,0,0.0222557096542674,0.132805220474337,0.0294340957846096,0.0553982658457626,0.132805220474337,0.748603351955307,0.05,0.76536312849162,0.05,0.85,1.3792152265361,0.05,1,0.28,NaN,0.0510252900475097,0.0234661638446447,0.132805220474337,0.0380193500588487,0.033290493254824,0.057900170799101,0
C4_keep80,ref_af_nd,af_not_dominates_ai,none,neighbor4,condition_knn,0.8,yt_dt,binary,objective_target_conditioned,target_conditioned,conditional_adversarial,LIRCMOP8_BC,LIRCMOP_BC,3,3,100,30,100000,10000,10050,45,1,52,52,0.6,0.273293217401891,0.77,0,0.0835053506055163,0.210310822727718,0.0573465183439884,0.0988807079201888,0.210310822727718,0.711538461538462,0.05,0.730769230769231,0.05,0.655,2.28388717597351,0.05,84,0.515,NaN,0.11631523399187,0.0915543533161518,0.210310822727718,0.0710276989013016,0.0654072465633953,0.0992587612608527,0
C4_keep80,ref_af_nd,af_not_dominates_ai,none,neighbor4,condition_knn,0.8,yt_dt,binary,objective_target_conditioned,target_conditioned,conditional_adversarial,LIRCMOP8_BC,LIRCMOP_BC,3,3,100,30,100000,30000,30050,125,1,142,142,0.195,0.0185835442200301,0.82,0,0.074308159758165,0.211392128641061,0.0439000157613671,0.0631421960219769,0.214304276540383,0.880281690140845,0.05,0.887323943661972,0.05,0.43,3.78286362776622,0.05,27,0.26,NaN,0.106976503618739,0.0796560272287435,0.214304276540383,0.0515491781537342,0.0483525656095921,0.0656339864153694,0
C4_keep80,ref_af_nd,af_not_dominates_ai,none,neighbor4,condition_knn,0.8,yt_dt,binary,objective_target_conditioned,target_conditioned,conditional_adversarial,LIRCMOP8_BC,LIRCMOP_BC,3,3,100,30,100000,50000,50050,205,1,95,95,0.23,0.00718815040722607,0.87,0,0.0616651463183242,0.156598266624707,0.0421171798788423,0.0553587991291569,0.165992846536076,0.884210526315789,0.05,0.91578947368421,0.05,0.475,3.75657400450789,0.05,22,0.26,NaN,0.0864871940817203,0.070832332885789,0.165992846536076,0.0473952030823741,0.0480327480728523,0.0591010603581352,0
C4_keep80,ref_af_nd,af_not_dominates_ai,none,neighbor4,condition_knn,0.8,yt_dt,binary,objective_target_conditioned,target_conditioned,conditional_adversarial,LIRCMOP8_BC,LIRCMOP_BC,3,3,100,30,100000,70000,70050,285,1,157,157,0.265,0.0218204617506242,0.78,0,0.028019284629254,0.230373227635714,0.0336172982627712,0.073878794106618,0.234809464734212,0.751592356687898,0.05,0.75796178343949,0.05,0.83,1.4447735317489,0.05,20,0.22,NaN,0.0693919653300988,0.0296638275119249,0.234809464734212,0.0451117396840826,0.0369460882243028,0.0822244955760002,0
C4_keep80,ref_af_nd,af_not_dominates_ai,none,neighbor4,condition_knn,0.8,yt_dt,binary,objective_target_conditioned,target_conditioned,conditional_adversarial,LIRCMOP8_BC,LIRCMOP_BC,3,3,100,30,100000,100000,100050,405,1,238,238,0.23,0.00605993610591981,0.8,0,0.0291250762802108,0.0714023343510195,0.0297164044356557,0.0412817161903899,0.0718239126521571,0.96218487394958,0.05,0.96218487394958,0.05,0.795,1.53988296889436,0.05,1,0.25,NaN,0.0466292626871126,0.0308755365705281,0.0718239126521571,0.0339786916884926,0.0330136125820873,0.044984644869263,0
C4_keep80,ref_af_nd,af_not_dominates_ai,none,neighbor4,condition_knn,0.8,yt_dt,binary,objective_target_conditioned,target_conditioned,conditional_adversarial,LIRCMOP9_BC,LIRCMOP_BC,1,1,100,30,100000,10000,10150,43,1,58,58,0.7,0.185597772056993,0.36,0,0.00935422832421804,0.138562163525494,0.0211682461232136,0.0334199068711109,0.14106603422762,0.810344827586207,0.05,0.862068965517241,0.05,0.94,1.1293692472754,0.05,0,0.36,NaN,0.0474265200294047,0.0172677922503255,0.14106603422762,0.0330557783922015,0.031035990390457,0.049109841614832,0
C4_keep80,ref_af_nd,af_not_dominates_ai,none,neighbor4,condition_knn,0.8,yt_dt,binary,objective_target_conditioned,target_conditioned,conditional_adversarial,LIRCMOP9_BC,LIRCMOP_BC,1,1,100,30,100000,30000,30150,123,1,51,51,0.705,0.442547407258814,0.65,0,0.00380628726325483,0.362744801366155,0.0222730670041954,0.101387154440181,0.362744801366155,0.725490196078431,0.05,0.823529411764706,0.05,0.78,1.6277366322129,0.05,20,0.665,NaN,0.200559016941245,0.00681487881658002,0.362744801366155,0.0482818211818023,0.0232919371918638,0.109103312511322,0
C4_keep80,ref_af_nd,af_not_dominates_ai,none,neighbor4,condition_knn,0.8,yt_dt,binary,objective_target_conditioned,target_conditioned,conditional_adversarial,LIRCMOP9_BC,LIRCMOP_BC,1,1,100,30,100000,50000,50150,203,1,55,55,0.68,0.161810082005448,0.8,0,0.00798617181936764,0.49722001733874,0.0169613020234376,0.0586533209349049,0.49722001733874,0.836363636363636,0.05,0.854545454545454,0.05,0.75,1.76756517896597,0.05,21,0.85,NaN,0.692106948442655,0.0156026402212104,0.49722001733874,0.0398209358791736,0.0173291026661645,0.0638411996802277,0
C4_keep80,ref_af_nd,af_not_dominates_ai,none,neighbor4,condition_knn,0.8,yt_dt,binary,objective_target_conditioned,target_conditioned,conditional_adversarial,LIRCMOP9_BC,LIRCMOP_BC,1,1,100,30,100000,70000,70150,283,1,61,61,0.87,0.404376950968,0.08,0,0.00226988691583451,0.037667660259384,0.0121497078304281,0.0640423186715574,0.0423165873350455,0.836065573770492,0.05,0.836065573770492,0.05,0.975,1.05180120957139,0.05,4,0.7,NaN,0.457845180047593,0.00280579288474471,0.0423165873350455,0.0322618306640779,0.0123334724967469,0.0660224167363139,0
C4_keep80,ref_af_nd,af_not_dominates_ai,none,neighbor4,condition_knn,0.8,yt_dt,binary,objective_target_conditioned,target_conditioned,conditional_adversarial,LIRCMOP9_BC,LIRCMOP_BC,1,1,100,30,100000,100000,100150,403,1,80,80,0.62,0.275390672692327,0.58,0,0.00676016531391399,1.22366138548066,0.0203489288738586,0.140876143603129,1.22366138548066,0.625,0.05,0.625,0.05,0.76,1.72711571675302,0.05,31,0.73,NaN,0.325327749098137,0.0103478014137496,1.22366138548066,0.0522990435769038,0.0206835583939533,0.146846972608949,0
C4_keep80,ref_af_nd,af_not_dominates_ai,none,neighbor4,condition_knn,0.8,yt_dt,binary,objective_target_conditioned,target_conditioned,conditional_adversarial,LIRCMOP9_BC,LIRCMOP_BC,2,2,100,30,100000,10000,10200,43,1,19,19,0.325,0.00611361036147195,0.29,0,0.241557199506107,0.659621083943316,0.0310803100142198,0.0587719532889304,0.659621083943316,0.947368421052632,0.05,0.947368421052632,0.05,0.7,1.94325689856199,0.05,2,0.385,NaN,0.30088237760019,0.25401837556878,0.659621083943316,0.042303264330334,0.0380799270728927,0.0622093522352587,0
C4_keep80,ref_af_nd,af_not_dominates_ai,none,neighbor4,condition_knn,0.8,yt_dt,binary,objective_target_conditioned,target_conditioned,conditional_adversarial,LIRCMOP9_BC,LIRCMOP_BC,2,2,100,30,100000,30000,30200,123,1,42,42,0.89,0.309359020843888,0.75,0,0.00262537532110209,0.0433596523619622,0.024031261658841,0.0321776515599134,0.0446857538836212,0.80952380952381,0.05,0.80952380952381,0.05,0.99,1.020199959192,0.05,0,0.705,NaN,0.0177900343096103,0.00312607646854542,0.0446857538836212,0.025340868897935,0.0240366370001963,0.0321914484420202,0
C4_keep80,ref_af_nd,af_not_dominates_ai,none,neighbor4,condition_knn,0.8,yt_dt,binary,objective_target_conditioned,target_conditioned,conditional_adversarial,LIRCMOP9_BC,LIRCMOP_BC,2,2,100,30,100000,50000,50200,203,1,46,46,0.97,0,0.56,0,0.0162050928405658,0.0176266149453928,0.0247895723080157,0.0350428506519511,0.0176621994294485,0.543478260869565,0.05,0.543478260869565,0.05,1,1,0.05,0,0,NaN,0.0158724541684734,0.0162666659550389,0.0176621994294485,0.0251007026721709,0.0248616774804977,0.0350428506519511,0
C4_keep80,ref_af_nd,af_not_dominates_ai,none,neighbor4,condition_knn,0.8,yt_dt,binary,objective_target_conditioned,target_conditioned,conditional_adversarial,LIRCMOP9_BC,LIRCMOP_BC,2,2,100,30,100000,70000,70200,283,1,60,60,0.94,0.166415208583167,0.75,0,0.00198227345948051,0.0126765245517643,0.0104037857222196,0.0171572883983867,0.0247580126764926,0.733333333333333,0.05,0.766666666666667,0.05,0.94,1.13122171945701,0.05,12,0.89,NaN,0.505768308978461,0.00738958235890129,0.0247580126764926,0.0299869871895233,0.0105122588033591,0.0171818406010557,0
C4_keep80,ref_af_nd,af_not_dominates_ai,none,neighbor4,condition_knn,0.8,yt_dt,binary,objective_target_conditioned,target_conditioned,conditional_adversarial,LIRCMOP9_BC,LIRCMOP_BC,2,2,100,30,100000,100000,100200,403,1,111,111,0.825,0.283191804731459,0.55,0,0.00944041200821357,0.0639512551655469,0.0136141066802704,0.0450936363328363,0.0763255630354868,0.747747747747748,0.05,0.765765765765766,0.05,0.855,1.35482996883891,0.05,0,0.62,NaN,0.0282061388279991,0.0138764125455149,0.0763255630354868,0.0193576310529956,0.0137746308003005,0.047165373583317,0
C4_keep80,ref_af_nd,af_not_dominates_ai,none,neighbor4,condition_knn,0.8,yt_dt,binary,objective_target_conditioned,target_conditioned,conditional_adversarial,LIRCMOP9_BC,LIRCMOP_BC,3,3,100,30,100000,10000,10000,42,1,57,57,0.69,0.113219782748996,0.47,0,0.0203313145040331,0.136295850196069,0.0181384464355916,0.0311722074314729,0.138495997789677,0.684210526315789,0.05,0.719298245614035,0.05,1,1,0.05,0,0.295,NaN,0.0497860556729261,0.0295985031203166,0.138495997789677,0.024115217784003,0.0210478993122151,0.0371454104825491,0
C4_keep80,ref_af_nd,af_not_dominates_ai,none,neighbor4,condition_knn,0.8,yt_dt,binary,objective_target_conditioned,target_conditioned,conditional_adversarial,LIRCMOP9_BC,LIRCMOP_BC,3,3,100,30,100000,30000,30000,122,1,68,68,0.835,0.0629983795868023,0.65,0,0.001471506025951,1.26577758298833,0.0181428694785609,0.0559643696909023,1.26577758298833,0.661764705882353,0.05,0.661764705882353,0.05,0.835,1.43235694335028,0.05,30,0.95,NaN,0.515226363832487,0.00411823177507042,1.26577758298833,0.0271355432539707,0.0189860468466142,0.0576090067994098,0
C4_keep80,ref_af_nd,af_not_dominates_ai,none,neighbor4,condition_knn,0.8,yt_dt,binary,objective_target_conditioned,target_conditioned,conditional_adversarial,LIRCMOP9_BC,LIRCMOP_BC,3,3,100,30,100000,50000,50000,202,1,69,69,0.77,0.0721318968540499,0.74,0,0.00275645519275714,3.1694015094456,0.0174275299824359,0.149789556558277,3.1694015094456,0.666666666666667,0.05,0.681159420289855,0.05,0.775,1.66168162180126,0.05,42,0.92,NaN,0.931587568161149,0.0030951117936522,3.1694015094456,0.0488976810235592,0.0179317521513665,0.149789556558277,0
C4_keep80,ref_af_nd,af_not_dominates_ai,none,neighbor4,condition_knn,0.8,yt_dt,binary,objective_target_conditioned,target_conditioned,conditional_adversarial,LIRCMOP9_BC,LIRCMOP_BC,3,3,100,30,100000,70000,70000,282,1,81,81,0.735,0.203369933414762,0.45,0,0.00306265891149866,0.969279453680197,0.0188025573839639,0.137680569233218,0.969279453680197,0.617283950617284,0.05,0.617283950617284,0.05,0.71,1.96579516414389,0.05,27,0.835,NaN,0.2106856164145,0.00325548651599514,0.969279453680197,0.0490170282169193,0.0195518092051383,0.137687287625335,0
C4_keep80,ref_af_nd,af_not_dominates_ai,none,neighbor4,condition_knn,0.8,yt_dt,binary,objective_target_conditioned,target_conditioned,conditional_adversarial,LIRCMOP9_BC,LIRCMOP_BC,3,3,100,30,100000,100000,100000,402,1,87,87,0.73,0.240024981962065,0.47,0,0.005060560433251,0.117048379619977,0.0126442677135584,0.035151421306985,0.117268683933724,0.701149425287356,0.05,0.758620689655172,0.05,0.835,1.42277868677527,0.05,0,0.455,NaN,0.0431342271343414,0.0171405658780991,0.117268683933724,0.020491265894281,0.0136185233398907,0.0424846545643437,0
C4_keep80,ref_af_nd,af_not_dominates_ai,none,neighbor4,condition_knn,0.8,yt_dt,binary,objective_target_conditioned,target_conditioned,conditional_adversarial,LIRCMOP10_BC,LIRCMOP_BC,1,1,100,30,100000,10000,10100,44,1,40,40,0.65,0.173613508077846,0.73,0,0.0726393318603259,0.261216349777466,0.0170780451728283,0.0342975302942452,0.276530994846657,0.525,0.05,0.525,0.05,0.91,1.20576354976789,0.05,0,0.375,NaN,0.109580154655838,0.0869957102579048,0.276530994846657,0.0265766130871694,0.022023413059598,0.0403308115411516,0
C4_keep80,ref_af_nd,af_not_dominates_ai,none,neighbor4,condition_knn,0.8,yt_dt,binary,objective_target_conditioned,target_conditioned,conditional_adversarial,LIRCMOP10_BC,LIRCMOP_BC,1,1,100,30,100000,30000,30100,124,1,46,46,0.84,0.48813797162843,0.61,0,0.0242135231057523,0.0853485078165484,0.00987281315462618,0.0240730413900562,0.0853485078165484,0.782608695652174,0.05,0.782608695652174,0.05,0.885,1.27518490181076,0.05,0,0.585,NaN,0.0429292154645906,0.0246248494153421,0.0853485078165484,0.0128183422324219,0.00997942978767071,0.0255360819170879,0
C4_keep80,ref_af_nd,af_not_dominates_ai,none,neighbor4,condition_knn,0.8,yt_dt,binary,objective_target_conditioned,target_conditioned,conditional_adversarial,LIRCMOP10_BC,LIRCMOP_BC,1,1,100,30,100000,50000,50100,204,1,57,57,0.895,0.596152511158024,0.55,0,0.0174015360308226,0.0499580491319373,0.0133301344425921,0.0242337648364768,0.0500677707966596,0.859649122807018,0.05,0.87719298245614,0.05,0.535,2.53196607165464,0.05,0,0.55,NaN,0.025873029940027,0.0200158765489175,0.0500677707966596,0.0155028968589969,0.0135832599873529,0.0252680524017475,0
C4_keep80,ref_af_nd,af_not_dominates_ai,none,neighbor4,condition_knn,0.8,yt_dt,binary,objective_target_conditioned,target_conditioned,conditional_adversarial,LIRCMOP10_BC,LIRCMOP_BC,1,1,100,30,100000,70000,70100,284,1,110,110,0.995,0.24209931127825,0.56,0,0.00298926064058219,0.018750052727345,0.00494956174683015,0.0153644008829297,0.0203352514209363,0.836363636363636,0.05,0.836363636363636,0.05,0.505,2.34576589256392,0.05,0,0.835,NaN,0.00836196030808896,0.00425722347171258,0.0203352514209363,0.00880614990494784,0.00548320816301801,0.01601837284113,0
C4_keep80,ref_af_nd,af_not_dominates_ai,none,neighbor4,condition_knn,0.8,yt_dt,binary,objective_target_conditioned,target_conditioned,conditional_adversarial,LIRCMOP10_BC,LIRCMOP_BC,1,1,100,30,100000,100000,100100,404,1,130,130,1,0.107593372108644,0.44,0,0.000877096620096453,0.014425976584878,0.00552199194505034,0.0159365204337732,0.0169505419324874,0.815384615384615,0.05,0.815384615384615,0.05,0.33,3.71402042711235,0.05,0,0.88,NaN,0.00644474572971655,0.00244901292802198,0.0169505419324874,0.00815198632932125,0.00626479093007209,0.0168885248249128,0
C4_keep80,ref_af_nd,af_not_dominates_ai,none,neighbor4,condition_knn,0.8,yt_dt,binary,objective_target_conditioned,target_conditioned,conditional_adversarial,LIRCMOP10_BC,LIRCMOP_BC,2,2,100,30,100000,10000,10000,44,1,32,32,0.255,0.0240694520608111,0.84,0,0.22323512360025,0.41762508543116,0.0208905125858352,0.0295579868812948,0.426939286157453,0.53125,0.05,0.5625,0.05,0.925,1.16788321167883,0.05,0,0.255,NaN,0.224961556124656,0.227153544053988,0.426939286157453,0.0355475383908618,0.035089170658231,0.0442159374956945,0
C4_keep80,ref_af_nd,af_not_dominates_ai,none,neighbor4,condition_knn,0.8,yt_dt,binary,objective_target_conditioned,target_conditioned,conditional_adversarial,LIRCMOP10_BC,LIRCMOP_BC,2,2,100,30,100000,30000,30000,124,1,100,100,0.64,0.309092151823715,0.57,0,0.0333134936737401,0.293298664752966,0.0181867805907181,0.0484947295706864,0.300990287180974,0.66,0.05,0.82,0.05,0.745,1.79243592041584,0.05,5,0.565,NaN,0.155314094066858,0.0346414266065526,0.300990287180974,0.0269875743052267,0.0184314320906322,0.0554866505878962,0
C4_keep80,ref_af_nd,af_not_dominates_ai,none,neighbor4,condition_knn,0.8,yt_dt,binary,objective_target_conditioned,target_conditioned,conditional_adversarial,LIRCMOP10_BC,LIRCMOP_BC,2,2,100,30,100000,50000,50000,204,1,126,126,0.78,0.31839093076183,0.56,0,0.0125520572629015,0.165089539182064,0.0152709514980916,0.0409090994958513,0.187595553377264,0.642857142857143,0.05,0.642857142857143,0.05,0.65,2.20970058557066,0.05,5,0.625,NaN,0.1909125317097,0.0257043234699031,0.187595553377264,0.0274857694631424,0.0161014949477856,0.0462966640502801,0
C4_keep80,ref_af_nd,af_not_dominates_ai,none,neighbor4,condition_knn,0.8,yt_dt,binary,objective_target_conditioned,target_conditioned,conditional_adversarial,LIRCMOP10_BC,LIRCMOP_BC,2,2,100,30,100000,70000,70000,284,1,155,155,0.85,0.155273908243643,0.49,0,0.00551276078931318,0.166392253762706,0.0120124551348205,0.0623727990591851,0.166392253762706,0.703225806451613,0.05,0.709677419354839,0.05,0.365,3.90167772142021,0.05,0,0.83,NaN,0.0604081404824788,0.00949212617818,0.166392253762706,0.023992249986134,0.0127169936418991,0.0660352056025219,0
C4_keep80,ref_af_nd,af_not_dominates_ai,none,neighbor4,condition_knn,0.8,yt_dt,binary,objective_target_conditioned,target_conditioned,conditional_adversarial,LIRCMOP10_BC,LIRCMOP_BC,2,2,100,30,100000,100000,100000,404,1,136,136,0.895,0.2078954854098,0.45,0,0.00401917744576427,0.0497601822890652,0.00756755370606033,0.0226303531117176,0.0519168382736153,0.727941176470588,0.05,0.742647058823529,0.05,0.345,4.86263068319961,0.05,0,0.71,NaN,0.0337241645553332,0.00570488837987392,0.0519168382736153,0.0135171550611908,0.00785132687383954,0.0250721808933856,0
C4_keep80,ref_af_nd,af_not_dominates_ai,none,neighbor4,condition_knn,0.8,yt_dt,binary,objective_target_conditioned,target_conditioned,conditional_adversarial,LIRCMOP10_BC,LIRCMOP_BC,3,3,100,30,100000,10000,10200,45,1,42,42,0.73,0.184479997211905,0.63,0,0.0144676911818529,0.193053822937443,0.0317124029221883,0.0429672080723433,0.204100079568273,0.380952380952381,0.05,0.380952380952381,0.05,0.995,1.01004999747487,0.05,0,0.425,NaN,0.065769950450776,0.019898779137596,0.204100079568273,0.0416760519683173,0.040016951545989,0.0571816638535908,0
C4_keep80,ref_af_nd,af_not_dominates_ai,none,neighbor4,condition_knn,0.8,yt_dt,binary,objective_target_conditioned,target_conditioned,conditional_adversarial,LIRCMOP10_BC,LIRCMOP_BC,3,3,100,30,100000,30000,30200,125,1,115,115,0.3,0.0485611327303775,0.74,0,0.100680295228919,0.740490248133375,0.0437796796872904,0.0868960442315433,0.740490248133375,0.339130434782609,0.05,0.452173913043478,0.05,0.57,3.03536196691456,0.05,11,0.35,NaN,1.19305251247003,0.1170039346437,0.740490248133375,0.0652126044103246,0.0452172996530959,0.0876317345109498,0
C4_keep80,ref_af_nd,af_not_dominates_ai,none,neighbor4,condition_knn,0.8,yt_dt,binary,objective_target_conditioned,target_conditioned,conditional_adversarial,LIRCMOP10_BC,LIRCMOP_BC,3,3,100,30,100000,50000,50200,205,1,140,140,0.685,0.275788620776935,0.16,0,0.0123279766653297,0.247518560550646,0.0150104197333793,0.0396571642110512,0.248149338358143,0.728571428571429,0.05,0.742857142857143,0.05,0.49,3.59906424329674,0.05,6,0.595,NaN,0.572884838494374,0.0146074236338821,0.248149338358143,0.0321309628671412,0.0154751276271407,0.0441098855219467,0
C4_keep80,ref_af_nd,af_not_dominates_ai,none,neighbor4,condition_knn,0.8,yt_dt,binary,objective_target_conditioned,target_conditioned,conditional_adversarial,LIRCMOP10_BC,LIRCMOP_BC,3,3,100,30,100000,70000,70200,285,1,151,151,0.725,0.310894409296375,0.6,0,0.0107714509622556,0.180363848330299,0.0117919987104418,0.0289085366327538,0.181995103213207,0.688741721854305,0.05,0.708609271523179,0.05,0.335,4.26530177010024,0.05,4,0.735,NaN,0.246445564592861,0.0109878012868876,0.181995103213207,0.023402207275674,0.0125174815112154,0.0324392617884067,0
C4_keep80,ref_af_nd,af_not_dominates_ai,none,neighbor4,condition_knn,0.8,yt_dt,binary,objective_target_conditioned,target_conditioned,conditional_adversarial,LIRCMOP10_BC,LIRCMOP_BC,3,3,100,30,100000,100000,100200,405,1,135,135,0.745,0.0889323731170514,0.4,0,0.00874791847869741,0.30402358055834,0.0134975773664992,0.0283756759064034,0.30402358055834,0.688888888888889,0.05,0.688888888888889,0.05,0.26,6.74991562605468,0.05,5,0.63,NaN,0.116296519694544,0.00972437926150478,0.30402358055834,0.0193957388053843,0.0139231550651935,0.0308080992515573,0
