variant,archiveParetoFilterMode,archivePairDirectionMode,generatorMode,conditionSamplingMode,problem,run,target_FE,actual_FE,gen,Train_AF_count,Train_AI_count,snapshot_file,figure_file
A1_pair_cd,global_af_nd,af_not_dominates_ai,pair_cd_conditioned,,DASCMOP1_BC,1,10000,10080,49,111,111,/Users/lanai/Code/Matlab/PlatEMO/PlatEMO/Data/CCMO_GAN_BDG/A1_pair_cd_snapshots_run1_20260608_124730/archive_objective_snapshots/snapshots/A1_pair_cd/DASCMOP1_BC_run1/DASCMOP1_BC_run1_targetFE010000_A1_pair_cd_archive_training.csv,/Users/lanai/Code/Matlab/PlatEMO/PlatEMO/Data/CCMO_GAN_BDG/A1_pair_cd_snapshots_run1_20260608_124730/archive_objective_snapshots/figures/A1_pair_cd/DASCMOP1_BC/A1_pair_cd_DASCMOP1_BC_run1_FE010000_AF_GAN_objective.png
A1_pair_cd,global_af_nd,af_not_dominates_ai,pair_cd_conditioned,,DASCMOP1_BC,1,20000,20180,98,161,161,/Users/lanai/Code/Matlab/PlatEMO/PlatEMO/Data/CCMO_GAN_BDG/A1_pair_cd_snapshots_run1_20260608_124730/archive_objective_snapshots/snapshots/A1_pair_cd/DASCMOP1_BC_run1/DASCMOP1_BC_run1_targetFE020000_A1_pair_cd_archive_training.csv,/Users/lanai/Code/Matlab/PlatEMO/PlatEMO/Data/CCMO_GAN_BDG/A1_pair_cd_snapshots_run1_20260608_124730/archive_objective_snapshots/figures/A1_pair_cd/DASCMOP1_BC/A1_pair_cd_DASCMOP1_BC_run1_FE020000_AF_GAN_objective.png
A1_pair_cd,global_af_nd,af_not_dominates_ai,pair_cd_conditioned,,DASCMOP1_BC,1,30000,30080,147,118,118,/Users/lanai/Code/Matlab/PlatEMO/PlatEMO/Data/CCMO_GAN_BDG/A1_pair_cd_snapshots_run1_20260608_124730/archive_objective_snapshots/snapshots/A1_pair_cd/DASCMOP1_BC_run1/DASCMOP1_BC_run1_targetFE030000_A1_pair_cd_archive_training.csv,/Users/lanai/Code/Matlab/PlatEMO/PlatEMO/Data/CCMO_GAN_BDG/A1_pair_cd_snapshots_run1_20260608_124730/archive_objective_snapshots/figures/A1_pair_cd/DASCMOP1_BC/A1_pair_cd_DASCMOP1_BC_run1_FE030000_AF_GAN_objective.png
A1_pair_cd,global_af_nd,af_not_dominates_ai,pair_cd_conditioned,,DASCMOP1_BC,1,40000,40180,196,175,175,/Users/lanai/Code/Matlab/PlatEMO/PlatEMO/Data/CCMO_GAN_BDG/A1_pair_cd_snapshots_run1_20260608_124730/archive_objective_snapshots/snapshots/A1_pair_cd/DASCMOP1_BC_run1/DASCMOP1_BC_run1_targetFE040000_A1_pair_cd_archive_training.csv,/Users/lanai/Code/Matlab/PlatEMO/PlatEMO/Data/CCMO_GAN_BDG/A1_pair_cd_snapshots_run1_20260608_124730/archive_objective_snapshots/figures/A1_pair_cd/DASCMOP1_BC/A1_pair_cd_DASCMOP1_BC_run1_FE040000_AF_GAN_objective.png
A1_pair_cd,global_af_nd,af_not_dominates_ai,pair_cd_conditioned,,DASCMOP1_BC,1,50000,50080,245,183,183,/Users/lanai/Code/Matlab/PlatEMO/PlatEMO/Data/CCMO_GAN_BDG/A1_pair_cd_snapshots_run1_20260608_124730/archive_objective_snapshots/snapshots/A1_pair_cd/DASCMOP1_BC_run1/DASCMOP1_BC_run1_targetFE050000_A1_pair_cd_archive_training.csv,/Users/lanai/Code/Matlab/PlatEMO/PlatEMO/Data/CCMO_GAN_BDG/A1_pair_cd_snapshots_run1_20260608_124730/archive_objective_snapshots/figures/A1_pair_cd/DASCMOP1_BC/A1_pair_cd_DASCMOP1_BC_run1_FE050000_AF_GAN_objective.png
A1_pair_cd,global_af_nd,af_not_dominates_ai,pair_cd_conditioned,,DASCMOP1_BC,1,60000,60180,294,218,218,/Users/lanai/Code/Matlab/PlatEMO/PlatEMO/Data/CCMO_GAN_BDG/A1_pair_cd_snapshots_run1_20260608_124730/archive_objective_snapshots/snapshots/A1_pair_cd/DASCMOP1_BC_run1/DASCMOP1_BC_run1_targetFE060000_A1_pair_cd_archive_training.csv,/Users/lanai/Code/Matlab/PlatEMO/PlatEMO/Data/CCMO_GAN_BDG/A1_pair_cd_snapshots_run1_20260608_124730/archive_objective_snapshots/figures/A1_pair_cd/DASCMOP1_BC/A1_pair_cd_DASCMOP1_BC_run1_FE060000_AF_GAN_objective.png
A1_pair_cd,global_af_nd,af_not_dominates_ai,pair_cd_conditioned,,DASCMOP1_BC,1,70000,70080,343,217,217,/Users/lanai/Code/Matlab/PlatEMO/PlatEMO/Data/CCMO_GAN_BDG/A1_pair_cd_snapshots_run1_20260608_124730/archive_objective_snapshots/snapshots/A1_pair_cd/DASCMOP1_BC_run1/DASCMOP1_BC_run1_targetFE070000_A1_pair_cd_archive_training.csv,/Users/lanai/Code/Matlab/PlatEMO/PlatEMO/Data/CCMO_GAN_BDG/A1_pair_cd_snapshots_run1_20260608_124730/archive_objective_snapshots/figures/A1_pair_cd/DASCMOP1_BC/A1_pair_cd_DASCMOP1_BC_run1_FE070000_AF_GAN_objective.png
A1_pair_cd,global_af_nd,af_not_dominates_ai,pair_cd_conditioned,,DASCMOP1_BC,1,80000,80180,392,226,226,/Users/lanai/Code/Matlab/PlatEMO/PlatEMO/Data/CCMO_GAN_BDG/A1_pair_cd_snapshots_run1_20260608_124730/archive_objective_snapshots/snapshots/A1_pair_cd/DASCMOP1_BC_run1/DASCMOP1_BC_run1_targetFE080000_A1_pair_cd_archive_training.csv,/Users/lanai/Code/Matlab/PlatEMO/PlatEMO/Data/CCMO_GAN_BDG/A1_pair_cd_snapshots_run1_20260608_124730/archive_objective_snapshots/figures/A1_pair_cd/DASCMOP1_BC/A1_pair_cd_DASCMOP1_BC_run1_FE080000_AF_GAN_objective.png
A1_pair_cd,global_af_nd,af_not_dominates_ai,pair_cd_conditioned,,DASCMOP1_BC,1,90000,90080,441,227,227,/Users/lanai/Code/Matlab/PlatEMO/PlatEMO/Data/CCMO_GAN_BDG/A1_pair_cd_snapshots_run1_20260608_124730/archive_objective_snapshots/snapshots/A1_pair_cd/DASCMOP1_BC_run1/DASCMOP1_BC_run1_targetFE090000_A1_pair_cd_archive_training.csv,/Users/lanai/Code/Matlab/PlatEMO/PlatEMO/Data/CCMO_GAN_BDG/A1_pair_cd_snapshots_run1_20260608_124730/archive_objective_snapshots/figures/A1_pair_cd/DASCMOP1_BC/A1_pair_cd_DASCMOP1_BC_run1_FE090000_AF_GAN_objective.png
A1_pair_cd,global_af_nd,af_not_dominates_ai,pair_cd_conditioned,,DASCMOP1_BC,1,100000,100180,491,230,230,/Users/lanai/Code/Matlab/PlatEMO/PlatEMO/Data/CCMO_GAN_BDG/A1_pair_cd_snapshots_run1_20260608_124730/archive_objective_snapshots/snapshots/A1_pair_cd/DASCMOP1_BC_run1/DASCMOP1_BC_run1_targetFE100000_A1_pair_cd_archive_training.csv,/Users/lanai/Code/Matlab/PlatEMO/PlatEMO/Data/CCMO_GAN_BDG/A1_pair_cd_snapshots_run1_20260608_124730/archive_objective_snapshots/figures/A1_pair_cd/DASCMOP1_BC/A1_pair_cd_DASCMOP1_BC_run1_FE100000_AF_GAN_objective.png
A1_pair_cd,global_af_nd,af_not_dominates_ai,pair_cd_conditioned,,DASCMOP2_BC,1,10000,10080,49,114,114,/Users/lanai/Code/Matlab/PlatEMO/PlatEMO/Data/CCMO_GAN_BDG/A1_pair_cd_snapshots_run1_20260608_124730/archive_objective_snapshots/snapshots/A1_pair_cd/DASCMOP2_BC_run1/DASCMOP2_BC_run1_targetFE010000_A1_pair_cd_archive_training.csv,/Users/lanai/Code/Matlab/PlatEMO/PlatEMO/Data/CCMO_GAN_BDG/A1_pair_cd_snapshots_run1_20260608_124730/archive_objective_snapshots/figures/A1_pair_cd/DASCMOP2_BC/A1_pair_cd_DASCMOP2_BC_run1_FE010000_AF_GAN_objective.png
A1_pair_cd,global_af_nd,af_not_dominates_ai,pair_cd_conditioned,,DASCMOP2_BC,1,20000,20180,98,221,221,/Users/lanai/Code/Matlab/PlatEMO/PlatEMO/Data/CCMO_GAN_BDG/A1_pair_cd_snapshots_run1_20260608_124730/archive_objective_snapshots/snapshots/A1_pair_cd/DASCMOP2_BC_run1/DASCMOP2_BC_run1_targetFE020000_A1_pair_cd_archive_training.csv,/Users/lanai/Code/Matlab/PlatEMO/PlatEMO/Data/CCMO_GAN_BDG/A1_pair_cd_snapshots_run1_20260608_124730/archive_objective_snapshots/figures/A1_pair_cd/DASCMOP2_BC/A1_pair_cd_DASCMOP2_BC_run1_FE020000_AF_GAN_objective.png
A1_pair_cd,global_af_nd,af_not_dominates_ai,pair_cd_conditioned,,DASCMOP2_BC,1,30000,30080,147,308,308,/Users/lanai/Code/Matlab/PlatEMO/PlatEMO/Data/CCMO_GAN_BDG/A1_pair_cd_snapshots_run1_20260608_124730/archive_objective_snapshots/snapshots/A1_pair_cd/DASCMOP2_BC_run1/DASCMOP2_BC_run1_targetFE030000_A1_pair_cd_archive_training.csv,/Users/lanai/Code/Matlab/PlatEMO/PlatEMO/Data/CCMO_GAN_BDG/A1_pair_cd_snapshots_run1_20260608_124730/archive_objective_snapshots/figures/A1_pair_cd/DASCMOP2_BC/A1_pair_cd_DASCMOP2_BC_run1_FE030000_AF_GAN_objective.png
A1_pair_cd,global_af_nd,af_not_dominates_ai,pair_cd_conditioned,,DASCMOP2_BC,1,40000,40180,196,329,329,/Users/lanai/Code/Matlab/PlatEMO/PlatEMO/Data/CCMO_GAN_BDG/A1_pair_cd_snapshots_run1_20260608_124730/archive_objective_snapshots/snapshots/A1_pair_cd/DASCMOP2_BC_run1/DASCMOP2_BC_run1_targetFE040000_A1_pair_cd_archive_training.csv,/Users/lanai/Code/Matlab/PlatEMO/PlatEMO/Data/CCMO_GAN_BDG/A1_pair_cd_snapshots_run1_20260608_124730/archive_objective_snapshots/figures/A1_pair_cd/DASCMOP2_BC/A1_pair_cd_DASCMOP2_BC_run1_FE040000_AF_GAN_objective.png
A1_pair_cd,global_af_nd,af_not_dominates_ai,pair_cd_conditioned,,DASCMOP2_BC,1,50000,50080,245,363,363,/Users/lanai/Code/Matlab/PlatEMO/PlatEMO/Data/CCMO_GAN_BDG/A1_pair_cd_snapshots_run1_20260608_124730/archive_objective_snapshots/snapshots/A1_pair_cd/DASCMOP2_BC_run1/DASCMOP2_BC_run1_targetFE050000_A1_pair_cd_archive_training.csv,/Users/lanai/Code/Matlab/PlatEMO/PlatEMO/Data/CCMO_GAN_BDG/A1_pair_cd_snapshots_run1_20260608_124730/archive_objective_snapshots/figures/A1_pair_cd/DASCMOP2_BC/A1_pair_cd_DASCMOP2_BC_run1_FE050000_AF_GAN_objective.png
A1_pair_cd,global_af_nd,af_not_dominates_ai,pair_cd_conditioned,,DASCMOP2_BC,1,60000,60180,294,363,363,/Users/lanai/Code/Matlab/PlatEMO/PlatEMO/Data/CCMO_GAN_BDG/A1_pair_cd_snapshots_run1_20260608_124730/archive_objective_snapshots/snapshots/A1_pair_cd/DASCMOP2_BC_run1/DASCMOP2_BC_run1_targetFE060000_A1_pair_cd_archive_training.csv,/Users/lanai/Code/Matlab/PlatEMO/PlatEMO/Data/CCMO_GAN_BDG/A1_pair_cd_snapshots_run1_20260608_124730/archive_objective_snapshots/figures/A1_pair_cd/DASCMOP2_BC/A1_pair_cd_DASCMOP2_BC_run1_FE060000_AF_GAN_objective.png
A1_pair_cd,global_af_nd,af_not_dominates_ai,pair_cd_conditioned,,DASCMOP2_BC,1,70000,70080,343,385,385,/Users/lanai/Code/Matlab/PlatEMO/PlatEMO/Data/CCMO_GAN_BDG/A1_pair_cd_snapshots_run1_20260608_124730/archive_objective_snapshots/snapshots/A1_pair_cd/DASCMOP2_BC_run1/DASCMOP2_BC_run1_targetFE070000_A1_pair_cd_archive_training.csv,/Users/lanai/Code/Matlab/PlatEMO/PlatEMO/Data/CCMO_GAN_BDG/A1_pair_cd_snapshots_run1_20260608_124730/archive_objective_snapshots/figures/A1_pair_cd/DASCMOP2_BC/A1_pair_cd_DASCMOP2_BC_run1_FE070000_AF_GAN_objective.png
A1_pair_cd,global_af_nd,af_not_dominates_ai,pair_cd_conditioned,,DASCMOP2_BC,1,80000,80180,392,371,371,/Users/lanai/Code/Matlab/PlatEMO/PlatEMO/Data/CCMO_GAN_BDG/A1_pair_cd_snapshots_run1_20260608_124730/archive_objective_snapshots/snapshots/A1_pair_cd/DASCMOP2_BC_run1/DASCMOP2_BC_run1_targetFE080000_A1_pair_cd_archive_training.csv,/Users/lanai/Code/Matlab/PlatEMO/PlatEMO/Data/CCMO_GAN_BDG/A1_pair_cd_snapshots_run1_20260608_124730/archive_objective_snapshots/figures/A1_pair_cd/DASCMOP2_BC/A1_pair_cd_DASCMOP2_BC_run1_FE080000_AF_GAN_objective.png
A1_pair_cd,global_af_nd,af_not_dominates_ai,pair_cd_conditioned,,DASCMOP2_BC,1,90000,90080,441,372,372,/Users/lanai/Code/Matlab/PlatEMO/PlatEMO/Data/CCMO_GAN_BDG/A1_pair_cd_snapshots_run1_20260608_124730/archive_objective_snapshots/snapshots/A1_pair_cd/DASCMOP2_BC_run1/DASCMOP2_BC_run1_targetFE090000_A1_pair_cd_archive_training.csv,/Users/lanai/Code/Matlab/PlatEMO/PlatEMO/Data/CCMO_GAN_BDG/A1_pair_cd_snapshots_run1_20260608_124730/archive_objective_snapshots/figures/A1_pair_cd/DASCMOP2_BC/A1_pair_cd_DASCMOP2_BC_run1_FE090000_AF_GAN_objective.png
A1_pair_cd,global_af_nd,af_not_dominates_ai,pair_cd_conditioned,,DASCMOP2_BC,1,100000,100180,491,383,383,/Users/lanai/Code/Matlab/PlatEMO/PlatEMO/Data/CCMO_GAN_BDG/A1_pair_cd_snapshots_run1_20260608_124730/archive_objective_snapshots/snapshots/A1_pair_cd/DASCMOP2_BC_run1/DASCMOP2_BC_run1_targetFE100000_A1_pair_cd_archive_training.csv,/Users/lanai/Code/Matlab/PlatEMO/PlatEMO/Data/CCMO_GAN_BDG/A1_pair_cd_snapshots_run1_20260608_124730/archive_objective_snapshots/figures/A1_pair_cd/DASCMOP2_BC/A1_pair_cd_DASCMOP2_BC_run1_FE100000_AF_GAN_objective.png
A1_pair_cd,global_af_nd,af_not_dominates_ai,pair_cd_conditioned,,DASCMOP4_BC,1,10000,10000,49,0,0,/Users/lanai/Code/Matlab/PlatEMO/PlatEMO/Data/CCMO_GAN_BDG/A1_pair_cd_snapshots_run1_20260608_124730/archive_objective_snapshots/snapshots/A1_pair_cd/DASCMOP4_BC_run1/DASCMOP4_BC_run1_targetFE010000_A1_pair_cd_archive_training.csv,/Users/lanai/Code/Matlab/PlatEMO/PlatEMO/Data/CCMO_GAN_BDG/A1_pair_cd_snapshots_run1_20260608_124730/archive_objective_snapshots/figures/A1_pair_cd/DASCMOP4_BC/A1_pair_cd_DASCMOP4_BC_run1_FE010000_AF_GAN_objective.png
A1_pair_cd,global_af_nd,af_not_dominates_ai,pair_cd_conditioned,,DASCMOP4_BC,1,20000,20000,99,0,0,/Users/lanai/Code/Matlab/PlatEMO/PlatEMO/Data/CCMO_GAN_BDG/A1_pair_cd_snapshots_run1_20260608_124730/archive_objective_snapshots/snapshots/A1_pair_cd/DASCMOP4_BC_run1/DASCMOP4_BC_run1_targetFE020000_A1_pair_cd_archive_training.csv,/Users/lanai/Code/Matlab/PlatEMO/PlatEMO/Data/CCMO_GAN_BDG/A1_pair_cd_snapshots_run1_20260608_124730/archive_objective_snapshots/figures/A1_pair_cd/DASCMOP4_BC/A1_pair_cd_DASCMOP4_BC_run1_FE020000_AF_GAN_objective.png
A1_pair_cd,global_af_nd,af_not_dominates_ai,pair_cd_conditioned,,DASCMOP4_BC,1,30000,30020,149,4,4,/Users/lanai/Code/Matlab/PlatEMO/PlatEMO/Data/CCMO_GAN_BDG/A1_pair_cd_snapshots_run1_20260608_124730/archive_objective_snapshots/snapshots/A1_pair_cd/DASCMOP4_BC_run1/DASCMOP4_BC_run1_targetFE030000_A1_pair_cd_archive_training.csv,/Users/lanai/Code/Matlab/PlatEMO/PlatEMO/Data/CCMO_GAN_BDG/A1_pair_cd_snapshots_run1_20260608_124730/archive_objective_snapshots/figures/A1_pair_cd/DASCMOP4_BC/A1_pair_cd_DASCMOP4_BC_run1_FE030000_AF_GAN_objective.png
A1_pair_cd,global_af_nd,af_not_dominates_ai,pair_cd_conditioned,,DASCMOP4_BC,1,40000,40120,198,78,78,/Users/lanai/Code/Matlab/PlatEMO/PlatEMO/Data/CCMO_GAN_BDG/A1_pair_cd_snapshots_run1_20260608_124730/archive_objective_snapshots/snapshots/A1_pair_cd/DASCMOP4_BC_run1/DASCMOP4_BC_run1_targetFE040000_A1_pair_cd_archive_training.csv,/Users/lanai/Code/Matlab/PlatEMO/PlatEMO/Data/CCMO_GAN_BDG/A1_pair_cd_snapshots_run1_20260608_124730/archive_objective_snapshots/figures/A1_pair_cd/DASCMOP4_BC/A1_pair_cd_DASCMOP4_BC_run1_FE040000_AF_GAN_objective.png
A1_pair_cd,global_af_nd,af_not_dominates_ai,pair_cd_conditioned,,DASCMOP4_BC,1,50000,50020,247,66,66,/Users/lanai/Code/Matlab/PlatEMO/PlatEMO/Data/CCMO_GAN_BDG/A1_pair_cd_snapshots_run1_20260608_124730/archive_objective_snapshots/snapshots/A1_pair_cd/DASCMOP4_BC_run1/DASCMOP4_BC_run1_targetFE050000_A1_pair_cd_archive_training.csv,/Users/lanai/Code/Matlab/PlatEMO/PlatEMO/Data/CCMO_GAN_BDG/A1_pair_cd_snapshots_run1_20260608_124730/archive_objective_snapshots/figures/A1_pair_cd/DASCMOP4_BC/A1_pair_cd_DASCMOP4_BC_run1_FE050000_AF_GAN_objective.png
A1_pair_cd,global_af_nd,af_not_dominates_ai,pair_cd_conditioned,,DASCMOP4_BC,1,60000,60120,296,96,96,/Users/lanai/Code/Matlab/PlatEMO/PlatEMO/Data/CCMO_GAN_BDG/A1_pair_cd_snapshots_run1_20260608_124730/archive_objective_snapshots/snapshots/A1_pair_cd/DASCMOP4_BC_run1/DASCMOP4_BC_run1_targetFE060000_A1_pair_cd_archive_training.csv,/Users/lanai/Code/Matlab/PlatEMO/PlatEMO/Data/CCMO_GAN_BDG/A1_pair_cd_snapshots_run1_20260608_124730/archive_objective_snapshots/figures/A1_pair_cd/DASCMOP4_BC/A1_pair_cd_DASCMOP4_BC_run1_FE060000_AF_GAN_objective.png
A1_pair_cd,global_af_nd,af_not_dominates_ai,pair_cd_conditioned,,DASCMOP4_BC,1,70000,70020,345,107,107,/Users/lanai/Code/Matlab/PlatEMO/PlatEMO/Data/CCMO_GAN_BDG/A1_pair_cd_snapshots_run1_20260608_124730/archive_objective_snapshots/snapshots/A1_pair_cd/DASCMOP4_BC_run1/DASCMOP4_BC_run1_targetFE070000_A1_pair_cd_archive_training.csv,/Users/lanai/Code/Matlab/PlatEMO/PlatEMO/Data/CCMO_GAN_BDG/A1_pair_cd_snapshots_run1_20260608_124730/archive_objective_snapshots/figures/A1_pair_cd/DASCMOP4_BC/A1_pair_cd_DASCMOP4_BC_run1_FE070000_AF_GAN_objective.png
A1_pair_cd,global_af_nd,af_not_dominates_ai,pair_cd_conditioned,,DASCMOP4_BC,1,80000,80120,394,106,106,/Users/lanai/Code/Matlab/PlatEMO/PlatEMO/Data/CCMO_GAN_BDG/A1_pair_cd_snapshots_run1_20260608_124730/archive_objective_snapshots/snapshots/A1_pair_cd/DASCMOP4_BC_run1/DASCMOP4_BC_run1_targetFE080000_A1_pair_cd_archive_training.csv,/Users/lanai/Code/Matlab/PlatEMO/PlatEMO/Data/CCMO_GAN_BDG/A1_pair_cd_snapshots_run1_20260608_124730/archive_objective_snapshots/figures/A1_pair_cd/DASCMOP4_BC/A1_pair_cd_DASCMOP4_BC_run1_FE080000_AF_GAN_objective.png
A1_pair_cd,global_af_nd,af_not_dominates_ai,pair_cd_conditioned,,DASCMOP4_BC,1,90000,90020,443,99,99,/Users/lanai/Code/Matlab/PlatEMO/PlatEMO/Data/CCMO_GAN_BDG/A1_pair_cd_snapshots_run1_20260608_124730/archive_objective_snapshots/snapshots/A1_pair_cd/DASCMOP4_BC_run1/DASCMOP4_BC_run1_targetFE090000_A1_pair_cd_archive_training.csv,/Users/lanai/Code/Matlab/PlatEMO/PlatEMO/Data/CCMO_GAN_BDG/A1_pair_cd_snapshots_run1_20260608_124730/archive_objective_snapshots/figures/A1_pair_cd/DASCMOP4_BC/A1_pair_cd_DASCMOP4_BC_run1_FE090000_AF_GAN_objective.png
A1_pair_cd,global_af_nd,af_not_dominates_ai,pair_cd_conditioned,,DASCMOP4_BC,1,100000,100120,493,110,110,/Users/lanai/Code/Matlab/PlatEMO/PlatEMO/Data/CCMO_GAN_BDG/A1_pair_cd_snapshots_run1_20260608_124730/archive_objective_snapshots/snapshots/A1_pair_cd/DASCMOP4_BC_run1/DASCMOP4_BC_run1_targetFE100000_A1_pair_cd_archive_training.csv,/Users/lanai/Code/Matlab/PlatEMO/PlatEMO/Data/CCMO_GAN_BDG/A1_pair_cd_snapshots_run1_20260608_124730/archive_objective_snapshots/figures/A1_pair_cd/DASCMOP4_BC/A1_pair_cd_DASCMOP4_BC_run1_FE100000_AF_GAN_objective.png
A1_pair_cd,global_af_nd,af_not_dominates_ai,pair_cd_conditioned,,DASCMOP5_BC,1,10000,10000,49,0,0,/Users/lanai/Code/Matlab/PlatEMO/PlatEMO/Data/CCMO_GAN_BDG/A1_pair_cd_snapshots_run1_20260608_124730/archive_objective_snapshots/snapshots/A1_pair_cd/DASCMOP5_BC_run1/DASCMOP5_BC_run1_targetFE010000_A1_pair_cd_archive_training.csv,/Users/lanai/Code/Matlab/PlatEMO/PlatEMO/Data/CCMO_GAN_BDG/A1_pair_cd_snapshots_run1_20260608_124730/archive_objective_snapshots/figures/A1_pair_cd/DASCMOP5_BC/A1_pair_cd_DASCMOP5_BC_run1_FE010000_AF_GAN_objective.png
A1_pair_cd,global_af_nd,af_not_dominates_ai,pair_cd_conditioned,,DASCMOP5_BC,1,20000,20040,99,45,45,/Users/lanai/Code/Matlab/PlatEMO/PlatEMO/Data/CCMO_GAN_BDG/A1_pair_cd_snapshots_run1_20260608_124730/archive_objective_snapshots/snapshots/A1_pair_cd/DASCMOP5_BC_run1/DASCMOP5_BC_run1_targetFE020000_A1_pair_cd_archive_training.csv,/Users/lanai/Code/Matlab/PlatEMO/PlatEMO/Data/CCMO_GAN_BDG/A1_pair_cd_snapshots_run1_20260608_124730/archive_objective_snapshots/figures/A1_pair_cd/DASCMOP5_BC/A1_pair_cd_DASCMOP5_BC_run1_FE020000_AF_GAN_objective.png
A1_pair_cd,global_af_nd,af_not_dominates_ai,pair_cd_conditioned,,DASCMOP5_BC,1,30000,30140,149,93,93,/Users/lanai/Code/Matlab/PlatEMO/PlatEMO/Data/CCMO_GAN_BDG/A1_pair_cd_snapshots_run1_20260608_124730/archive_objective_snapshots/snapshots/A1_pair_cd/DASCMOP5_BC_run1/DASCMOP5_BC_run1_targetFE030000_A1_pair_cd_archive_training.csv,/Users/lanai/Code/Matlab/PlatEMO/PlatEMO/Data/CCMO_GAN_BDG/A1_pair_cd_snapshots_run1_20260608_124730/archive_objective_snapshots/figures/A1_pair_cd/DASCMOP5_BC/A1_pair_cd_DASCMOP5_BC_run1_FE030000_AF_GAN_objective.png
A1_pair_cd,global_af_nd,af_not_dominates_ai,pair_cd_conditioned,,DASCMOP5_BC,1,40000,40040,197,91,91,/Users/lanai/Code/Matlab/PlatEMO/PlatEMO/Data/CCMO_GAN_BDG/A1_pair_cd_snapshots_run1_20260608_124730/archive_objective_snapshots/snapshots/A1_pair_cd/DASCMOP5_BC_run1/DASCMOP5_BC_run1_targetFE040000_A1_pair_cd_archive_training.csv,/Users/lanai/Code/Matlab/PlatEMO/PlatEMO/Data/CCMO_GAN_BDG/A1_pair_cd_snapshots_run1_20260608_124730/archive_objective_snapshots/figures/A1_pair_cd/DASCMOP5_BC/A1_pair_cd_DASCMOP5_BC_run1_FE040000_AF_GAN_objective.png
A1_pair_cd,global_af_nd,af_not_dominates_ai,pair_cd_conditioned,,DASCMOP5_BC,1,50000,50140,247,77,77,/Users/lanai/Code/Matlab/PlatEMO/PlatEMO/Data/CCMO_GAN_BDG/A1_pair_cd_snapshots_run1_20260608_124730/archive_objective_snapshots/snapshots/A1_pair_cd/DASCMOP5_BC_run1/DASCMOP5_BC_run1_targetFE050000_A1_pair_cd_archive_training.csv,/Users/lanai/Code/Matlab/PlatEMO/PlatEMO/Data/CCMO_GAN_BDG/A1_pair_cd_snapshots_run1_20260608_124730/archive_objective_snapshots/figures/A1_pair_cd/DASCMOP5_BC/A1_pair_cd_DASCMOP5_BC_run1_FE050000_AF_GAN_objective.png
A1_pair_cd,global_af_nd,af_not_dominates_ai,pair_cd_conditioned,,DASCMOP5_BC,1,60000,60040,295,65,65,/Users/lanai/Code/Matlab/PlatEMO/PlatEMO/Data/CCMO_GAN_BDG/A1_pair_cd_snapshots_run1_20260608_124730/archive_objective_snapshots/snapshots/A1_pair_cd/DASCMOP5_BC_run1/DASCMOP5_BC_run1_targetFE060000_A1_pair_cd_archive_training.csv,/Users/lanai/Code/Matlab/PlatEMO/PlatEMO/Data/CCMO_GAN_BDG/A1_pair_cd_snapshots_run1_20260608_124730/archive_objective_snapshots/figures/A1_pair_cd/DASCMOP5_BC/A1_pair_cd_DASCMOP5_BC_run1_FE060000_AF_GAN_objective.png
A1_pair_cd,global_af_nd,af_not_dominates_ai,pair_cd_conditioned,,DASCMOP5_BC,1,70000,70140,345,89,89,/Users/lanai/Code/Matlab/PlatEMO/PlatEMO/Data/CCMO_GAN_BDG/A1_pair_cd_snapshots_run1_20260608_124730/archive_objective_snapshots/snapshots/A1_pair_cd/DASCMOP5_BC_run1/DASCMOP5_BC_run1_targetFE070000_A1_pair_cd_archive_training.csv,/Users/lanai/Code/Matlab/PlatEMO/PlatEMO/Data/CCMO_GAN_BDG/A1_pair_cd_snapshots_run1_20260608_124730/archive_objective_snapshots/figures/A1_pair_cd/DASCMOP5_BC/A1_pair_cd_DASCMOP5_BC_run1_FE070000_AF_GAN_objective.png
A1_pair_cd,global_af_nd,af_not_dominates_ai,pair_cd_conditioned,,DASCMOP5_BC,1,80000,80040,393,84,84,/Users/lanai/Code/Matlab/PlatEMO/PlatEMO/Data/CCMO_GAN_BDG/A1_pair_cd_snapshots_run1_20260608_124730/archive_objective_snapshots/snapshots/A1_pair_cd/DASCMOP5_BC_run1/DASCMOP5_BC_run1_targetFE080000_A1_pair_cd_archive_training.csv,/Users/lanai/Code/Matlab/PlatEMO/PlatEMO/Data/CCMO_GAN_BDG/A1_pair_cd_snapshots_run1_20260608_124730/archive_objective_snapshots/figures/A1_pair_cd/DASCMOP5_BC/A1_pair_cd_DASCMOP5_BC_run1_FE080000_AF_GAN_objective.png
A1_pair_cd,global_af_nd,af_not_dominates_ai,pair_cd_conditioned,,DASCMOP5_BC,1,90000,90140,443,158,158,/Users/lanai/Code/Matlab/PlatEMO/PlatEMO/Data/CCMO_GAN_BDG/A1_pair_cd_snapshots_run1_20260608_124730/archive_objective_snapshots/snapshots/A1_pair_cd/DASCMOP5_BC_run1/DASCMOP5_BC_run1_targetFE090000_A1_pair_cd_archive_training.csv,/Users/lanai/Code/Matlab/PlatEMO/PlatEMO/Data/CCMO_GAN_BDG/A1_pair_cd_snapshots_run1_20260608_124730/archive_objective_snapshots/figures/A1_pair_cd/DASCMOP5_BC/A1_pair_cd_DASCMOP5_BC_run1_FE090000_AF_GAN_objective.png
A1_pair_cd,global_af_nd,af_not_dominates_ai,pair_cd_conditioned,,DASCMOP5_BC,1,100000,100040,492,193,193,/Users/lanai/Code/Matlab/PlatEMO/PlatEMO/Data/CCMO_GAN_BDG/A1_pair_cd_snapshots_run1_20260608_124730/archive_objective_snapshots/snapshots/A1_pair_cd/DASCMOP5_BC_run1/DASCMOP5_BC_run1_targetFE100000_A1_pair_cd_archive_training.csv,/Users/lanai/Code/Matlab/PlatEMO/PlatEMO/Data/CCMO_GAN_BDG/A1_pair_cd_snapshots_run1_20260608_124730/archive_objective_snapshots/figures/A1_pair_cd/DASCMOP5_BC/A1_pair_cd_DASCMOP5_BC_run1_FE100000_AF_GAN_objective.png
A1_pair_cd,global_af_nd,af_not_dominates_ai,pair_cd_conditioned,,LIRCMOP5_BC,1,10000,10020,49,124,124,/Users/lanai/Code/Matlab/PlatEMO/PlatEMO/Data/CCMO_GAN_BDG/A1_pair_cd_snapshots_run1_20260608_124730/archive_objective_snapshots/snapshots/A1_pair_cd/LIRCMOP5_BC_run1/LIRCMOP5_BC_run1_targetFE010000_A1_pair_cd_archive_training.csv,/Users/lanai/Code/Matlab/PlatEMO/PlatEMO/Data/CCMO_GAN_BDG/A1_pair_cd_snapshots_run1_20260608_124730/archive_objective_snapshots/figures/A1_pair_cd/LIRCMOP5_BC/A1_pair_cd_LIRCMOP5_BC_run1_FE010000_AF_GAN_objective.png
A1_pair_cd,global_af_nd,af_not_dominates_ai,pair_cd_conditioned,,LIRCMOP5_BC,1,20000,20120,98,143,143,/Users/lanai/Code/Matlab/PlatEMO/PlatEMO/Data/CCMO_GAN_BDG/A1_pair_cd_snapshots_run1_20260608_124730/archive_objective_snapshots/snapshots/A1_pair_cd/LIRCMOP5_BC_run1/LIRCMOP5_BC_run1_targetFE020000_A1_pair_cd_archive_training.csv,/Users/lanai/Code/Matlab/PlatEMO/PlatEMO/Data/CCMO_GAN_BDG/A1_pair_cd_snapshots_run1_20260608_124730/archive_objective_snapshots/figures/A1_pair_cd/LIRCMOP5_BC/A1_pair_cd_LIRCMOP5_BC_run1_FE020000_AF_GAN_objective.png
A1_pair_cd,global_af_nd,af_not_dominates_ai,pair_cd_conditioned,,LIRCMOP5_BC,1,30000,30020,147,165,165,/Users/lanai/Code/Matlab/PlatEMO/PlatEMO/Data/CCMO_GAN_BDG/A1_pair_cd_snapshots_run1_20260608_124730/archive_objective_snapshots/snapshots/A1_pair_cd/LIRCMOP5_BC_run1/LIRCMOP5_BC_run1_targetFE030000_A1_pair_cd_archive_training.csv,/Users/lanai/Code/Matlab/PlatEMO/PlatEMO/Data/CCMO_GAN_BDG/A1_pair_cd_snapshots_run1_20260608_124730/archive_objective_snapshots/figures/A1_pair_cd/LIRCMOP5_BC/A1_pair_cd_LIRCMOP5_BC_run1_FE030000_AF_GAN_objective.png
A1_pair_cd,global_af_nd,af_not_dominates_ai,pair_cd_conditioned,,LIRCMOP5_BC,1,40000,40120,196,190,190,/Users/lanai/Code/Matlab/PlatEMO/PlatEMO/Data/CCMO_GAN_BDG/A1_pair_cd_snapshots_run1_20260608_124730/archive_objective_snapshots/snapshots/A1_pair_cd/LIRCMOP5_BC_run1/LIRCMOP5_BC_run1_targetFE040000_A1_pair_cd_archive_training.csv,/Users/lanai/Code/Matlab/PlatEMO/PlatEMO/Data/CCMO_GAN_BDG/A1_pair_cd_snapshots_run1_20260608_124730/archive_objective_snapshots/figures/A1_pair_cd/LIRCMOP5_BC/A1_pair_cd_LIRCMOP5_BC_run1_FE040000_AF_GAN_objective.png
A1_pair_cd,global_af_nd,af_not_dominates_ai,pair_cd_conditioned,,LIRCMOP5_BC,1,50000,50020,245,235,235,/Users/lanai/Code/Matlab/PlatEMO/PlatEMO/Data/CCMO_GAN_BDG/A1_pair_cd_snapshots_run1_20260608_124730/archive_objective_snapshots/snapshots/A1_pair_cd/LIRCMOP5_BC_run1/LIRCMOP5_BC_run1_targetFE050000_A1_pair_cd_archive_training.csv,/Users/lanai/Code/Matlab/PlatEMO/PlatEMO/Data/CCMO_GAN_BDG/A1_pair_cd_snapshots_run1_20260608_124730/archive_objective_snapshots/figures/A1_pair_cd/LIRCMOP5_BC/A1_pair_cd_LIRCMOP5_BC_run1_FE050000_AF_GAN_objective.png
A1_pair_cd,global_af_nd,af_not_dominates_ai,pair_cd_conditioned,,LIRCMOP5_BC,1,60000,60120,294,71,71,/Users/lanai/Code/Matlab/PlatEMO/PlatEMO/Data/CCMO_GAN_BDG/A1_pair_cd_snapshots_run1_20260608_124730/archive_objective_snapshots/snapshots/A1_pair_cd/LIRCMOP5_BC_run1/LIRCMOP5_BC_run1_targetFE060000_A1_pair_cd_archive_training.csv,/Users/lanai/Code/Matlab/PlatEMO/PlatEMO/Data/CCMO_GAN_BDG/A1_pair_cd_snapshots_run1_20260608_124730/archive_objective_snapshots/figures/A1_pair_cd/LIRCMOP5_BC/A1_pair_cd_LIRCMOP5_BC_run1_FE060000_AF_GAN_objective.png
A1_pair_cd,global_af_nd,af_not_dominates_ai,pair_cd_conditioned,,LIRCMOP5_BC,1,70000,70020,343,88,88,/Users/lanai/Code/Matlab/PlatEMO/PlatEMO/Data/CCMO_GAN_BDG/A1_pair_cd_snapshots_run1_20260608_124730/archive_objective_snapshots/snapshots/A1_pair_cd/LIRCMOP5_BC_run1/LIRCMOP5_BC_run1_targetFE070000_A1_pair_cd_archive_training.csv,/Users/lanai/Code/Matlab/PlatEMO/PlatEMO/Data/CCMO_GAN_BDG/A1_pair_cd_snapshots_run1_20260608_124730/archive_objective_snapshots/figures/A1_pair_cd/LIRCMOP5_BC/A1_pair_cd_LIRCMOP5_BC_run1_FE070000_AF_GAN_objective.png
A1_pair_cd,global_af_nd,af_not_dominates_ai,pair_cd_conditioned,,LIRCMOP5_BC,1,80000,80120,392,196,196,/Users/lanai/Code/Matlab/PlatEMO/PlatEMO/Data/CCMO_GAN_BDG/A1_pair_cd_snapshots_run1_20260608_124730/archive_objective_snapshots/snapshots/A1_pair_cd/LIRCMOP5_BC_run1/LIRCMOP5_BC_run1_targetFE080000_A1_pair_cd_archive_training.csv,/Users/lanai/Code/Matlab/PlatEMO/PlatEMO/Data/CCMO_GAN_BDG/A1_pair_cd_snapshots_run1_20260608_124730/archive_objective_snapshots/figures/A1_pair_cd/LIRCMOP5_BC/A1_pair_cd_LIRCMOP5_BC_run1_FE080000_AF_GAN_objective.png
A1_pair_cd,global_af_nd,af_not_dominates_ai,pair_cd_conditioned,,LIRCMOP5_BC,1,90000,90020,441,253,253,/Users/lanai/Code/Matlab/PlatEMO/PlatEMO/Data/CCMO_GAN_BDG/A1_pair_cd_snapshots_run1_20260608_124730/archive_objective_snapshots/snapshots/A1_pair_cd/LIRCMOP5_BC_run1/LIRCMOP5_BC_run1_targetFE090000_A1_pair_cd_archive_training.csv,/Users/lanai/Code/Matlab/PlatEMO/PlatEMO/Data/CCMO_GAN_BDG/A1_pair_cd_snapshots_run1_20260608_124730/archive_objective_snapshots/figures/A1_pair_cd/LIRCMOP5_BC/A1_pair_cd_LIRCMOP5_BC_run1_FE090000_AF_GAN_objective.png
A1_pair_cd,global_af_nd,af_not_dominates_ai,pair_cd_conditioned,,LIRCMOP5_BC,1,100000,100120,491,286,286,/Users/lanai/Code/Matlab/PlatEMO/PlatEMO/Data/CCMO_GAN_BDG/A1_pair_cd_snapshots_run1_20260608_124730/archive_objective_snapshots/snapshots/A1_pair_cd/LIRCMOP5_BC_run1/LIRCMOP5_BC_run1_targetFE100000_A1_pair_cd_archive_training.csv,/Users/lanai/Code/Matlab/PlatEMO/PlatEMO/Data/CCMO_GAN_BDG/A1_pair_cd_snapshots_run1_20260608_124730/archive_objective_snapshots/figures/A1_pair_cd/LIRCMOP5_BC/A1_pair_cd_LIRCMOP5_BC_run1_FE100000_AF_GAN_objective.png
A1_pair_cd,global_af_nd,af_not_dominates_ai,pair_cd_conditioned,,LIRCMOP6_BC,1,10000,10000,49,68,68,/Users/lanai/Code/Matlab/PlatEMO/PlatEMO/Data/CCMO_GAN_BDG/A1_pair_cd_snapshots_run1_20260608_124730/archive_objective_snapshots/snapshots/A1_pair_cd/LIRCMOP6_BC_run1/LIRCMOP6_BC_run1_targetFE010000_A1_pair_cd_archive_training.csv,/Users/lanai/Code/Matlab/PlatEMO/PlatEMO/Data/CCMO_GAN_BDG/A1_pair_cd_snapshots_run1_20260608_124730/archive_objective_snapshots/figures/A1_pair_cd/LIRCMOP6_BC/A1_pair_cd_LIRCMOP6_BC_run1_FE010000_AF_GAN_objective.png
A1_pair_cd,global_af_nd,af_not_dominates_ai,pair_cd_conditioned,,LIRCMOP6_BC,1,20000,20100,99,179,179,/Users/lanai/Code/Matlab/PlatEMO/PlatEMO/Data/CCMO_GAN_BDG/A1_pair_cd_snapshots_run1_20260608_124730/archive_objective_snapshots/snapshots/A1_pair_cd/LIRCMOP6_BC_run1/LIRCMOP6_BC_run1_targetFE020000_A1_pair_cd_archive_training.csv,/Users/lanai/Code/Matlab/PlatEMO/PlatEMO/Data/CCMO_GAN_BDG/A1_pair_cd_snapshots_run1_20260608_124730/archive_objective_snapshots/figures/A1_pair_cd/LIRCMOP6_BC/A1_pair_cd_LIRCMOP6_BC_run1_FE020000_AF_GAN_objective.png
A1_pair_cd,global_af_nd,af_not_dominates_ai,pair_cd_conditioned,,LIRCMOP6_BC,1,30000,30000,148,279,279,/Users/lanai/Code/Matlab/PlatEMO/PlatEMO/Data/CCMO_GAN_BDG/A1_pair_cd_snapshots_run1_20260608_124730/archive_objective_snapshots/snapshots/A1_pair_cd/LIRCMOP6_BC_run1/LIRCMOP6_BC_run1_targetFE030000_A1_pair_cd_archive_training.csv,/Users/lanai/Code/Matlab/PlatEMO/PlatEMO/Data/CCMO_GAN_BDG/A1_pair_cd_snapshots_run1_20260608_124730/archive_objective_snapshots/figures/A1_pair_cd/LIRCMOP6_BC/A1_pair_cd_LIRCMOP6_BC_run1_FE030000_AF_GAN_objective.png
A1_pair_cd,global_af_nd,af_not_dominates_ai,pair_cd_conditioned,,LIRCMOP6_BC,1,40000,40100,197,288,288,/Users/lanai/Code/Matlab/PlatEMO/PlatEMO/Data/CCMO_GAN_BDG/A1_pair_cd_snapshots_run1_20260608_124730/archive_objective_snapshots/snapshots/A1_pair_cd/LIRCMOP6_BC_run1/LIRCMOP6_BC_run1_targetFE040000_A1_pair_cd_archive_training.csv,/Users/lanai/Code/Matlab/PlatEMO/PlatEMO/Data/CCMO_GAN_BDG/A1_pair_cd_snapshots_run1_20260608_124730/archive_objective_snapshots/figures/A1_pair_cd/LIRCMOP6_BC/A1_pair_cd_LIRCMOP6_BC_run1_FE040000_AF_GAN_objective.png
A1_pair_cd,global_af_nd,af_not_dominates_ai,pair_cd_conditioned,,LIRCMOP6_BC,1,50000,50000,246,308,308,/Users/lanai/Code/Matlab/PlatEMO/PlatEMO/Data/CCMO_GAN_BDG/A1_pair_cd_snapshots_run1_20260608_124730/archive_objective_snapshots/snapshots/A1_pair_cd/LIRCMOP6_BC_run1/LIRCMOP6_BC_run1_targetFE050000_A1_pair_cd_archive_training.csv,/Users/lanai/Code/Matlab/PlatEMO/PlatEMO/Data/CCMO_GAN_BDG/A1_pair_cd_snapshots_run1_20260608_124730/archive_objective_snapshots/figures/A1_pair_cd/LIRCMOP6_BC/A1_pair_cd_LIRCMOP6_BC_run1_FE050000_AF_GAN_objective.png
A1_pair_cd,global_af_nd,af_not_dominates_ai,pair_cd_conditioned,,LIRCMOP6_BC,1,60000,60100,295,49,49,/Users/lanai/Code/Matlab/PlatEMO/PlatEMO/Data/CCMO_GAN_BDG/A1_pair_cd_snapshots_run1_20260608_124730/archive_objective_snapshots/snapshots/A1_pair_cd/LIRCMOP6_BC_run1/LIRCMOP6_BC_run1_targetFE060000_A1_pair_cd_archive_training.csv,/Users/lanai/Code/Matlab/PlatEMO/PlatEMO/Data/CCMO_GAN_BDG/A1_pair_cd_snapshots_run1_20260608_124730/archive_objective_snapshots/figures/A1_pair_cd/LIRCMOP6_BC/A1_pair_cd_LIRCMOP6_BC_run1_FE060000_AF_GAN_objective.png
A1_pair_cd,global_af_nd,af_not_dominates_ai,pair_cd_conditioned,,LIRCMOP6_BC,1,70000,70000,344,145,145,/Users/lanai/Code/Matlab/PlatEMO/PlatEMO/Data/CCMO_GAN_BDG/A1_pair_cd_snapshots_run1_20260608_124730/archive_objective_snapshots/snapshots/A1_pair_cd/LIRCMOP6_BC_run1/LIRCMOP6_BC_run1_targetFE070000_A1_pair_cd_archive_training.csv,/Users/lanai/Code/Matlab/PlatEMO/PlatEMO/Data/CCMO_GAN_BDG/A1_pair_cd_snapshots_run1_20260608_124730/archive_objective_snapshots/figures/A1_pair_cd/LIRCMOP6_BC/A1_pair_cd_LIRCMOP6_BC_run1_FE070000_AF_GAN_objective.png
A1_pair_cd,global_af_nd,af_not_dominates_ai,pair_cd_conditioned,,LIRCMOP6_BC,1,80000,80100,393,245,245,/Users/lanai/Code/Matlab/PlatEMO/PlatEMO/Data/CCMO_GAN_BDG/A1_pair_cd_snapshots_run1_20260608_124730/archive_objective_snapshots/snapshots/A1_pair_cd/LIRCMOP6_BC_run1/LIRCMOP6_BC_run1_targetFE080000_A1_pair_cd_archive_training.csv,/Users/lanai/Code/Matlab/PlatEMO/PlatEMO/Data/CCMO_GAN_BDG/A1_pair_cd_snapshots_run1_20260608_124730/archive_objective_snapshots/figures/A1_pair_cd/LIRCMOP6_BC/A1_pair_cd_LIRCMOP6_BC_run1_FE080000_AF_GAN_objective.png
A1_pair_cd,global_af_nd,af_not_dominates_ai,pair_cd_conditioned,,LIRCMOP6_BC,1,90000,90000,442,297,297,/Users/lanai/Code/Matlab/PlatEMO/PlatEMO/Data/CCMO_GAN_BDG/A1_pair_cd_snapshots_run1_20260608_124730/archive_objective_snapshots/snapshots/A1_pair_cd/LIRCMOP6_BC_run1/LIRCMOP6_BC_run1_targetFE090000_A1_pair_cd_archive_training.csv,/Users/lanai/Code/Matlab/PlatEMO/PlatEMO/Data/CCMO_GAN_BDG/A1_pair_cd_snapshots_run1_20260608_124730/archive_objective_snapshots/figures/A1_pair_cd/LIRCMOP6_BC/A1_pair_cd_LIRCMOP6_BC_run1_FE090000_AF_GAN_objective.png
A1_pair_cd,global_af_nd,af_not_dominates_ai,pair_cd_conditioned,,LIRCMOP6_BC,1,100000,100100,492,334,334,/Users/lanai/Code/Matlab/PlatEMO/PlatEMO/Data/CCMO_GAN_BDG/A1_pair_cd_snapshots_run1_20260608_124730/archive_objective_snapshots/snapshots/A1_pair_cd/LIRCMOP6_BC_run1/LIRCMOP6_BC_run1_targetFE100000_A1_pair_cd_archive_training.csv,/Users/lanai/Code/Matlab/PlatEMO/PlatEMO/Data/CCMO_GAN_BDG/A1_pair_cd_snapshots_run1_20260608_124730/archive_objective_snapshots/figures/A1_pair_cd/LIRCMOP6_BC/A1_pair_cd_LIRCMOP6_BC_run1_FE100000_AF_GAN_objective.png
A1_pair_cd,global_af_nd,af_not_dominates_ai,pair_cd_conditioned,,LIRCMOP7_BC,1,10000,10060,49,111,111,/Users/lanai/Code/Matlab/PlatEMO/PlatEMO/Data/CCMO_GAN_BDG/A1_pair_cd_snapshots_run1_20260608_124730/archive_objective_snapshots/snapshots/A1_pair_cd/LIRCMOP7_BC_run1/LIRCMOP7_BC_run1_targetFE010000_A1_pair_cd_archive_training.csv,/Users/lanai/Code/Matlab/PlatEMO/PlatEMO/Data/CCMO_GAN_BDG/A1_pair_cd_snapshots_run1_20260608_124730/archive_objective_snapshots/figures/A1_pair_cd/LIRCMOP7_BC/A1_pair_cd_LIRCMOP7_BC_run1_FE010000_AF_GAN_objective.png
A1_pair_cd,global_af_nd,af_not_dominates_ai,pair_cd_conditioned,,LIRCMOP7_BC,1,20000,20160,98,287,287,/Users/lanai/Code/Matlab/PlatEMO/PlatEMO/Data/CCMO_GAN_BDG/A1_pair_cd_snapshots_run1_20260608_124730/archive_objective_snapshots/snapshots/A1_pair_cd/LIRCMOP7_BC_run1/LIRCMOP7_BC_run1_targetFE020000_A1_pair_cd_archive_training.csv,/Users/lanai/Code/Matlab/PlatEMO/PlatEMO/Data/CCMO_GAN_BDG/A1_pair_cd_snapshots_run1_20260608_124730/archive_objective_snapshots/figures/A1_pair_cd/LIRCMOP7_BC/A1_pair_cd_LIRCMOP7_BC_run1_FE020000_AF_GAN_objective.png
A1_pair_cd,global_af_nd,af_not_dominates_ai,pair_cd_conditioned,,LIRCMOP7_BC,1,30000,30060,147,139,139,/Users/lanai/Code/Matlab/PlatEMO/PlatEMO/Data/CCMO_GAN_BDG/A1_pair_cd_snapshots_run1_20260608_124730/archive_objective_snapshots/snapshots/A1_pair_cd/LIRCMOP7_BC_run1/LIRCMOP7_BC_run1_targetFE030000_A1_pair_cd_archive_training.csv,/Users/lanai/Code/Matlab/PlatEMO/PlatEMO/Data/CCMO_GAN_BDG/A1_pair_cd_snapshots_run1_20260608_124730/archive_objective_snapshots/figures/A1_pair_cd/LIRCMOP7_BC/A1_pair_cd_LIRCMOP7_BC_run1_FE030000_AF_GAN_objective.png
A1_pair_cd,global_af_nd,af_not_dominates_ai,pair_cd_conditioned,,LIRCMOP7_BC,1,40000,40160,196,161,161,/Users/lanai/Code/Matlab/PlatEMO/PlatEMO/Data/CCMO_GAN_BDG/A1_pair_cd_snapshots_run1_20260608_124730/archive_objective_snapshots/snapshots/A1_pair_cd/LIRCMOP7_BC_run1/LIRCMOP7_BC_run1_targetFE040000_A1_pair_cd_archive_training.csv,/Users/lanai/Code/Matlab/PlatEMO/PlatEMO/Data/CCMO_GAN_BDG/A1_pair_cd_snapshots_run1_20260608_124730/archive_objective_snapshots/figures/A1_pair_cd/LIRCMOP7_BC/A1_pair_cd_LIRCMOP7_BC_run1_FE040000_AF_GAN_objective.png
A1_pair_cd,global_af_nd,af_not_dominates_ai,pair_cd_conditioned,,LIRCMOP7_BC,1,50000,50060,245,218,218,/Users/lanai/Code/Matlab/PlatEMO/PlatEMO/Data/CCMO_GAN_BDG/A1_pair_cd_snapshots_run1_20260608_124730/archive_objective_snapshots/snapshots/A1_pair_cd/LIRCMOP7_BC_run1/LIRCMOP7_BC_run1_targetFE050000_A1_pair_cd_archive_training.csv,/Users/lanai/Code/Matlab/PlatEMO/PlatEMO/Data/CCMO_GAN_BDG/A1_pair_cd_snapshots_run1_20260608_124730/archive_objective_snapshots/figures/A1_pair_cd/LIRCMOP7_BC/A1_pair_cd_LIRCMOP7_BC_run1_FE050000_AF_GAN_objective.png
A1_pair_cd,global_af_nd,af_not_dominates_ai,pair_cd_conditioned,,LIRCMOP7_BC,1,60000,60160,294,264,264,/Users/lanai/Code/Matlab/PlatEMO/PlatEMO/Data/CCMO_GAN_BDG/A1_pair_cd_snapshots_run1_20260608_124730/archive_objective_snapshots/snapshots/A1_pair_cd/LIRCMOP7_BC_run1/LIRCMOP7_BC_run1_targetFE060000_A1_pair_cd_archive_training.csv,/Users/lanai/Code/Matlab/PlatEMO/PlatEMO/Data/CCMO_GAN_BDG/A1_pair_cd_snapshots_run1_20260608_124730/archive_objective_snapshots/figures/A1_pair_cd/LIRCMOP7_BC/A1_pair_cd_LIRCMOP7_BC_run1_FE060000_AF_GAN_objective.png
A1_pair_cd,global_af_nd,af_not_dominates_ai,pair_cd_conditioned,,LIRCMOP7_BC,1,70000,70060,343,293,293,/Users/lanai/Code/Matlab/PlatEMO/PlatEMO/Data/CCMO_GAN_BDG/A1_pair_cd_snapshots_run1_20260608_124730/archive_objective_snapshots/snapshots/A1_pair_cd/LIRCMOP7_BC_run1/LIRCMOP7_BC_run1_targetFE070000_A1_pair_cd_archive_training.csv,/Users/lanai/Code/Matlab/PlatEMO/PlatEMO/Data/CCMO_GAN_BDG/A1_pair_cd_snapshots_run1_20260608_124730/archive_objective_snapshots/figures/A1_pair_cd/LIRCMOP7_BC/A1_pair_cd_LIRCMOP7_BC_run1_FE070000_AF_GAN_objective.png
A1_pair_cd,global_af_nd,af_not_dominates_ai,pair_cd_conditioned,,LIRCMOP7_BC,1,80000,80160,392,311,311,/Users/lanai/Code/Matlab/PlatEMO/PlatEMO/Data/CCMO_GAN_BDG/A1_pair_cd_snapshots_run1_20260608_124730/archive_objective_snapshots/snapshots/A1_pair_cd/LIRCMOP7_BC_run1/LIRCMOP7_BC_run1_targetFE080000_A1_pair_cd_archive_training.csv,/Users/lanai/Code/Matlab/PlatEMO/PlatEMO/Data/CCMO_GAN_BDG/A1_pair_cd_snapshots_run1_20260608_124730/archive_objective_snapshots/figures/A1_pair_cd/LIRCMOP7_BC/A1_pair_cd_LIRCMOP7_BC_run1_FE080000_AF_GAN_objective.png
A1_pair_cd,global_af_nd,af_not_dominates_ai,pair_cd_conditioned,,LIRCMOP7_BC,1,90000,90060,441,329,329,/Users/lanai/Code/Matlab/PlatEMO/PlatEMO/Data/CCMO_GAN_BDG/A1_pair_cd_snapshots_run1_20260608_124730/archive_objective_snapshots/snapshots/A1_pair_cd/LIRCMOP7_BC_run1/LIRCMOP7_BC_run1_targetFE090000_A1_pair_cd_archive_training.csv,/Users/lanai/Code/Matlab/PlatEMO/PlatEMO/Data/CCMO_GAN_BDG/A1_pair_cd_snapshots_run1_20260608_124730/archive_objective_snapshots/figures/A1_pair_cd/LIRCMOP7_BC/A1_pair_cd_LIRCMOP7_BC_run1_FE090000_AF_GAN_objective.png
A1_pair_cd,global_af_nd,af_not_dominates_ai,pair_cd_conditioned,,LIRCMOP7_BC,1,100000,100160,491,328,328,/Users/lanai/Code/Matlab/PlatEMO/PlatEMO/Data/CCMO_GAN_BDG/A1_pair_cd_snapshots_run1_20260608_124730/archive_objective_snapshots/snapshots/A1_pair_cd/LIRCMOP7_BC_run1/LIRCMOP7_BC_run1_targetFE100000_A1_pair_cd_archive_training.csv,/Users/lanai/Code/Matlab/PlatEMO/PlatEMO/Data/CCMO_GAN_BDG/A1_pair_cd_snapshots_run1_20260608_124730/archive_objective_snapshots/figures/A1_pair_cd/LIRCMOP7_BC/A1_pair_cd_LIRCMOP7_BC_run1_FE100000_AF_GAN_objective.png
A1_pair_cd,global_af_nd,af_not_dominates_ai,pair_cd_conditioned,,LIRCMOP8_BC,1,10000,10020,49,161,161,/Users/lanai/Code/Matlab/PlatEMO/PlatEMO/Data/CCMO_GAN_BDG/A1_pair_cd_snapshots_run1_20260608_124730/archive_objective_snapshots/snapshots/A1_pair_cd/LIRCMOP8_BC_run1/LIRCMOP8_BC_run1_targetFE010000_A1_pair_cd_archive_training.csv,/Users/lanai/Code/Matlab/PlatEMO/PlatEMO/Data/CCMO_GAN_BDG/A1_pair_cd_snapshots_run1_20260608_124730/archive_objective_snapshots/figures/A1_pair_cd/LIRCMOP8_BC/A1_pair_cd_LIRCMOP8_BC_run1_FE010000_AF_GAN_objective.png
A1_pair_cd,global_af_nd,af_not_dominates_ai,pair_cd_conditioned,,LIRCMOP8_BC,1,20000,20120,98,216,216,/Users/lanai/Code/Matlab/PlatEMO/PlatEMO/Data/CCMO_GAN_BDG/A1_pair_cd_snapshots_run1_20260608_124730/archive_objective_snapshots/snapshots/A1_pair_cd/LIRCMOP8_BC_run1/LIRCMOP8_BC_run1_targetFE020000_A1_pair_cd_archive_training.csv,/Users/lanai/Code/Matlab/PlatEMO/PlatEMO/Data/CCMO_GAN_BDG/A1_pair_cd_snapshots_run1_20260608_124730/archive_objective_snapshots/figures/A1_pair_cd/LIRCMOP8_BC/A1_pair_cd_LIRCMOP8_BC_run1_FE020000_AF_GAN_objective.png
A1_pair_cd,global_af_nd,af_not_dominates_ai,pair_cd_conditioned,,LIRCMOP8_BC,1,30000,30020,147,134,134,/Users/lanai/Code/Matlab/PlatEMO/PlatEMO/Data/CCMO_GAN_BDG/A1_pair_cd_snapshots_run1_20260608_124730/archive_objective_snapshots/snapshots/A1_pair_cd/LIRCMOP8_BC_run1/LIRCMOP8_BC_run1_targetFE030000_A1_pair_cd_archive_training.csv,/Users/lanai/Code/Matlab/PlatEMO/PlatEMO/Data/CCMO_GAN_BDG/A1_pair_cd_snapshots_run1_20260608_124730/archive_objective_snapshots/figures/A1_pair_cd/LIRCMOP8_BC/A1_pair_cd_LIRCMOP8_BC_run1_FE030000_AF_GAN_objective.png
A1_pair_cd,global_af_nd,af_not_dominates_ai,pair_cd_conditioned,,LIRCMOP8_BC,1,40000,40120,196,242,242,/Users/lanai/Code/Matlab/PlatEMO/PlatEMO/Data/CCMO_GAN_BDG/A1_pair_cd_snapshots_run1_20260608_124730/archive_objective_snapshots/snapshots/A1_pair_cd/LIRCMOP8_BC_run1/LIRCMOP8_BC_run1_targetFE040000_A1_pair_cd_archive_training.csv,/Users/lanai/Code/Matlab/PlatEMO/PlatEMO/Data/CCMO_GAN_BDG/A1_pair_cd_snapshots_run1_20260608_124730/archive_objective_snapshots/figures/A1_pair_cd/LIRCMOP8_BC/A1_pair_cd_LIRCMOP8_BC_run1_FE040000_AF_GAN_objective.png
A1_pair_cd,global_af_nd,af_not_dominates_ai,pair_cd_conditioned,,LIRCMOP8_BC,1,50000,50020,245,247,247,/Users/lanai/Code/Matlab/PlatEMO/PlatEMO/Data/CCMO_GAN_BDG/A1_pair_cd_snapshots_run1_20260608_124730/archive_objective_snapshots/snapshots/A1_pair_cd/LIRCMOP8_BC_run1/LIRCMOP8_BC_run1_targetFE050000_A1_pair_cd_archive_training.csv,/Users/lanai/Code/Matlab/PlatEMO/PlatEMO/Data/CCMO_GAN_BDG/A1_pair_cd_snapshots_run1_20260608_124730/archive_objective_snapshots/figures/A1_pair_cd/LIRCMOP8_BC/A1_pair_cd_LIRCMOP8_BC_run1_FE050000_AF_GAN_objective.png
A1_pair_cd,global_af_nd,af_not_dominates_ai,pair_cd_conditioned,,LIRCMOP8_BC,1,60000,60120,294,260,260,/Users/lanai/Code/Matlab/PlatEMO/PlatEMO/Data/CCMO_GAN_BDG/A1_pair_cd_snapshots_run1_20260608_124730/archive_objective_snapshots/snapshots/A1_pair_cd/LIRCMOP8_BC_run1/LIRCMOP8_BC_run1_targetFE060000_A1_pair_cd_archive_training.csv,/Users/lanai/Code/Matlab/PlatEMO/PlatEMO/Data/CCMO_GAN_BDG/A1_pair_cd_snapshots_run1_20260608_124730/archive_objective_snapshots/figures/A1_pair_cd/LIRCMOP8_BC/A1_pair_cd_LIRCMOP8_BC_run1_FE060000_AF_GAN_objective.png
A1_pair_cd,global_af_nd,af_not_dominates_ai,pair_cd_conditioned,,LIRCMOP8_BC,1,70000,70020,343,315,315,/Users/lanai/Code/Matlab/PlatEMO/PlatEMO/Data/CCMO_GAN_BDG/A1_pair_cd_snapshots_run1_20260608_124730/archive_objective_snapshots/snapshots/A1_pair_cd/LIRCMOP8_BC_run1/LIRCMOP8_BC_run1_targetFE070000_A1_pair_cd_archive_training.csv,/Users/lanai/Code/Matlab/PlatEMO/PlatEMO/Data/CCMO_GAN_BDG/A1_pair_cd_snapshots_run1_20260608_124730/archive_objective_snapshots/figures/A1_pair_cd/LIRCMOP8_BC/A1_pair_cd_LIRCMOP8_BC_run1_FE070000_AF_GAN_objective.png
A1_pair_cd,global_af_nd,af_not_dominates_ai,pair_cd_conditioned,,LIRCMOP8_BC,1,80000,80120,392,340,340,/Users/lanai/Code/Matlab/PlatEMO/PlatEMO/Data/CCMO_GAN_BDG/A1_pair_cd_snapshots_run1_20260608_124730/archive_objective_snapshots/snapshots/A1_pair_cd/LIRCMOP8_BC_run1/LIRCMOP8_BC_run1_targetFE080000_A1_pair_cd_archive_training.csv,/Users/lanai/Code/Matlab/PlatEMO/PlatEMO/Data/CCMO_GAN_BDG/A1_pair_cd_snapshots_run1_20260608_124730/archive_objective_snapshots/figures/A1_pair_cd/LIRCMOP8_BC/A1_pair_cd_LIRCMOP8_BC_run1_FE080000_AF_GAN_objective.png
A1_pair_cd,global_af_nd,af_not_dominates_ai,pair_cd_conditioned,,LIRCMOP8_BC,1,90000,90020,441,298,298,/Users/lanai/Code/Matlab/PlatEMO/PlatEMO/Data/CCMO_GAN_BDG/A1_pair_cd_snapshots_run1_20260608_124730/archive_objective_snapshots/snapshots/A1_pair_cd/LIRCMOP8_BC_run1/LIRCMOP8_BC_run1_targetFE090000_A1_pair_cd_archive_training.csv,/Users/lanai/Code/Matlab/PlatEMO/PlatEMO/Data/CCMO_GAN_BDG/A1_pair_cd_snapshots_run1_20260608_124730/archive_objective_snapshots/figures/A1_pair_cd/LIRCMOP8_BC/A1_pair_cd_LIRCMOP8_BC_run1_FE090000_AF_GAN_objective.png
A1_pair_cd,global_af_nd,af_not_dominates_ai,pair_cd_conditioned,,LIRCMOP8_BC,1,100000,100120,491,349,349,/Users/lanai/Code/Matlab/PlatEMO/PlatEMO/Data/CCMO_GAN_BDG/A1_pair_cd_snapshots_run1_20260608_124730/archive_objective_snapshots/snapshots/A1_pair_cd/LIRCMOP8_BC_run1/LIRCMOP8_BC_run1_targetFE100000_A1_pair_cd_archive_training.csv,/Users/lanai/Code/Matlab/PlatEMO/PlatEMO/Data/CCMO_GAN_BDG/A1_pair_cd_snapshots_run1_20260608_124730/archive_objective_snapshots/figures/A1_pair_cd/LIRCMOP8_BC/A1_pair_cd_LIRCMOP8_BC_run1_FE100000_AF_GAN_objective.png
A1_pair_cd,global_af_nd,af_not_dominates_ai,pair_cd_conditioned,,LIRCMOP9_BC,1,10000,10060,49,51,51,/Users/lanai/Code/Matlab/PlatEMO/PlatEMO/Data/CCMO_GAN_BDG/A1_pair_cd_snapshots_run1_20260608_124730/archive_objective_snapshots/snapshots/A1_pair_cd/LIRCMOP9_BC_run1/LIRCMOP9_BC_run1_targetFE010000_A1_pair_cd_archive_training.csv,/Users/lanai/Code/Matlab/PlatEMO/PlatEMO/Data/CCMO_GAN_BDG/A1_pair_cd_snapshots_run1_20260608_124730/archive_objective_snapshots/figures/A1_pair_cd/LIRCMOP9_BC/A1_pair_cd_LIRCMOP9_BC_run1_FE010000_AF_GAN_objective.png
A1_pair_cd,global_af_nd,af_not_dominates_ai,pair_cd_conditioned,,LIRCMOP9_BC,1,20000,20160,98,44,44,/Users/lanai/Code/Matlab/PlatEMO/PlatEMO/Data/CCMO_GAN_BDG/A1_pair_cd_snapshots_run1_20260608_124730/archive_objective_snapshots/snapshots/A1_pair_cd/LIRCMOP9_BC_run1/LIRCMOP9_BC_run1_targetFE020000_A1_pair_cd_archive_training.csv,/Users/lanai/Code/Matlab/PlatEMO/PlatEMO/Data/CCMO_GAN_BDG/A1_pair_cd_snapshots_run1_20260608_124730/archive_objective_snapshots/figures/A1_pair_cd/LIRCMOP9_BC/A1_pair_cd_LIRCMOP9_BC_run1_FE020000_AF_GAN_objective.png
A1_pair_cd,global_af_nd,af_not_dominates_ai,pair_cd_conditioned,,LIRCMOP9_BC,1,30000,30060,147,56,56,/Users/lanai/Code/Matlab/PlatEMO/PlatEMO/Data/CCMO_GAN_BDG/A1_pair_cd_snapshots_run1_20260608_124730/archive_objective_snapshots/snapshots/A1_pair_cd/LIRCMOP9_BC_run1/LIRCMOP9_BC_run1_targetFE030000_A1_pair_cd_archive_training.csv,/Users/lanai/Code/Matlab/PlatEMO/PlatEMO/Data/CCMO_GAN_BDG/A1_pair_cd_snapshots_run1_20260608_124730/archive_objective_snapshots/figures/A1_pair_cd/LIRCMOP9_BC/A1_pair_cd_LIRCMOP9_BC_run1_FE030000_AF_GAN_objective.png
A1_pair_cd,global_af_nd,af_not_dominates_ai,pair_cd_conditioned,,LIRCMOP9_BC,1,40000,40160,196,63,63,/Users/lanai/Code/Matlab/PlatEMO/PlatEMO/Data/CCMO_GAN_BDG/A1_pair_cd_snapshots_run1_20260608_124730/archive_objective_snapshots/snapshots/A1_pair_cd/LIRCMOP9_BC_run1/LIRCMOP9_BC_run1_targetFE040000_A1_pair_cd_archive_training.csv,/Users/lanai/Code/Matlab/PlatEMO/PlatEMO/Data/CCMO_GAN_BDG/A1_pair_cd_snapshots_run1_20260608_124730/archive_objective_snapshots/figures/A1_pair_cd/LIRCMOP9_BC/A1_pair_cd_LIRCMOP9_BC_run1_FE040000_AF_GAN_objective.png
A1_pair_cd,global_af_nd,af_not_dominates_ai,pair_cd_conditioned,,LIRCMOP9_BC,1,50000,50060,245,47,47,/Users/lanai/Code/Matlab/PlatEMO/PlatEMO/Data/CCMO_GAN_BDG/A1_pair_cd_snapshots_run1_20260608_124730/archive_objective_snapshots/snapshots/A1_pair_cd/LIRCMOP9_BC_run1/LIRCMOP9_BC_run1_targetFE050000_A1_pair_cd_archive_training.csv,/Users/lanai/Code/Matlab/PlatEMO/PlatEMO/Data/CCMO_GAN_BDG/A1_pair_cd_snapshots_run1_20260608_124730/archive_objective_snapshots/figures/A1_pair_cd/LIRCMOP9_BC/A1_pair_cd_LIRCMOP9_BC_run1_FE050000_AF_GAN_objective.png
A1_pair_cd,global_af_nd,af_not_dominates_ai,pair_cd_conditioned,,LIRCMOP9_BC,1,60000,60160,294,65,65,/Users/lanai/Code/Matlab/PlatEMO/PlatEMO/Data/CCMO_GAN_BDG/A1_pair_cd_snapshots_run1_20260608_124730/archive_objective_snapshots/snapshots/A1_pair_cd/LIRCMOP9_BC_run1/LIRCMOP9_BC_run1_targetFE060000_A1_pair_cd_archive_training.csv,/Users/lanai/Code/Matlab/PlatEMO/PlatEMO/Data/CCMO_GAN_BDG/A1_pair_cd_snapshots_run1_20260608_124730/archive_objective_snapshots/figures/A1_pair_cd/LIRCMOP9_BC/A1_pair_cd_LIRCMOP9_BC_run1_FE060000_AF_GAN_objective.png
A1_pair_cd,global_af_nd,af_not_dominates_ai,pair_cd_conditioned,,LIRCMOP9_BC,1,70000,70060,343,76,76,/Users/lanai/Code/Matlab/PlatEMO/PlatEMO/Data/CCMO_GAN_BDG/A1_pair_cd_snapshots_run1_20260608_124730/archive_objective_snapshots/snapshots/A1_pair_cd/LIRCMOP9_BC_run1/LIRCMOP9_BC_run1_targetFE070000_A1_pair_cd_archive_training.csv,/Users/lanai/Code/Matlab/PlatEMO/PlatEMO/Data/CCMO_GAN_BDG/A1_pair_cd_snapshots_run1_20260608_124730/archive_objective_snapshots/figures/A1_pair_cd/LIRCMOP9_BC/A1_pair_cd_LIRCMOP9_BC_run1_FE070000_AF_GAN_objective.png
A1_pair_cd,global_af_nd,af_not_dominates_ai,pair_cd_conditioned,,LIRCMOP9_BC,1,80000,80160,392,87,87,/Users/lanai/Code/Matlab/PlatEMO/PlatEMO/Data/CCMO_GAN_BDG/A1_pair_cd_snapshots_run1_20260608_124730/archive_objective_snapshots/snapshots/A1_pair_cd/LIRCMOP9_BC_run1/LIRCMOP9_BC_run1_targetFE080000_A1_pair_cd_archive_training.csv,/Users/lanai/Code/Matlab/PlatEMO/PlatEMO/Data/CCMO_GAN_BDG/A1_pair_cd_snapshots_run1_20260608_124730/archive_objective_snapshots/figures/A1_pair_cd/LIRCMOP9_BC/A1_pair_cd_LIRCMOP9_BC_run1_FE080000_AF_GAN_objective.png
A1_pair_cd,global_af_nd,af_not_dominates_ai,pair_cd_conditioned,,LIRCMOP9_BC,1,90000,90060,441,93,93,/Users/lanai/Code/Matlab/PlatEMO/PlatEMO/Data/CCMO_GAN_BDG/A1_pair_cd_snapshots_run1_20260608_124730/archive_objective_snapshots/snapshots/A1_pair_cd/LIRCMOP9_BC_run1/LIRCMOP9_BC_run1_targetFE090000_A1_pair_cd_archive_training.csv,/Users/lanai/Code/Matlab/PlatEMO/PlatEMO/Data/CCMO_GAN_BDG/A1_pair_cd_snapshots_run1_20260608_124730/archive_objective_snapshots/figures/A1_pair_cd/LIRCMOP9_BC/A1_pair_cd_LIRCMOP9_BC_run1_FE090000_AF_GAN_objective.png
A1_pair_cd,global_af_nd,af_not_dominates_ai,pair_cd_conditioned,,LIRCMOP9_BC,1,100000,100160,491,95,95,/Users/lanai/Code/Matlab/PlatEMO/PlatEMO/Data/CCMO_GAN_BDG/A1_pair_cd_snapshots_run1_20260608_124730/archive_objective_snapshots/snapshots/A1_pair_cd/LIRCMOP9_BC_run1/LIRCMOP9_BC_run1_targetFE100000_A1_pair_cd_archive_training.csv,/Users/lanai/Code/Matlab/PlatEMO/PlatEMO/Data/CCMO_GAN_BDG/A1_pair_cd_snapshots_run1_20260608_124730/archive_objective_snapshots/figures/A1_pair_cd/LIRCMOP9_BC/A1_pair_cd_LIRCMOP9_BC_run1_FE100000_AF_GAN_objective.png
A1_pair_cd,global_af_nd,af_not_dominates_ai,pair_cd_conditioned,,LIRCMOP10_BC,1,10000,10060,49,65,65,/Users/lanai/Code/Matlab/PlatEMO/PlatEMO/Data/CCMO_GAN_BDG/A1_pair_cd_snapshots_run1_20260608_124730/archive_objective_snapshots/snapshots/A1_pair_cd/LIRCMOP10_BC_run1/LIRCMOP10_BC_run1_targetFE010000_A1_pair_cd_archive_training.csv,/Users/lanai/Code/Matlab/PlatEMO/PlatEMO/Data/CCMO_GAN_BDG/A1_pair_cd_snapshots_run1_20260608_124730/archive_objective_snapshots/figures/A1_pair_cd/LIRCMOP10_BC/A1_pair_cd_LIRCMOP10_BC_run1_FE010000_AF_GAN_objective.png
A1_pair_cd,global_af_nd,af_not_dominates_ai,pair_cd_conditioned,,LIRCMOP10_BC,1,20000,20160,98,66,66,/Users/lanai/Code/Matlab/PlatEMO/PlatEMO/Data/CCMO_GAN_BDG/A1_pair_cd_snapshots_run1_20260608_124730/archive_objective_snapshots/snapshots/A1_pair_cd/LIRCMOP10_BC_run1/LIRCMOP10_BC_run1_targetFE020000_A1_pair_cd_archive_training.csv,/Users/lanai/Code/Matlab/PlatEMO/PlatEMO/Data/CCMO_GAN_BDG/A1_pair_cd_snapshots_run1_20260608_124730/archive_objective_snapshots/figures/A1_pair_cd/LIRCMOP10_BC/A1_pair_cd_LIRCMOP10_BC_run1_FE020000_AF_GAN_objective.png
A1_pair_cd,global_af_nd,af_not_dominates_ai,pair_cd_conditioned,,LIRCMOP10_BC,1,30000,30060,147,94,94,/Users/lanai/Code/Matlab/PlatEMO/PlatEMO/Data/CCMO_GAN_BDG/A1_pair_cd_snapshots_run1_20260608_124730/archive_objective_snapshots/snapshots/A1_pair_cd/LIRCMOP10_BC_run1/LIRCMOP10_BC_run1_targetFE030000_A1_pair_cd_archive_training.csv,/Users/lanai/Code/Matlab/PlatEMO/PlatEMO/Data/CCMO_GAN_BDG/A1_pair_cd_snapshots_run1_20260608_124730/archive_objective_snapshots/figures/A1_pair_cd/LIRCMOP10_BC/A1_pair_cd_LIRCMOP10_BC_run1_FE030000_AF_GAN_objective.png
A1_pair_cd,global_af_nd,af_not_dominates_ai,pair_cd_conditioned,,LIRCMOP10_BC,1,40000,40160,196,134,134,/Users/lanai/Code/Matlab/PlatEMO/PlatEMO/Data/CCMO_GAN_BDG/A1_pair_cd_snapshots_run1_20260608_124730/archive_objective_snapshots/snapshots/A1_pair_cd/LIRCMOP10_BC_run1/LIRCMOP10_BC_run1_targetFE040000_A1_pair_cd_archive_training.csv,/Users/lanai/Code/Matlab/PlatEMO/PlatEMO/Data/CCMO_GAN_BDG/A1_pair_cd_snapshots_run1_20260608_124730/archive_objective_snapshots/figures/A1_pair_cd/LIRCMOP10_BC/A1_pair_cd_LIRCMOP10_BC_run1_FE040000_AF_GAN_objective.png
A1_pair_cd,global_af_nd,af_not_dominates_ai,pair_cd_conditioned,,LIRCMOP10_BC,1,50000,50060,245,148,148,/Users/lanai/Code/Matlab/PlatEMO/PlatEMO/Data/CCMO_GAN_BDG/A1_pair_cd_snapshots_run1_20260608_124730/archive_objective_snapshots/snapshots/A1_pair_cd/LIRCMOP10_BC_run1/LIRCMOP10_BC_run1_targetFE050000_A1_pair_cd_archive_training.csv,/Users/lanai/Code/Matlab/PlatEMO/PlatEMO/Data/CCMO_GAN_BDG/A1_pair_cd_snapshots_run1_20260608_124730/archive_objective_snapshots/figures/A1_pair_cd/LIRCMOP10_BC/A1_pair_cd_LIRCMOP10_BC_run1_FE050000_AF_GAN_objective.png
A1_pair_cd,global_af_nd,af_not_dominates_ai,pair_cd_conditioned,,LIRCMOP10_BC,1,60000,60160,294,152,152,/Users/lanai/Code/Matlab/PlatEMO/PlatEMO/Data/CCMO_GAN_BDG/A1_pair_cd_snapshots_run1_20260608_124730/archive_objective_snapshots/snapshots/A1_pair_cd/LIRCMOP10_BC_run1/LIRCMOP10_BC_run1_targetFE060000_A1_pair_cd_archive_training.csv,/Users/lanai/Code/Matlab/PlatEMO/PlatEMO/Data/CCMO_GAN_BDG/A1_pair_cd_snapshots_run1_20260608_124730/archive_objective_snapshots/figures/A1_pair_cd/LIRCMOP10_BC/A1_pair_cd_LIRCMOP10_BC_run1_FE060000_AF_GAN_objective.png
A1_pair_cd,global_af_nd,af_not_dominates_ai,pair_cd_conditioned,,LIRCMOP10_BC,1,70000,70060,343,173,173,/Users/lanai/Code/Matlab/PlatEMO/PlatEMO/Data/CCMO_GAN_BDG/A1_pair_cd_snapshots_run1_20260608_124730/archive_objective_snapshots/snapshots/A1_pair_cd/LIRCMOP10_BC_run1/LIRCMOP10_BC_run1_targetFE070000_A1_pair_cd_archive_training.csv,/Users/lanai/Code/Matlab/PlatEMO/PlatEMO/Data/CCMO_GAN_BDG/A1_pair_cd_snapshots_run1_20260608_124730/archive_objective_snapshots/figures/A1_pair_cd/LIRCMOP10_BC/A1_pair_cd_LIRCMOP10_BC_run1_FE070000_AF_GAN_objective.png
A1_pair_cd,global_af_nd,af_not_dominates_ai,pair_cd_conditioned,,LIRCMOP10_BC,1,80000,80160,392,166,166,/Users/lanai/Code/Matlab/PlatEMO/PlatEMO/Data/CCMO_GAN_BDG/A1_pair_cd_snapshots_run1_20260608_124730/archive_objective_snapshots/snapshots/A1_pair_cd/LIRCMOP10_BC_run1/LIRCMOP10_BC_run1_targetFE080000_A1_pair_cd_archive_training.csv,/Users/lanai/Code/Matlab/PlatEMO/PlatEMO/Data/CCMO_GAN_BDG/A1_pair_cd_snapshots_run1_20260608_124730/archive_objective_snapshots/figures/A1_pair_cd/LIRCMOP10_BC/A1_pair_cd_LIRCMOP10_BC_run1_FE080000_AF_GAN_objective.png
A1_pair_cd,global_af_nd,af_not_dominates_ai,pair_cd_conditioned,,LIRCMOP10_BC,1,90000,90060,441,218,218,/Users/lanai/Code/Matlab/PlatEMO/PlatEMO/Data/CCMO_GAN_BDG/A1_pair_cd_snapshots_run1_20260608_124730/archive_objective_snapshots/snapshots/A1_pair_cd/LIRCMOP10_BC_run1/LIRCMOP10_BC_run1_targetFE090000_A1_pair_cd_archive_training.csv,/Users/lanai/Code/Matlab/PlatEMO/PlatEMO/Data/CCMO_GAN_BDG/A1_pair_cd_snapshots_run1_20260608_124730/archive_objective_snapshots/figures/A1_pair_cd/LIRCMOP10_BC/A1_pair_cd_LIRCMOP10_BC_run1_FE090000_AF_GAN_objective.png
A1_pair_cd,global_af_nd,af_not_dominates_ai,pair_cd_conditioned,,LIRCMOP10_BC,1,100000,100160,491,224,224,/Users/lanai/Code/Matlab/PlatEMO/PlatEMO/Data/CCMO_GAN_BDG/A1_pair_cd_snapshots_run1_20260608_124730/archive_objective_snapshots/snapshots/A1_pair_cd/LIRCMOP10_BC_run1/LIRCMOP10_BC_run1_targetFE100000_A1_pair_cd_archive_training.csv,/Users/lanai/Code/Matlab/PlatEMO/PlatEMO/Data/CCMO_GAN_BDG/A1_pair_cd_snapshots_run1_20260608_124730/archive_objective_snapshots/figures/A1_pair_cd/LIRCMOP10_BC/A1_pair_cd_LIRCMOP10_BC_run1_FE100000_AF_GAN_objective.png
